DATAFLOW,BBK_STD_FREQ,BBK_STD_AREA,BBK_STD_ADJUSTMENT,BBK_DOES_CONCEPT,BBK_DOES_CLASSIFICATION,BBK_DOES_PROCESSING,BBK_PRICEUNIT,BBK_DO_BASIS,BBK_DO_SUFFIX,TIME_PERIOD,OBS_VALUE,TIME_FORMAT,BBK_DECIMALS,BBK_ID,BBK_UNIT,BBK_UNIT_MULT,BBK_TITLE_ENG,BBK_UMR_ENG,WEB_CATEGORY,BBK_COMM_SRC_ENG,BBK_DIFF,BBK_DIFF_Y,OBS_STATUS
BBK:BBDE1(1.0),M,DE,Y,BAA1,A2P000000,G,C,I21,A,1991-01,81.5,P1M,1,BBDE1.M.DE.Y.BAA1.A2P000000.G.C.I21.A,2021=100,0,"Output in the production sector / Germany / Production sector including construction (B -D, F) / Calendar and seasonally adjusted",Average,KPPR,Calendar and seasonal adjustment based on data provided by the Federal Statistical Office,,,
BBK:BBDE1(1.0),M,DE,Y,BAA1,A2P000000,G,C,I21,A,1991-02,79.8,P1M,1,BBDE1.M.DE.Y.BAA1.A2P000000.G.C.I21.A,2021=100,0,"Output in the production sector / Germany / Production sector including construction (B -D, F) / Calendar and seasonally adjusted",Average,KPPR,Calendar and seasonal adjustment based on data provided by the Federal Statistical Office,-2.1,,
BBK:BBDE1(1.0),M,DE,Y,BAA1,A2P000000,G,C,I21,A,1991-03,79.8,P1M,1,BBDE1.M.DE.Y.BAA1.A2P000000.G.C.I21.A,2021=100,0,"Output in the production sector / Germany / Production sector including construction (B -D, F) / Calendar and seasonally adjusted",Average,KPPR,Calendar and seasonal adjustment based on data provided by the Federal Statistical Office,0.0,,
BBK:BBDE1(1.0),M,DE,Y,BAA1,A2P000000,G,C,I21,A,1991-04,79.1,P1M,1,BBDE1.M.DE.Y.BAA1.A2P000000.G.C.I21.A,2021=100,0,"Output in the production sector / Germany / Production sector including construction (B -D, F) / Calendar and seasonally adjusted",Average,KPPR,Calendar and seasonal adjustment based on data provided by the Federal Statistical Office,-0.9,,
BBK:BBDE1(1.0),M,DE,Y,BAA1,A2P000000,G,C,I21,A,1991-05,78.2,P1M,1,BBDE1.M.DE.Y.BAA1.A2P000000.G.C.I21.A,2021=100,0,"Output in the production sector / Germany / Production sector including construction (B -D, F) / Calendar and seasonally adjusted",Average,KPPR,Calendar and seasonal adjustment based on data provided by the Federal Statistical Office,-1.1,,
BBK:BBDE1(1.0),M,DE,Y,BAA1,A2P000000,G,C,I21,A,1991-06,80.6,P1M,1,BBDE1.M.DE.Y.BAA1.A2P000000.G.C.I21.A,2021=100,0,"Output in the production sector / Germany / Production sector including construction (B -D, F) / Calendar and seasonally adjusted",Average,KPPR,Calendar and seasonal adjustment based on data provided by the Federal Statistical Office,3.1,,
BBK:BBDE1(1.0),M,DE,Y,BAA1,A2P000000,G,C,I21,A,1991-07,79.0,P1M,1,BBDE1.M.DE.Y.BAA1.A2P000000.G.C.I21.A,2021=100,0,"Output in the production sector / Germany / Production sector including construction (B -D, F) / Calendar and seasonally adjusted",Average,KPPR,Calendar and seasonal adjustment based on data provided by the Federal Statistical Office,-2.0,,
BBK:BBDE1(1.0),M,DE,Y,BAA1,A2P000000,G,C,I21,A,1991-08,77.6,P1M,1,BBDE1.M.DE.Y.BAA1.A2P000000.G.C.I21.A,2021=100,0,"Output in the production sector / Germany / Production sector including construction (B -D, F) / Calendar and seasonally adjusted",Average,KPPR,Calendar and seasonal adjustment based on data provided by the Federal Statistical Office,-1.8,,
BBK:BBDE1(1.0),M,DE,Y,BAA1,A2P000000,G,C,I21,A,1991-09,77.2,P1M,1,BBDE1.M.DE.Y.BAA1.A2P000000.G.C.I21.A,2021=100,0,"Output in the production sector / Germany / Production sector including construction (B -D, F) / Calendar and seasonally adjusted",Average,KPPR,Calendar and seasonal adjustment based on data provided by the Federal Statistical Office,-0.5,,
BBK:BBDE1(1.0),M,DE,Y,BAA1,A2P000000,G,C,I21,A,1991-10,78.8,P1M,1,BBDE1.M.DE.Y.BAA1.A2P000000.G.C.I21.A,2021=100,0,"Output in the production sector / Germany / Production sector including construction (B -D, F) / Calendar and seasonally adjusted",Average,KPPR,Calendar and seasonal adjustment based on data provided by the Federal Statistical Office,2.1,,
BBK:BBDE1(1.0),M,DE,Y,BAA1,A2P000000,G,C,I21,A,1991-11,79.7,P1M,1,BBDE1.M.DE.Y.BAA1.A2P000000.G.C.I21.A,2021=100,0,"Output in the production sector / Germany / Production sector including construction (B -D, F) / Calendar and seasonally adjusted",Average,KPPR,Calendar and seasonal adjustment based on data provided by the Federal Statistical Office,1.1,,
BBK:BBDE1(1.0),M,DE,Y,BAA1,A2P000000,G,C,I21,A,1991-12,79.5,P1M,1,BBDE1.M.DE.Y.BAA1.A2P000000.G.C.I21.A,2021=100,0,"Output in the production sector / Germany / Production sector including construction (B -D, F) / Calendar and seasonally adjusted",Average,KPPR,Calendar and seasonal adjustment based on data provided by the Federal Statistical Office,-0.3,,
BBK:BBDE1(1.0),M,DE,Y,BAA1,A2P000000,G,C,I21,A,1992-01,80.7,P1M,1,BBDE1.M.DE.Y.BAA1.A2P000000.G.C.I21.A,2021=100,0,"Output in the production sector / Germany / Production sector including construction (B -D, F) / Calendar and seasonally adjusted",Average,KPPR,Calendar and seasonal adjustment based on data provided by the Federal Statistical Office,1.5,-1.0,
BBK:BBDE1(1.0),M,DE,Y,BAA1,A2P000000,G,C,I21,A,1992-02,81.9,P1M,1,BBDE1.M.DE.Y.BAA1.A2P000000.G.C.I21.A,2021=100,0,"Output in the production sector / Germany / Production sector including construction (B -D, F) / Calendar and seasonally adjusted",Average,KPPR,Calendar and seasonal adjustment based on data provided by the Federal Statistical Office,1.5,2.6,
BBK:BBDE1(1.0),M,DE,Y,BAA1,A2P000000,G,C,I21,A,1992-03,80.2,P1M,1,BBDE1.M.DE.Y.BAA1.A2P000000.G.C.I21.A,2021=100,0,"Output in the production sector / Germany / Production sector including construction (B -D, F) / Calendar and seasonally adjusted",Average,KPPR,Calendar and seasonal adjustment based on data provided by the Federal Statistical Office,-2.1,0.5,
BBK:BBDE1(1.0),M,DE,Y,BAA1,A2P000000,G,C,I21,A,1992-04,79.8,P1M,1,BBDE1.M.DE.Y.BAA1.A2P000000.G.C.I21.A,2021=100,0,"Output in the production sector / Germany / Production sector including construction (B -D, F) / Calendar and seasonally adjusted",Average,KPPR,Calendar and seasonal adjustment based on data provided by the Federal Statistical Office,-0.5,0.9,
BBK:BBDE1(1.0),M,DE,Y,BAA1,A2P000000,G,C,I21,A,1992-05,79.1,P1M,1,BBDE1.M.DE.Y.BAA1.A2P000000.G.C.I21.A,2021=100,0,"Output in the production sector / Germany / Production sector including construction (B -D, F) / Calendar and seasonally adjusted",Average,KPPR,Calendar and seasonal adjustment based on data provided by the Federal Statistical Office,-0.9,1.2,
BBK:BBDE1(1.0),M,DE,Y,BAA1,A2P000000,G,C,I21,A,1992-06,78.2,P1M,1,BBDE1.M.DE.Y.BAA1.A2P000000.G.C.I21.A,2021=100,0,"Output in the production sector / Germany / Production sector including construction (B -D, F) / Calendar and seasonally adjusted",Average,KPPR,Calendar and seasonal adjustment based on data provided by the Federal Statistical Office,-1.1,-3.0,
BBK:BBDE1(1.0),M,DE,Y,BAA1,A2P000000,G,C,I21,A,1992-07,77.1,P1M,1,BBDE1.M.DE.Y.BAA1.A2P000000.G.C.I21.A,2021=100,0,"Output in the production sector / Germany / Production sector including construction (B -D, F) / Calendar and seasonally adjusted",Average,KPPR,Calendar and seasonal adjustment based on data provided by the Federal Statistical Office,-1.4,-2.4,
BBK:BBDE1(1.0),M,DE,Y,BAA1,A2P000000,G,C,I21,A,1992-08,77.4,P1M,1,BBDE1.M.DE.Y.BAA1.A2P000000.G.C.I21.A,2021=100,0,"Output in the production sector / Germany / Production sector including construction (B -D, F) / Calendar and seasonally adjusted",Average,KPPR,Calendar and seasonal adjustment based on data provided by the Federal Statistical Office,0.4,-0.3,
BBK:BBDE1(1.0),M,DE,Y,BAA1,A2P000000,G,C,I21,A,1992-09,76.6,P1M,1,BBDE1.M.DE.Y.BAA1.A2P000000.G.C.I21.A,2021=100,0,"Output in the production sector / Germany / Production sector including construction (B -D, F) / Calendar and seasonally adjusted",Average,KPPR,Calendar and seasonal adjustment based on data provided by the Federal Statistical Office,-1.0,-0.8,
BBK:BBDE1(1.0),M,DE,Y,BAA1,A2P000000,G,C,I21,A,1992-10,76.8,P1M,1,BBDE1.M.DE.Y.BAA1.A2P000000.G.C.I21.A,2021=100,0,"Output in the production sector / Germany / Production sector including construction (B -D, F) / Calendar and seasonally adjusted",Average,KPPR,Calendar and seasonal adjustment based on data provided by the Federal Statistical Office,0.3,-2.5,
BBK:BBDE1(1.0),M,DE,Y,BAA1,A2P000000,G,C,I21,A,1992-11,75.6,P1M,1,BBDE1.M.DE.Y.BAA1.A2P000000.G.C.I21.A,2021=100,0,"Output in the production sector / Germany / Production sector including construction (B -D, F) / Calendar and seasonally adjusted",Average,KPPR,Calendar and seasonal adjustment based on data provided by the Federal Statistical Office,-1.6,-5.1,
BBK:BBDE1(1.0),M,DE,Y,BAA1,A2P000000,G,C,I21,A,1992-12,75.1,P1M,1,BBDE1.M.DE.Y.BAA1.A2P000000.G.C.I21.A,2021=100,0,"Output in the production sector / Germany / Production sector including construction (B -D, F) / Calendar and seasonally adjusted",Average,KPPR,Calendar and seasonal adjustment based on data provided by the Federal Statistical Office,-0.7,-5.5,
BBK:BBDE1(1.0),M,DE,Y,BAA1,A2P000000,G,C,I21,A,1993-01,74.3,P1M,1,BBDE1.M.DE.Y.BAA1.A2P000000.G.C.I21.A,2021=100,0,"Output in the production sector / Germany / Production sector including construction (B -D, F) / Calendar and seasonally adjusted",Average,KPPR,Calendar and seasonal adjustment based on data provided by the Federal Statistical Office,-1.1,-7.9,
BBK:BBDE1(1.0),M,DE,Y,BAA1,A2P000000,G,C,I21,A,1993-02,73.4,P1M,1,BBDE1.M.DE.Y.BAA1.A2P000000.G.C.I21.A,2021=100,0,"Output in the production sector / Germany / Production sector including construction (B -D, F) / Calendar and seasonally adjusted",Average,KPPR,Calendar and seasonal adjustment based on data provided by the Federal Statistical Office,-1.2,-10.4,
BBK:BBDE1(1.0),M,DE,Y,BAA1,A2P000000,G,C,I21,A,1993-03,73.3,P1M,1,BBDE1.M.DE.Y.BAA1.A2P000000.G.C.I21.A,2021=100,0,"Output in the production sector / Germany / Production sector including construction (B -D, F) / Calendar and seasonally adjusted",Average,KPPR,Calendar and seasonal adjustment based on data provided by the Federal Statistical Office,-0.1,-8.6,
BBK:BBDE1(1.0),M,DE,Y,BAA1,A2P000000,G,C,I21,A,1993-04,72.8,P1M,1,BBDE1.M.DE.Y.BAA1.A2P000000.G.C.I21.A,2021=100,0,"Output in the production sector / Germany / Production sector including construction (B -D, F) / Calendar and seasonally adjusted",Average,KPPR,Calendar and seasonal adjustment based on data provided by the Federal Statistical Office,-0.7,-8.8,
BBK:BBDE1(1.0),M,DE,Y,BAA1,A2P000000,G,C,I21,A,1993-05,72.6,P1M,1,BBDE1.M.DE.Y.BAA1.A2P000000.G.C.I21.A,2021=100,0,"Output in the production sector / Germany / Production sector including construction (B -D, F) / Calendar and seasonally adjusted",Average,KPPR,Calendar and seasonal adjustment based on data provided by the Federal Statistical Office,-0.3,-8.2,
BBK:BBDE1(1.0),M,DE,Y,BAA1,A2P000000,G,C,I21,A,1993-06,72.5,P1M,1,BBDE1.M.DE.Y.BAA1.A2P000000.G.C.I21.A,2021=100,0,"Output in the production sector / Germany / Production sector including construction (B -D, F) / Calendar and seasonally adjusted",Average,KPPR,Calendar and seasonal adjustment based on data provided by the Federal Statistical Office,-0.1,-7.3,
BBK:BBDE1(1.0),M,DE,Y,BAA1,A2P000000,G,C,I21,A,1993-07,70.9,P1M,1,BBDE1.M.DE.Y.BAA1.A2P000000.G.C.I21.A,2021=100,0,"Output in the production sector / Germany / Production sector including construction (B -D, F) / Calendar and seasonally adjusted",Average,KPPR,Calendar and seasonal adjustment based on data provided by the Federal Statistical Office,-2.2,-8.0,
BBK:BBDE1(1.0),M,DE,Y,BAA1,A2P000000,G,C,I21,A,1993-08,73.8,P1M,1,BBDE1.M.DE.Y.BAA1.A2P000000.G.C.I21.A,2021=100,0,"Output in the production sector / Germany / Production sector including construction (B -D, F) / Calendar and seasonally adjusted",Average,KPPR,Calendar and seasonal adjustment based on data provided by the Federal Statistical Office,4.1,-4.7,
BBK:BBDE1(1.0),M,DE,Y,BAA1,A2P000000,G,C,I21,A,1993-09,73.2,P1M,1,BBDE1.M.DE.Y.BAA1.A2P000000.G.C.I21.A,2021=100,0,"Output in the production sector / Germany / Production sector including construction (B -D, F) / Calendar and seasonally adjusted",Average,KPPR,Calendar and seasonal adjustment based on data provided by the Federal Statistical Office,-0.8,-4.4,
BBK:BBDE1(1.0),M,DE,Y,BAA1,A2P000000,G,C,I21,A,1993-10,73.4,P1M,1,BBDE1.M.DE.Y.BAA1.A2P000000.G.C.I21.A,2021=100,0,"Output in the production sector / Germany / Production sector including construction (B -D, F) / Calendar and seasonally adjusted",Average,KPPR,Calendar and seasonal adjustment based on data provided by the Federal Statistical Office,0.3,-4.4,
BBK:BBDE1(1.0),M,DE,Y,BAA1,A2P000000,G,C,I21,A,1993-11,72.8,P1M,1,BBDE1.M.DE.Y.BAA1.A2P000000.G.C.I21.A,2021=100,0,"Output in the production sector / Germany / Production sector including construction (B -D, F) / Calendar and seasonally adjusted",Average,KPPR,Calendar and seasonal adjustment based on data provided by the Federal Statistical Office,-0.8,-3.7,
BBK:BBDE1(1.0),M,DE,Y,BAA1,A2P000000,G,C,I21,A,1993-12,73.4,P1M,1,BBDE1.M.DE.Y.BAA1.A2P000000.G.C.I21.A,2021=100,0,"Output in the production sector / Germany / Production sector including construction (B -D, F) / Calendar and seasonally adjusted",Average,KPPR,Calendar and seasonal adjustment based on data provided by the Federal Statistical Office,0.8,-2.3,
BBK:BBDE1(1.0),M,DE,Y,BAA1,A2P000000,G,C,I21,A,1994-01,73.7,P1M,1,BBDE1.M.DE.Y.BAA1.A2P000000.G.C.I21.A,2021=100,0,"Output in the production sector / Germany / Production sector including construction (B -D, F) / Calendar and seasonally adjusted",Average,KPPR,Calendar and seasonal adjustment based on data provided by the Federal Statistical Office,0.4,-0.8,
BBK:BBDE1(1.0),M,DE,Y,BAA1,A2P000000,G,C,I21,A,1994-02,74.5,P1M,1,BBDE1.M.DE.Y.BAA1.A2P000000.G.C.I21.A,2021=100,0,"Output in the production sector / Germany / Production sector including construction (B -D, F) / Calendar and seasonally adjusted",Average,KPPR,Calendar and seasonal adjustment based on data provided by the Federal Statistical Office,1.1,1.5,
BBK:BBDE1(1.0),M,DE,Y,BAA1,A2P000000,G,C,I21,A,1994-03,74.6,P1M,1,BBDE1.M.DE.Y.BAA1.A2P000000.G.C.I21.A,2021=100,0,"Output in the production sector / Germany / Production sector including construction (B -D, F) / Calendar and seasonally adjusted",Average,KPPR,Calendar and seasonal adjustment based on data provided by the Federal Statistical Office,0.1,1.8,
BBK:BBDE1(1.0),M,DE,Y,BAA1,A2P000000,G,C,I21,A,1994-04,75.2,P1M,1,BBDE1.M.DE.Y.BAA1.A2P000000.G.C.I21.A,2021=100,0,"Output in the production sector / Germany / Production sector including construction (B -D, F) / Calendar and seasonally adjusted",Average,KPPR,Calendar and seasonal adjustment based on data provided by the Federal Statistical Office,0.8,3.3,
BBK:BBDE1(1.0),M,DE,Y,BAA1,A2P000000,G,C,I21,A,1994-05,75.2,P1M,1,BBDE1.M.DE.Y.BAA1.A2P000000.G.C.I21.A,2021=100,0,"Output in the production sector / Germany / Production sector including construction (B -D, F) / Calendar and seasonally adjusted",Average,KPPR,Calendar and seasonal adjustment based on data provided by the Federal Statistical Office,0.0,3.6,
BBK:BBDE1(1.0),M,DE,Y,BAA1,A2P000000,G,C,I21,A,1994-06,75.4,P1M,1,BBDE1.M.DE.Y.BAA1.A2P000000.G.C.I21.A,2021=100,0,"Output in the production sector / Germany / Production sector including construction (B -D, F) / Calendar and seasonally adjusted",Average,KPPR,Calendar and seasonal adjustment based on data provided by the Federal Statistical Office,0.3,4.0,
BBK:BBDE1(1.0),M,DE,Y,BAA1,A2P000000,G,C,I21,A,1994-07,74.9,P1M,1,BBDE1.M.DE.Y.BAA1.A2P000000.G.C.I21.A,2021=100,0,"Output in the production sector / Germany / Production sector including construction (B -D, F) / Calendar and seasonally adjusted",Average,KPPR,Calendar and seasonal adjustment based on data provided by the Federal Statistical Office,-0.7,5.6,
BBK:BBDE1(1.0),M,DE,Y,BAA1,A2P000000,G,C,I21,A,1994-08,75.3,P1M,1,BBDE1.M.DE.Y.BAA1.A2P000000.G.C.I21.A,2021=100,0,"Output in the production sector / Germany / Production sector including construction (B -D, F) / Calendar and seasonally adjusted",Average,KPPR,Calendar and seasonal adjustment based on data provided by the Federal Statistical Office,0.5,2.0,
BBK:BBDE1(1.0),M,DE,Y,BAA1,A2P000000,G,C,I21,A,1994-09,75.9,P1M,1,BBDE1.M.DE.Y.BAA1.A2P000000.G.C.I21.A,2021=100,0,"Output in the production sector / Germany / Production sector including construction (B -D, F) / Calendar and seasonally adjusted",Average,KPPR,Calendar and seasonal adjustment based on data provided by the Federal Statistical Office,0.8,3.7,
BBK:BBDE1(1.0),M,DE,Y,BAA1,A2P000000,G,C,I21,A,1994-10,77.6,P1M,1,BBDE1.M.DE.Y.BAA1.A2P000000.G.C.I21.A,2021=100,0,"Output in the production sector / Germany / Production sector including construction (B -D, F) / Calendar and seasonally adjusted",Average,KPPR,Calendar and seasonal adjustment based on data provided by the Federal Statistical Office,2.2,5.7,
BBK:BBDE1(1.0),M,DE,Y,BAA1,A2P000000,G,C,I21,A,1994-11,77.7,P1M,1,BBDE1.M.DE.Y.BAA1.A2P000000.G.C.I21.A,2021=100,0,"Output in the production sector / Germany / Production sector including construction (B -D, F) / Calendar and seasonally adjusted",Average,KPPR,Calendar and seasonal adjustment based on data provided by the Federal Statistical Office,0.1,6.7,
BBK:BBDE1(1.0),M,DE,Y,BAA1,A2P000000,G,C,I21,A,1994-12,77.8,P1M,1,BBDE1.M.DE.Y.BAA1.A2P000000.G.C.I21.A,2021=100,0,"Output in the production sector / Germany / Production sector including construction (B -D, F) / Calendar and seasonally adjusted",Average,KPPR,Calendar and seasonal adjustment based on data provided by the Federal Statistical Office,0.1,6.0,
BBK:BBDE1(1.0),M,DE,Y,BAA1,A2P000000,G,C,I21,A,1995-01,75.3,P1M,1,BBDE1.M.DE.Y.BAA1.A2P000000.G.C.I21.A,2021=100,0,"Output in the production sector / Germany / Production sector including construction (B -D, F) / Calendar and seasonally adjusted",Average,KPPR,Calendar and seasonal adjustment based on data provided by the Federal Statistical Office,-3.2,2.2,
BBK:BBDE1(1.0),M,DE,Y,BAA1,A2P000000,G,C,I21,A,1995-02,77.7,P1M,1,BBDE1.M.DE.Y.BAA1.A2P000000.G.C.I21.A,2021=100,0,"Output in the production sector / Germany / Production sector including construction (B -D, F) / Calendar and seasonally adjusted",Average,KPPR,Calendar and seasonal adjustment based on data provided by the Federal Statistical Office,3.2,4.3,
BBK:BBDE1(1.0),M,DE,Y,BAA1,A2P000000,G,C,I21,A,1995-03,76.6,P1M,1,BBDE1.M.DE.Y.BAA1.A2P000000.G.C.I21.A,2021=100,0,"Output in the production sector / Germany / Production sector including construction (B -D, F) / Calendar and seasonally adjusted",Average,KPPR,Calendar and seasonal adjustment based on data provided by the Federal Statistical Office,-1.4,2.7,
BBK:BBDE1(1.0),M,DE,Y,BAA1,A2P000000,G,C,I21,A,1995-04,77.0,P1M,1,BBDE1.M.DE.Y.BAA1.A2P000000.G.C.I21.A,2021=100,0,"Output in the production sector / Germany / Production sector including construction (B -D, F) / Calendar and seasonally adjusted",Average,KPPR,Calendar and seasonal adjustment based on data provided by the Federal Statistical Office,0.5,2.4,
BBK:BBDE1(1.0),M,DE,Y,BAA1,A2P000000,G,C,I21,A,1995-05,77.5,P1M,1,BBDE1.M.DE.Y.BAA1.A2P000000.G.C.I21.A,2021=100,0,"Output in the production sector / Germany / Production sector including construction (B -D, F) / Calendar and seasonally adjusted",Average,KPPR,Calendar and seasonal adjustment based on data provided by the Federal Statistical Office,0.6,3.1,
BBK:BBDE1(1.0),M,DE,Y,BAA1,A2P000000,G,C,I21,A,1995-06,76.6,P1M,1,BBDE1.M.DE.Y.BAA1.A2P000000.G.C.I21.A,2021=100,0,"Output in the production sector / Germany / Production sector including construction (B -D, F) / Calendar and seasonally adjusted",Average,KPPR,Calendar and seasonal adjustment based on data provided by the Federal Statistical Office,-1.2,1.6,
BBK:BBDE1(1.0),M,DE,Y,BAA1,A2P000000,G,C,I21,A,1995-07,76.4,P1M,1,BBDE1.M.DE.Y.BAA1.A2P000000.G.C.I21.A,2021=100,0,"Output in the production sector / Germany / Production sector including construction (B -D, F) / Calendar and seasonally adjusted",Average,KPPR,Calendar and seasonal adjustment based on data provided by the Federal Statistical Office,-0.3,2.0,
BBK:BBDE1(1.0),M,DE,Y,BAA1,A2P000000,G,C,I21,A,1995-08,75.6,P1M,1,BBDE1.M.DE.Y.BAA1.A2P000000.G.C.I21.A,2021=100,0,"Output in the production sector / Germany / Production sector including construction (B -D, F) / Calendar and seasonally adjusted",Average,KPPR,Calendar and seasonal adjustment based on data provided by the Federal Statistical Office,-1.0,0.4,
BBK:BBDE1(1.0),M,DE,Y,BAA1,A2P000000,G,C,I21,A,1995-09,76.6,P1M,1,BBDE1.M.DE.Y.BAA1.A2P000000.G.C.I21.A,2021=100,0,"Output in the production sector / Germany / Production sector including construction (B -D, F) / Calendar and seasonally adjusted",Average,KPPR,Calendar and seasonal adjustment based on data provided by the Federal Statistical Office,1.3,0.9,
BBK:BBDE1(1.0),M,DE,Y,BAA1,A2P000000,G,C,I21,A,1995-10,75.0,P1M,1,BBDE1.M.DE.Y.BAA1.A2P000000.G.C.I21.A,2021=100,0,"Output in the production sector / Germany / Production sector including construction (B -D, F) / Calendar and seasonally adjusted",Average,KPPR,Calendar and seasonal adjustment based on data provided by the Federal Statistical Office,-2.1,-3.4,
BBK:BBDE1(1.0),M,DE,Y,BAA1,A2P000000,G,C,I21,A,1995-11,75.6,P1M,1,BBDE1.M.DE.Y.BAA1.A2P000000.G.C.I21.A,2021=100,0,"Output in the production sector / Germany / Production sector including construction (B -D, F) / Calendar and seasonally adjusted",Average,KPPR,Calendar and seasonal adjustment based on data provided by the Federal Statistical Office,0.8,-2.7,
BBK:BBDE1(1.0),M,DE,Y,BAA1,A2P000000,G,C,I21,A,1995-12,75.1,P1M,1,BBDE1.M.DE.Y.BAA1.A2P000000.G.C.I21.A,2021=100,0,"Output in the production sector / Germany / Production sector including construction (B -D, F) / Calendar and seasonally adjusted",Average,KPPR,Calendar and seasonal adjustment based on data provided by the Federal Statistical Office,-0.7,-3.5,
BBK:BBDE1(1.0),M,DE,Y,BAA1,A2P000000,G,C,I21,A,1996-01,74.1,P1M,1,BBDE1.M.DE.Y.BAA1.A2P000000.G.C.I21.A,2021=100,0,"Output in the production sector / Germany / Production sector including construction (B -D, F) / Calendar and seasonally adjusted",Average,KPPR,Calendar and seasonal adjustment based on data provided by the Federal Statistical Office,-1.3,-1.6,
BBK:BBDE1(1.0),M,DE,Y,BAA1,A2P000000,G,C,I21,A,1996-02,73.2,P1M,1,BBDE1.M.DE.Y.BAA1.A2P000000.G.C.I21.A,2021=100,0,"Output in the production sector / Germany / Production sector including construction (B -D, F) / Calendar and seasonally adjusted",Average,KPPR,Calendar and seasonal adjustment based on data provided by the Federal Statistical Office,-1.2,-5.8,
BBK:BBDE1(1.0),M,DE,Y,BAA1,A2P000000,G,C,I21,A,1996-03,74.7,P1M,1,BBDE1.M.DE.Y.BAA1.A2P000000.G.C.I21.A,2021=100,0,"Output in the production sector / Germany / Production sector including construction (B -D, F) / Calendar and seasonally adjusted",Average,KPPR,Calendar and seasonal adjustment based on data provided by the Federal Statistical Office,2.0,-2.5,
BBK:BBDE1(1.0),M,DE,Y,BAA1,A2P000000,G,C,I21,A,1996-04,75.4,P1M,1,BBDE1.M.DE.Y.BAA1.A2P000000.G.C.I21.A,2021=100,0,"Output in the production sector / Germany / Production sector including construction (B -D, F) / Calendar and seasonally adjusted",Average,KPPR,Calendar and seasonal adjustment based on data provided by the Federal Statistical Office,0.9,-2.1,
BBK:BBDE1(1.0),M,DE,Y,BAA1,A2P000000,G,C,I21,A,1996-05,76.2,P1M,1,BBDE1.M.DE.Y.BAA1.A2P000000.G.C.I21.A,2021=100,0,"Output in the production sector / Germany / Production sector including construction (B -D, F) / Calendar and seasonally adjusted",Average,KPPR,Calendar and seasonal adjustment based on data provided by the Federal Statistical Office,1.1,-1.7,
BBK:BBDE1(1.0),M,DE,Y,BAA1,A2P000000,G,C,I21,A,1996-06,76.3,P1M,1,BBDE1.M.DE.Y.BAA1.A2P000000.G.C.I21.A,2021=100,0,"Output in the production sector / Germany / Production sector including construction (B -D, F) / Calendar and seasonally adjusted",Average,KPPR,Calendar and seasonal adjustment based on data provided by the Federal Statistical Office,0.1,-0.4,
BBK:BBDE1(1.0),M,DE,Y,BAA1,A2P000000,G,C,I21,A,1996-07,75.8,P1M,1,BBDE1.M.DE.Y.BAA1.A2P000000.G.C.I21.A,2021=100,0,"Output in the production sector / Germany / Production sector including construction (B -D, F) / Calendar and seasonally adjusted",Average,KPPR,Calendar and seasonal adjustment based on data provided by the Federal Statistical Office,-0.7,-0.8,
BBK:BBDE1(1.0),M,DE,Y,BAA1,A2P000000,G,C,I21,A,1996-08,76.7,P1M,1,BBDE1.M.DE.Y.BAA1.A2P000000.G.C.I21.A,2021=100,0,"Output in the production sector / Germany / Production sector including construction (B -D, F) / Calendar and seasonally adjusted",Average,KPPR,Calendar and seasonal adjustment based on data provided by the Federal Statistical Office,1.2,1.5,
BBK:BBDE1(1.0),M,DE,Y,BAA1,A2P000000,G,C,I21,A,1996-09,77.1,P1M,1,BBDE1.M.DE.Y.BAA1.A2P000000.G.C.I21.A,2021=100,0,"Output in the production sector / Germany / Production sector including construction (B -D, F) / Calendar and seasonally adjusted",Average,KPPR,Calendar and seasonal adjustment based on data provided by the Federal Statistical Office,0.5,0.7,
BBK:BBDE1(1.0),M,DE,Y,BAA1,A2P000000,G,C,I21,A,1996-10,75.9,P1M,1,BBDE1.M.DE.Y.BAA1.A2P000000.G.C.I21.A,2021=100,0,"Output in the production sector / Germany / Production sector including construction (B -D, F) / Calendar and seasonally adjusted",Average,KPPR,Calendar and seasonal adjustment based on data provided by the Federal Statistical Office,-1.6,1.2,
BBK:BBDE1(1.0),M,DE,Y,BAA1,A2P000000,G,C,I21,A,1996-11,76.8,P1M,1,BBDE1.M.DE.Y.BAA1.A2P000000.G.C.I21.A,2021=100,0,"Output in the production sector / Germany / Production sector including construction (B -D, F) / Calendar and seasonally adjusted",Average,KPPR,Calendar and seasonal adjustment based on data provided by the Federal Statistical Office,1.2,1.6,
BBK:BBDE1(1.0),M,DE,Y,BAA1,A2P000000,G,C,I21,A,1996-12,76.9,P1M,1,BBDE1.M.DE.Y.BAA1.A2P000000.G.C.I21.A,2021=100,0,"Output in the production sector / Germany / Production sector including construction (B -D, F) / Calendar and seasonally adjusted",Average,KPPR,Calendar and seasonal adjustment based on data provided by the Federal Statistical Office,0.1,2.4,
BBK:BBDE1(1.0),M,DE,Y,BAA1,A2P000000,G,C,I21,A,1997-01,74.5,P1M,1,BBDE1.M.DE.Y.BAA1.A2P000000.G.C.I21.A,2021=100,0,"Output in the production sector / Germany / Production sector including construction (B -D, F) / Calendar and seasonally adjusted",Average,KPPR,Calendar and seasonal adjustment based on data provided by the Federal Statistical Office,-3.1,0.5,
BBK:BBDE1(1.0),M,DE,Y,BAA1,A2P000000,G,C,I21,A,1997-02,76.3,P1M,1,BBDE1.M.DE.Y.BAA1.A2P000000.G.C.I21.A,2021=100,0,"Output in the production sector / Germany / Production sector including construction (B -D, F) / Calendar and seasonally adjusted",Average,KPPR,Calendar and seasonal adjustment based on data provided by the Federal Statistical Office,2.4,4.2,
BBK:BBDE1(1.0),M,DE,Y,BAA1,A2P000000,G,C,I21,A,1997-03,77.4,P1M,1,BBDE1.M.DE.Y.BAA1.A2P000000.G.C.I21.A,2021=100,0,"Output in the production sector / Germany / Production sector including construction (B -D, F) / Calendar and seasonally adjusted",Average,KPPR,Calendar and seasonal adjustment based on data provided by the Federal Statistical Office,1.4,3.6,
BBK:BBDE1(1.0),M,DE,Y,BAA1,A2P000000,G,C,I21,A,1997-04,77.1,P1M,1,BBDE1.M.DE.Y.BAA1.A2P000000.G.C.I21.A,2021=100,0,"Output in the production sector / Germany / Production sector including construction (B -D, F) / Calendar and seasonally adjusted",Average,KPPR,Calendar and seasonal adjustment based on data provided by the Federal Statistical Office,-0.4,2.3,
BBK:BBDE1(1.0),M,DE,Y,BAA1,A2P000000,G,C,I21,A,1997-05,76.2,P1M,1,BBDE1.M.DE.Y.BAA1.A2P000000.G.C.I21.A,2021=100,0,"Output in the production sector / Germany / Production sector including construction (B -D, F) / Calendar and seasonally adjusted",Average,KPPR,Calendar and seasonal adjustment based on data provided by the Federal Statistical Office,-1.2,0.0,
BBK:BBDE1(1.0),M,DE,Y,BAA1,A2P000000,G,C,I21,A,1997-06,78.5,P1M,1,BBDE1.M.DE.Y.BAA1.A2P000000.G.C.I21.A,2021=100,0,"Output in the production sector / Germany / Production sector including construction (B -D, F) / Calendar and seasonally adjusted",Average,KPPR,Calendar and seasonal adjustment based on data provided by the Federal Statistical Office,3.0,2.9,
BBK:BBDE1(1.0),M,DE,Y,BAA1,A2P000000,G,C,I21,A,1997-07,79.5,P1M,1,BBDE1.M.DE.Y.BAA1.A2P000000.G.C.I21.A,2021=100,0,"Output in the production sector / Germany / Production sector including construction (B -D, F) / Calendar and seasonally adjusted",Average,KPPR,Calendar and seasonal adjustment based on data provided by the Federal Statistical Office,1.3,4.9,
BBK:BBDE1(1.0),M,DE,Y,BAA1,A2P000000,G,C,I21,A,1997-08,76.9,P1M,1,BBDE1.M.DE.Y.BAA1.A2P000000.G.C.I21.A,2021=100,0,"Output in the production sector / Germany / Production sector including construction (B -D, F) / Calendar and seasonally adjusted",Average,KPPR,Calendar and seasonal adjustment based on data provided by the Federal Statistical Office,-3.3,0.3,
BBK:BBDE1(1.0),M,DE,Y,BAA1,A2P000000,G,C,I21,A,1997-09,77.5,P1M,1,BBDE1.M.DE.Y.BAA1.A2P000000.G.C.I21.A,2021=100,0,"Output in the production sector / Germany / Production sector including construction (B -D, F) / Calendar and seasonally adjusted",Average,KPPR,Calendar and seasonal adjustment based on data provided by the Federal Statistical Office,0.8,0.5,
BBK:BBDE1(1.0),M,DE,Y,BAA1,A2P000000,G,C,I21,A,1997-10,78.7,P1M,1,BBDE1.M.DE.Y.BAA1.A2P000000.G.C.I21.A,2021=100,0,"Output in the production sector / Germany / Production sector including construction (B -D, F) / Calendar and seasonally adjusted",Average,KPPR,Calendar and seasonal adjustment based on data provided by the Federal Statistical Office,1.5,3.7,
BBK:BBDE1(1.0),M,DE,Y,BAA1,A2P000000,G,C,I21,A,1997-11,79.0,P1M,1,BBDE1.M.DE.Y.BAA1.A2P000000.G.C.I21.A,2021=100,0,"Output in the production sector / Germany / Production sector including construction (B -D, F) / Calendar and seasonally adjusted",Average,KPPR,Calendar and seasonal adjustment based on data provided by the Federal Statistical Office,0.4,2.9,
BBK:BBDE1(1.0),M,DE,Y,BAA1,A2P000000,G,C,I21,A,1997-12,79.3,P1M,1,BBDE1.M.DE.Y.BAA1.A2P000000.G.C.I21.A,2021=100,0,"Output in the production sector / Germany / Production sector including construction (B -D, F) / Calendar and seasonally adjusted",Average,KPPR,Calendar and seasonal adjustment based on data provided by the Federal Statistical Office,0.4,3.1,
BBK:BBDE1(1.0),M,DE,Y,BAA1,A2P000000,G,C,I21,A,1998-01,79.9,P1M,1,BBDE1.M.DE.Y.BAA1.A2P000000.G.C.I21.A,2021=100,0,"Output in the production sector / Germany / Production sector including construction (B -D, F) / Calendar and seasonally adjusted",Average,KPPR,Calendar and seasonal adjustment based on data provided by the Federal Statistical Office,0.8,7.2,
BBK:BBDE1(1.0),M,DE,Y,BAA1,A2P000000,G,C,I21,A,1998-02,79.8,P1M,1,BBDE1.M.DE.Y.BAA1.A2P000000.G.C.I21.A,2021=100,0,"Output in the production sector / Germany / Production sector including construction (B -D, F) / Calendar and seasonally adjusted",Average,KPPR,Calendar and seasonal adjustment based on data provided by the Federal Statistical Office,-0.1,4.6,
BBK:BBDE1(1.0),M,DE,Y,BAA1,A2P000000,G,C,I21,A,1998-03,80.7,P1M,1,BBDE1.M.DE.Y.BAA1.A2P000000.G.C.I21.A,2021=100,0,"Output in the production sector / Germany / Production sector including construction (B -D, F) / Calendar and seasonally adjusted",Average,KPPR,Calendar and seasonal adjustment based on data provided by the Federal Statistical Office,1.1,4.3,
BBK:BBDE1(1.0),M,DE,Y,BAA1,A2P000000,G,C,I21,A,1998-04,79.9,P1M,1,BBDE1.M.DE.Y.BAA1.A2P000000.G.C.I21.A,2021=100,0,"Output in the production sector / Germany / Production sector including construction (B -D, F) / Calendar and seasonally adjusted",Average,KPPR,Calendar and seasonal adjustment based on data provided by the Federal Statistical Office,-1.0,3.6,
BBK:BBDE1(1.0),M,DE,Y,BAA1,A2P000000,G,C,I21,A,1998-05,80.4,P1M,1,BBDE1.M.DE.Y.BAA1.A2P000000.G.C.I21.A,2021=100,0,"Output in the production sector / Germany / Production sector including construction (B -D, F) / Calendar and seasonally adjusted",Average,KPPR,Calendar and seasonal adjustment based on data provided by the Federal Statistical Office,0.6,5.5,
BBK:BBDE1(1.0),M,DE,Y,BAA1,A2P000000,G,C,I21,A,1998-06,80.0,P1M,1,BBDE1.M.DE.Y.BAA1.A2P000000.G.C.I21.A,2021=100,0,"Output in the production sector / Germany / Production sector including construction (B -D, F) / Calendar and seasonally adjusted",Average,KPPR,Calendar and seasonal adjustment based on data provided by the Federal Statistical Office,-0.5,1.9,
BBK:BBDE1(1.0),M,DE,Y,BAA1,A2P000000,G,C,I21,A,1998-07,81.6,P1M,1,BBDE1.M.DE.Y.BAA1.A2P000000.G.C.I21.A,2021=100,0,"Output in the production sector / Germany / Production sector including construction (B -D, F) / Calendar and seasonally adjusted",Average,KPPR,Calendar and seasonal adjustment based on data provided by the Federal Statistical Office,2.0,2.6,
BBK:BBDE1(1.0),M,DE,Y,BAA1,A2P000000,G,C,I21,A,1998-08,80.0,P1M,1,BBDE1.M.DE.Y.BAA1.A2P000000.G.C.I21.A,2021=100,0,"Output in the production sector / Germany / Production sector including construction (B -D, F) / Calendar and seasonally adjusted",Average,KPPR,Calendar and seasonal adjustment based on data provided by the Federal Statistical Office,-2.0,4.0,
BBK:BBDE1(1.0),M,DE,Y,BAA1,A2P000000,G,C,I21,A,1998-09,79.4,P1M,1,BBDE1.M.DE.Y.BAA1.A2P000000.G.C.I21.A,2021=100,0,"Output in the production sector / Germany / Production sector including construction (B -D, F) / Calendar and seasonally adjusted",Average,KPPR,Calendar and seasonal adjustment based on data provided by the Federal Statistical Office,-0.7,2.5,
BBK:BBDE1(1.0),M,DE,Y,BAA1,A2P000000,G,C,I21,A,1998-10,79.8,P1M,1,BBDE1.M.DE.Y.BAA1.A2P000000.G.C.I21.A,2021=100,0,"Output in the production sector / Germany / Production sector including construction (B -D, F) / Calendar and seasonally adjusted",Average,KPPR,Calendar and seasonal adjustment based on data provided by the Federal Statistical Office,0.5,1.4,
BBK:BBDE1(1.0),M,DE,Y,BAA1,A2P000000,G,C,I21,A,1998-11,78.7,P1M,1,BBDE1.M.DE.Y.BAA1.A2P000000.G.C.I21.A,2021=100,0,"Output in the production sector / Germany / Production sector including construction (B -D, F) / Calendar and seasonally adjusted",Average,KPPR,Calendar and seasonal adjustment based on data provided by the Federal Statistical Office,-1.4,-0.4,
BBK:BBDE1(1.0),M,DE,Y,BAA1,A2P000000,G,C,I21,A,1998-12,78.8,P1M,1,BBDE1.M.DE.Y.BAA1.A2P000000.G.C.I21.A,2021=100,0,"Output in the production sector / Germany / Production sector including construction (B -D, F) / Calendar and seasonally adjusted",Average,KPPR,Calendar and seasonal adjustment based on data provided by the Federal Statistical Office,0.1,-0.6,
BBK:BBDE1(1.0),M,DE,Y,BAA1,A2P000000,G,C,I21,A,1999-01,80.6,P1M,1,BBDE1.M.DE.Y.BAA1.A2P000000.G.C.I21.A,2021=100,0,"Output in the production sector / Germany / Production sector including construction (B -D, F) / Calendar and seasonally adjusted",Average,KPPR,Calendar and seasonal adjustment based on data provided by the Federal Statistical Office,2.3,0.9,
BBK:BBDE1(1.0),M,DE,Y,BAA1,A2P000000,G,C,I21,A,1999-02,78.7,P1M,1,BBDE1.M.DE.Y.BAA1.A2P000000.G.C.I21.A,2021=100,0,"Output in the production sector / Germany / Production sector including construction (B -D, F) / Calendar and seasonally adjusted",Average,KPPR,Calendar and seasonal adjustment based on data provided by the Federal Statistical Office,-2.4,-1.4,
BBK:BBDE1(1.0),M,DE,Y,BAA1,A2P000000,G,C,I21,A,1999-03,79.6,P1M,1,BBDE1.M.DE.Y.BAA1.A2P000000.G.C.I21.A,2021=100,0,"Output in the production sector / Germany / Production sector including construction (B -D, F) / Calendar and seasonally adjusted",Average,KPPR,Calendar and seasonal adjustment based on data provided by the Federal Statistical Office,1.1,-1.4,
BBK:BBDE1(1.0),M,DE,Y,BAA1,A2P000000,G,C,I21,A,1999-04,79.9,P1M,1,BBDE1.M.DE.Y.BAA1.A2P000000.G.C.I21.A,2021=100,0,"Output in the production sector / Germany / Production sector including construction (B -D, F) / Calendar and seasonally adjusted",Average,KPPR,Calendar and seasonal adjustment based on data provided by the Federal Statistical Office,0.4,0.0,
BBK:BBDE1(1.0),M,DE,Y,BAA1,A2P000000,G,C,I21,A,1999-05,80.2,P1M,1,BBDE1.M.DE.Y.BAA1.A2P000000.G.C.I21.A,2021=100,0,"Output in the production sector / Germany / Production sector including construction (B -D, F) / Calendar and seasonally adjusted",Average,KPPR,Calendar and seasonal adjustment based on data provided by the Federal Statistical Office,0.4,-0.2,
BBK:BBDE1(1.0),M,DE,Y,BAA1,A2P000000,G,C,I21,A,1999-06,80.6,P1M,1,BBDE1.M.DE.Y.BAA1.A2P000000.G.C.I21.A,2021=100,0,"Output in the production sector / Germany / Production sector including construction (B -D, F) / Calendar and seasonally adjusted",Average,KPPR,Calendar and seasonal adjustment based on data provided by the Federal Statistical Office,0.5,0.7,
BBK:BBDE1(1.0),M,DE,Y,BAA1,A2P000000,G,C,I21,A,1999-07,81.0,P1M,1,BBDE1.M.DE.Y.BAA1.A2P000000.G.C.I21.A,2021=100,0,"Output in the production sector / Germany / Production sector including construction (B -D, F) / Calendar and seasonally adjusted",Average,KPPR,Calendar and seasonal adjustment based on data provided by the Federal Statistical Office,0.5,-0.7,
BBK:BBDE1(1.0),M,DE,Y,BAA1,A2P000000,G,C,I21,A,1999-08,81.6,P1M,1,BBDE1.M.DE.Y.BAA1.A2P000000.G.C.I21.A,2021=100,0,"Output in the production sector / Germany / Production sector including construction (B -D, F) / Calendar and seasonally adjusted",Average,KPPR,Calendar and seasonal adjustment based on data provided by the Federal Statistical Office,0.7,2.0,
BBK:BBDE1(1.0),M,DE,Y,BAA1,A2P000000,G,C,I21,A,1999-09,81.3,P1M,1,BBDE1.M.DE.Y.BAA1.A2P000000.G.C.I21.A,2021=100,0,"Output in the production sector / Germany / Production sector including construction (B -D, F) / Calendar and seasonally adjusted",Average,KPPR,Calendar and seasonal adjustment based on data provided by the Federal Statistical Office,-0.4,2.4,
BBK:BBDE1(1.0),M,DE,Y,BAA1,A2P000000,G,C,I21,A,1999-10,82.0,P1M,1,BBDE1.M.DE.Y.BAA1.A2P000000.G.C.I21.A,2021=100,0,"Output in the production sector / Germany / Production sector including construction (B -D, F) / Calendar and seasonally adjusted",Average,KPPR,Calendar and seasonal adjustment based on data provided by the Federal Statistical Office,0.9,2.8,
BBK:BBDE1(1.0),M,DE,Y,BAA1,A2P000000,G,C,I21,A,1999-11,81.8,P1M,1,BBDE1.M.DE.Y.BAA1.A2P000000.G.C.I21.A,2021=100,0,"Output in the production sector / Germany / Production sector including construction (B -D, F) / Calendar and seasonally adjusted",Average,KPPR,Calendar and seasonal adjustment based on data provided by the Federal Statistical Office,-0.2,3.9,
BBK:BBDE1(1.0),M,DE,Y,BAA1,A2P000000,G,C,I21,A,1999-12,82.0,P1M,1,BBDE1.M.DE.Y.BAA1.A2P000000.G.C.I21.A,2021=100,0,"Output in the production sector / Germany / Production sector including construction (B -D, F) / Calendar and seasonally adjusted",Average,KPPR,Calendar and seasonal adjustment based on data provided by the Federal Statistical Office,0.2,4.1,
BBK:BBDE1(1.0),M,DE,Y,BAA1,A2P000000,G,C,I21,A,2000-01,81.6,P1M,1,BBDE1.M.DE.Y.BAA1.A2P000000.G.C.I21.A,2021=100,0,"Output in the production sector / Germany / Production sector including construction (B -D, F) / Calendar and seasonally adjusted",Average,KPPR,Calendar and seasonal adjustment based on data provided by the Federal Statistical Office,-0.5,1.2,
BBK:BBDE1(1.0),M,DE,Y,BAA1,A2P000000,G,C,I21,A,2000-02,82.9,P1M,1,BBDE1.M.DE.Y.BAA1.A2P000000.G.C.I21.A,2021=100,0,"Output in the production sector / Germany / Production sector including construction (B -D, F) / Calendar and seasonally adjusted",Average,KPPR,Calendar and seasonal adjustment based on data provided by the Federal Statistical Office,1.6,5.3,
BBK:BBDE1(1.0),M,DE,Y,BAA1,A2P000000,G,C,I21,A,2000-03,83.1,P1M,1,BBDE1.M.DE.Y.BAA1.A2P000000.G.C.I21.A,2021=100,0,"Output in the production sector / Germany / Production sector including construction (B -D, F) / Calendar and seasonally adjusted",Average,KPPR,Calendar and seasonal adjustment based on data provided by the Federal Statistical Office,0.2,4.4,
BBK:BBDE1(1.0),M,DE,Y,BAA1,A2P000000,G,C,I21,A,2000-04,83.7,P1M,1,BBDE1.M.DE.Y.BAA1.A2P000000.G.C.I21.A,2021=100,0,"Output in the production sector / Germany / Production sector including construction (B -D, F) / Calendar and seasonally adjusted",Average,KPPR,Calendar and seasonal adjustment based on data provided by the Federal Statistical Office,0.7,4.8,
BBK:BBDE1(1.0),M,DE,Y,BAA1,A2P000000,G,C,I21,A,2000-05,86.0,P1M,1,BBDE1.M.DE.Y.BAA1.A2P000000.G.C.I21.A,2021=100,0,"Output in the production sector / Germany / Production sector including construction (B -D, F) / Calendar and seasonally adjusted",Average,KPPR,Calendar and seasonal adjustment based on data provided by the Federal Statistical Office,2.7,7.2,
BBK:BBDE1(1.0),M,DE,Y,BAA1,A2P000000,G,C,I21,A,2000-06,83.4,P1M,1,BBDE1.M.DE.Y.BAA1.A2P000000.G.C.I21.A,2021=100,0,"Output in the production sector / Germany / Production sector including construction (B -D, F) / Calendar and seasonally adjusted",Average,KPPR,Calendar and seasonal adjustment based on data provided by the Federal Statistical Office,-3.0,3.5,
BBK:BBDE1(1.0),M,DE,Y,BAA1,A2P000000,G,C,I21,A,2000-07,85.2,P1M,1,BBDE1.M.DE.Y.BAA1.A2P000000.G.C.I21.A,2021=100,0,"Output in the production sector / Germany / Production sector including construction (B -D, F) / Calendar and seasonally adjusted",Average,KPPR,Calendar and seasonal adjustment based on data provided by the Federal Statistical Office,2.2,5.2,
BBK:BBDE1(1.0),M,DE,Y,BAA1,A2P000000,G,C,I21,A,2000-08,85.7,P1M,1,BBDE1.M.DE.Y.BAA1.A2P000000.G.C.I21.A,2021=100,0,"Output in the production sector / Germany / Production sector including construction (B -D, F) / Calendar and seasonally adjusted",Average,KPPR,Calendar and seasonal adjustment based on data provided by the Federal Statistical Office,0.6,5.0,
BBK:BBDE1(1.0),M,DE,Y,BAA1,A2P000000,G,C,I21,A,2000-09,85.8,P1M,1,BBDE1.M.DE.Y.BAA1.A2P000000.G.C.I21.A,2021=100,0,"Output in the production sector / Germany / Production sector including construction (B -D, F) / Calendar and seasonally adjusted",Average,KPPR,Calendar and seasonal adjustment based on data provided by the Federal Statistical Office,0.1,5.5,
BBK:BBDE1(1.0),M,DE,Y,BAA1,A2P000000,G,C,I21,A,2000-10,85.3,P1M,1,BBDE1.M.DE.Y.BAA1.A2P000000.G.C.I21.A,2021=100,0,"Output in the production sector / Germany / Production sector including construction (B -D, F) / Calendar and seasonally adjusted",Average,KPPR,Calendar and seasonal adjustment based on data provided by the Federal Statistical Office,-0.6,4.0,
BBK:BBDE1(1.0),M,DE,Y,BAA1,A2P000000,G,C,I21,A,2000-11,85.7,P1M,1,BBDE1.M.DE.Y.BAA1.A2P000000.G.C.I21.A,2021=100,0,"Output in the production sector / Germany / Production sector including construction (B -D, F) / Calendar and seasonally adjusted",Average,KPPR,Calendar and seasonal adjustment based on data provided by the Federal Statistical Office,0.5,4.8,
BBK:BBDE1(1.0),M,DE,Y,BAA1,A2P000000,G,C,I21,A,2000-12,86.3,P1M,1,BBDE1.M.DE.Y.BAA1.A2P000000.G.C.I21.A,2021=100,0,"Output in the production sector / Germany / Production sector including construction (B -D, F) / Calendar and seasonally adjusted",Average,KPPR,Calendar and seasonal adjustment based on data provided by the Federal Statistical Office,0.7,5.2,
BBK:BBDE1(1.0),M,DE,Y,BAA1,A2P000000,G,C,I21,A,2001-01,85.6,P1M,1,BBDE1.M.DE.Y.BAA1.A2P000000.G.C.I21.A,2021=100,0,"Output in the production sector / Germany / Production sector including construction (B -D, F) / Calendar and seasonally adjusted",Average,KPPR,Calendar and seasonal adjustment based on data provided by the Federal Statistical Office,-0.8,4.9,
BBK:BBDE1(1.0),M,DE,Y,BAA1,A2P000000,G,C,I21,A,2001-02,87.2,P1M,1,BBDE1.M.DE.Y.BAA1.A2P000000.G.C.I21.A,2021=100,0,"Output in the production sector / Germany / Production sector including construction (B -D, F) / Calendar and seasonally adjusted",Average,KPPR,Calendar and seasonal adjustment based on data provided by the Federal Statistical Office,1.9,5.2,
BBK:BBDE1(1.0),M,DE,Y,BAA1,A2P000000,G,C,I21,A,2001-03,85.3,P1M,1,BBDE1.M.DE.Y.BAA1.A2P000000.G.C.I21.A,2021=100,0,"Output in the production sector / Germany / Production sector including construction (B -D, F) / Calendar and seasonally adjusted",Average,KPPR,Calendar and seasonal adjustment based on data provided by the Federal Statistical Office,-2.2,2.6,
BBK:BBDE1(1.0),M,DE,Y,BAA1,A2P000000,G,C,I21,A,2001-04,83.9,P1M,1,BBDE1.M.DE.Y.BAA1.A2P000000.G.C.I21.A,2021=100,0,"Output in the production sector / Germany / Production sector including construction (B -D, F) / Calendar and seasonally adjusted",Average,KPPR,Calendar and seasonal adjustment based on data provided by the Federal Statistical Office,-1.6,0.2,
BBK:BBDE1(1.0),M,DE,Y,BAA1,A2P000000,G,C,I21,A,2001-05,85.3,P1M,1,BBDE1.M.DE.Y.BAA1.A2P000000.G.C.I21.A,2021=100,0,"Output in the production sector / Germany / Production sector including construction (B -D, F) / Calendar and seasonally adjusted",Average,KPPR,Calendar and seasonal adjustment based on data provided by the Federal Statistical Office,1.7,-0.8,
BBK:BBDE1(1.0),M,DE,Y,BAA1,A2P000000,G,C,I21,A,2001-06,85.2,P1M,1,BBDE1.M.DE.Y.BAA1.A2P000000.G.C.I21.A,2021=100,0,"Output in the production sector / Germany / Production sector including construction (B -D, F) / Calendar and seasonally adjusted",Average,KPPR,Calendar and seasonal adjustment based on data provided by the Federal Statistical Office,-0.1,2.2,
BBK:BBDE1(1.0),M,DE,Y,BAA1,A2P000000,G,C,I21,A,2001-07,83.1,P1M,1,BBDE1.M.DE.Y.BAA1.A2P000000.G.C.I21.A,2021=100,0,"Output in the production sector / Germany / Production sector including construction (B -D, F) / Calendar and seasonally adjusted",Average,KPPR,Calendar and seasonal adjustment based on data provided by the Federal Statistical Office,-2.5,-2.5,
BBK:BBDE1(1.0),M,DE,Y,BAA1,A2P000000,G,C,I21,A,2001-08,85.2,P1M,1,BBDE1.M.DE.Y.BAA1.A2P000000.G.C.I21.A,2021=100,0,"Output in the production sector / Germany / Production sector including construction (B -D, F) / Calendar and seasonally adjusted",Average,KPPR,Calendar and seasonal adjustment based on data provided by the Federal Statistical Office,2.5,-0.6,
BBK:BBDE1(1.0),M,DE,Y,BAA1,A2P000000,G,C,I21,A,2001-09,84.3,P1M,1,BBDE1.M.DE.Y.BAA1.A2P000000.G.C.I21.A,2021=100,0,"Output in the production sector / Germany / Production sector including construction (B -D, F) / Calendar and seasonally adjusted",Average,KPPR,Calendar and seasonal adjustment based on data provided by the Federal Statistical Office,-1.1,-1.7,
BBK:BBDE1(1.0),M,DE,Y,BAA1,A2P000000,G,C,I21,A,2001-10,82.8,P1M,1,BBDE1.M.DE.Y.BAA1.A2P000000.G.C.I21.A,2021=100,0,"Output in the production sector / Germany / Production sector including construction (B -D, F) / Calendar and seasonally adjusted",Average,KPPR,Calendar and seasonal adjustment based on data provided by the Federal Statistical Office,-1.8,-2.9,
BBK:BBDE1(1.0),M,DE,Y,BAA1,A2P000000,G,C,I21,A,2001-11,82.1,P1M,1,BBDE1.M.DE.Y.BAA1.A2P000000.G.C.I21.A,2021=100,0,"Output in the production sector / Germany / Production sector including construction (B -D, F) / Calendar and seasonally adjusted",Average,KPPR,Calendar and seasonal adjustment based on data provided by the Federal Statistical Office,-0.8,-4.2,
BBK:BBDE1(1.0),M,DE,Y,BAA1,A2P000000,G,C,I21,A,2001-12,82.8,P1M,1,BBDE1.M.DE.Y.BAA1.A2P000000.G.C.I21.A,2021=100,0,"Output in the production sector / Germany / Production sector including construction (B -D, F) / Calendar and seasonally adjusted",Average,KPPR,Calendar and seasonal adjustment based on data provided by the Federal Statistical Office,0.9,-4.1,
BBK:BBDE1(1.0),M,DE,Y,BAA1,A2P000000,G,C,I21,A,2002-01,82.3,P1M,1,BBDE1.M.DE.Y.BAA1.A2P000000.G.C.I21.A,2021=100,0,"Output in the production sector / Germany / Production sector including construction (B -D, F) / Calendar and seasonally adjusted",Average,KPPR,Calendar and seasonal adjustment based on data provided by the Federal Statistical Office,-0.6,-3.9,
BBK:BBDE1(1.0),M,DE,Y,BAA1,A2P000000,G,C,I21,A,2002-02,83.0,P1M,1,BBDE1.M.DE.Y.BAA1.A2P000000.G.C.I21.A,2021=100,0,"Output in the production sector / Germany / Production sector including construction (B -D, F) / Calendar and seasonally adjusted",Average,KPPR,Calendar and seasonal adjustment based on data provided by the Federal Statistical Office,0.9,-4.8,
BBK:BBDE1(1.0),M,DE,Y,BAA1,A2P000000,G,C,I21,A,2002-03,83.4,P1M,1,BBDE1.M.DE.Y.BAA1.A2P000000.G.C.I21.A,2021=100,0,"Output in the production sector / Germany / Production sector including construction (B -D, F) / Calendar and seasonally adjusted",Average,KPPR,Calendar and seasonal adjustment based on data provided by the Federal Statistical Office,0.5,-2.2,
BBK:BBDE1(1.0),M,DE,Y,BAA1,A2P000000,G,C,I21,A,2002-04,83.3,P1M,1,BBDE1.M.DE.Y.BAA1.A2P000000.G.C.I21.A,2021=100,0,"Output in the production sector / Germany / Production sector including construction (B -D, F) / Calendar and seasonally adjusted",Average,KPPR,Calendar and seasonal adjustment based on data provided by the Federal Statistical Office,-0.1,-0.7,
BBK:BBDE1(1.0),M,DE,Y,BAA1,A2P000000,G,C,I21,A,2002-05,82.6,P1M,1,BBDE1.M.DE.Y.BAA1.A2P000000.G.C.I21.A,2021=100,0,"Output in the production sector / Germany / Production sector including construction (B -D, F) / Calendar and seasonally adjusted",Average,KPPR,Calendar and seasonal adjustment based on data provided by the Federal Statistical Office,-0.8,-3.2,
BBK:BBDE1(1.0),M,DE,Y,BAA1,A2P000000,G,C,I21,A,2002-06,84.1,P1M,1,BBDE1.M.DE.Y.BAA1.A2P000000.G.C.I21.A,2021=100,0,"Output in the production sector / Germany / Production sector including construction (B -D, F) / Calendar and seasonally adjusted",Average,KPPR,Calendar and seasonal adjustment based on data provided by the Federal Statistical Office,1.8,-1.3,
BBK:BBDE1(1.0),M,DE,Y,BAA1,A2P000000,G,C,I21,A,2002-07,82.9,P1M,1,BBDE1.M.DE.Y.BAA1.A2P000000.G.C.I21.A,2021=100,0,"Output in the production sector / Germany / Production sector including construction (B -D, F) / Calendar and seasonally adjusted",Average,KPPR,Calendar and seasonal adjustment based on data provided by the Federal Statistical Office,-1.4,-0.2,
BBK:BBDE1(1.0),M,DE,Y,BAA1,A2P000000,G,C,I21,A,2002-08,84.6,P1M,1,BBDE1.M.DE.Y.BAA1.A2P000000.G.C.I21.A,2021=100,0,"Output in the production sector / Germany / Production sector including construction (B -D, F) / Calendar and seasonally adjusted",Average,KPPR,Calendar and seasonal adjustment based on data provided by the Federal Statistical Office,2.1,-0.7,
BBK:BBDE1(1.0),M,DE,Y,BAA1,A2P000000,G,C,I21,A,2002-09,83.9,P1M,1,BBDE1.M.DE.Y.BAA1.A2P000000.G.C.I21.A,2021=100,0,"Output in the production sector / Germany / Production sector including construction (B -D, F) / Calendar and seasonally adjusted",Average,KPPR,Calendar and seasonal adjustment based on data provided by the Federal Statistical Office,-0.8,-0.5,
BBK:BBDE1(1.0),M,DE,Y,BAA1,A2P000000,G,C,I21,A,2002-10,83.0,P1M,1,BBDE1.M.DE.Y.BAA1.A2P000000.G.C.I21.A,2021=100,0,"Output in the production sector / Germany / Production sector including construction (B -D, F) / Calendar and seasonally adjusted",Average,KPPR,Calendar and seasonal adjustment based on data provided by the Federal Statistical Office,-1.1,0.2,
BBK:BBDE1(1.0),M,DE,Y,BAA1,A2P000000,G,C,I21,A,2002-11,84.4,P1M,1,BBDE1.M.DE.Y.BAA1.A2P000000.G.C.I21.A,2021=100,0,"Output in the production sector / Germany / Production sector including construction (B -D, F) / Calendar and seasonally adjusted",Average,KPPR,Calendar and seasonal adjustment based on data provided by the Federal Statistical Office,1.7,2.8,
BBK:BBDE1(1.0),M,DE,Y,BAA1,A2P000000,G,C,I21,A,2002-12,82.5,P1M,1,BBDE1.M.DE.Y.BAA1.A2P000000.G.C.I21.A,2021=100,0,"Output in the production sector / Germany / Production sector including construction (B -D, F) / Calendar and seasonally adjusted",Average,KPPR,Calendar and seasonal adjustment based on data provided by the Federal Statistical Office,-2.3,-0.4,
BBK:BBDE1(1.0),M,DE,Y,BAA1,A2P000000,G,C,I21,A,2003-01,83.4,P1M,1,BBDE1.M.DE.Y.BAA1.A2P000000.G.C.I21.A,2021=100,0,"Output in the production sector / Germany / Production sector including construction (B -D, F) / Calendar and seasonally adjusted",Average,KPPR,Calendar and seasonal adjustment based on data provided by the Federal Statistical Office,1.1,1.3,
BBK:BBDE1(1.0),M,DE,Y,BAA1,A2P000000,G,C,I21,A,2003-02,83.4,P1M,1,BBDE1.M.DE.Y.BAA1.A2P000000.G.C.I21.A,2021=100,0,"Output in the production sector / Germany / Production sector including construction (B -D, F) / Calendar and seasonally adjusted",Average,KPPR,Calendar and seasonal adjustment based on data provided by the Federal Statistical Office,0.0,0.5,
BBK:BBDE1(1.0),M,DE,Y,BAA1,A2P000000,G,C,I21,A,2003-03,84.0,P1M,1,BBDE1.M.DE.Y.BAA1.A2P000000.G.C.I21.A,2021=100,0,"Output in the production sector / Germany / Production sector including construction (B -D, F) / Calendar and seasonally adjusted",Average,KPPR,Calendar and seasonal adjustment based on data provided by the Federal Statistical Office,0.7,0.7,
BBK:BBDE1(1.0),M,DE,Y,BAA1,A2P000000,G,C,I21,A,2003-04,83.4,P1M,1,BBDE1.M.DE.Y.BAA1.A2P000000.G.C.I21.A,2021=100,0,"Output in the production sector / Germany / Production sector including construction (B -D, F) / Calendar and seasonally adjusted",Average,KPPR,Calendar and seasonal adjustment based on data provided by the Federal Statistical Office,-0.7,0.1,
BBK:BBDE1(1.0),M,DE,Y,BAA1,A2P000000,G,C,I21,A,2003-05,82.8,P1M,1,BBDE1.M.DE.Y.BAA1.A2P000000.G.C.I21.A,2021=100,0,"Output in the production sector / Germany / Production sector including construction (B -D, F) / Calendar and seasonally adjusted",Average,KPPR,Calendar and seasonal adjustment based on data provided by the Federal Statistical Office,-0.7,0.2,
BBK:BBDE1(1.0),M,DE,Y,BAA1,A2P000000,G,C,I21,A,2003-06,82.4,P1M,1,BBDE1.M.DE.Y.BAA1.A2P000000.G.C.I21.A,2021=100,0,"Output in the production sector / Germany / Production sector including construction (B -D, F) / Calendar and seasonally adjusted",Average,KPPR,Calendar and seasonal adjustment based on data provided by the Federal Statistical Office,-0.5,-2.0,
BBK:BBDE1(1.0),M,DE,Y,BAA1,A2P000000,G,C,I21,A,2003-07,84.1,P1M,1,BBDE1.M.DE.Y.BAA1.A2P000000.G.C.I21.A,2021=100,0,"Output in the production sector / Germany / Production sector including construction (B -D, F) / Calendar and seasonally adjusted",Average,KPPR,Calendar and seasonal adjustment based on data provided by the Federal Statistical Office,2.1,1.4,
BBK:BBDE1(1.0),M,DE,Y,BAA1,A2P000000,G,C,I21,A,2003-08,82.2,P1M,1,BBDE1.M.DE.Y.BAA1.A2P000000.G.C.I21.A,2021=100,0,"Output in the production sector / Germany / Production sector including construction (B -D, F) / Calendar and seasonally adjusted",Average,KPPR,Calendar and seasonal adjustment based on data provided by the Federal Statistical Office,-2.3,-2.8,
BBK:BBDE1(1.0),M,DE,Y,BAA1,A2P000000,G,C,I21,A,2003-09,82.0,P1M,1,BBDE1.M.DE.Y.BAA1.A2P000000.G.C.I21.A,2021=100,0,"Output in the production sector / Germany / Production sector including construction (B -D, F) / Calendar and seasonally adjusted",Average,KPPR,Calendar and seasonal adjustment based on data provided by the Federal Statistical Office,-0.2,-2.3,
BBK:BBDE1(1.0),M,DE,Y,BAA1,A2P000000,G,C,I21,A,2003-10,84.0,P1M,1,BBDE1.M.DE.Y.BAA1.A2P000000.G.C.I21.A,2021=100,0,"Output in the production sector / Germany / Production sector including construction (B -D, F) / Calendar and seasonally adjusted",Average,KPPR,Calendar and seasonal adjustment based on data provided by the Federal Statistical Office,2.4,1.2,
BBK:BBDE1(1.0),M,DE,Y,BAA1,A2P000000,G,C,I21,A,2003-11,84.7,P1M,1,BBDE1.M.DE.Y.BAA1.A2P000000.G.C.I21.A,2021=100,0,"Output in the production sector / Germany / Production sector including construction (B -D, F) / Calendar and seasonally adjusted",Average,KPPR,Calendar and seasonal adjustment based on data provided by the Federal Statistical Office,0.8,0.4,
BBK:BBDE1(1.0),M,DE,Y,BAA1,A2P000000,G,C,I21,A,2003-12,84.8,P1M,1,BBDE1.M.DE.Y.BAA1.A2P000000.G.C.I21.A,2021=100,0,"Output in the production sector / Germany / Production sector including construction (B -D, F) / Calendar and seasonally adjusted",Average,KPPR,Calendar and seasonal adjustment based on data provided by the Federal Statistical Office,0.1,2.8,
BBK:BBDE1(1.0),M,DE,Y,BAA1,A2P000000,G,C,I21,A,2004-01,84.8,P1M,1,BBDE1.M.DE.Y.BAA1.A2P000000.G.C.I21.A,2021=100,0,"Output in the production sector / Germany / Production sector including construction (B -D, F) / Calendar and seasonally adjusted",Average,KPPR,Calendar and seasonal adjustment based on data provided by the Federal Statistical Office,0.0,1.7,
BBK:BBDE1(1.0),M,DE,Y,BAA1,A2P000000,G,C,I21,A,2004-02,84.5,P1M,1,BBDE1.M.DE.Y.BAA1.A2P000000.G.C.I21.A,2021=100,0,"Output in the production sector / Germany / Production sector including construction (B -D, F) / Calendar and seasonally adjusted",Average,KPPR,Calendar and seasonal adjustment based on data provided by the Federal Statistical Office,-0.4,1.3,
BBK:BBDE1(1.0),M,DE,Y,BAA1,A2P000000,G,C,I21,A,2004-03,84.5,P1M,1,BBDE1.M.DE.Y.BAA1.A2P000000.G.C.I21.A,2021=100,0,"Output in the production sector / Germany / Production sector including construction (B -D, F) / Calendar and seasonally adjusted",Average,KPPR,Calendar and seasonal adjustment based on data provided by the Federal Statistical Office,0.0,0.6,
BBK:BBDE1(1.0),M,DE,Y,BAA1,A2P000000,G,C,I21,A,2004-04,85.4,P1M,1,BBDE1.M.DE.Y.BAA1.A2P000000.G.C.I21.A,2021=100,0,"Output in the production sector / Germany / Production sector including construction (B -D, F) / Calendar and seasonally adjusted",Average,KPPR,Calendar and seasonal adjustment based on data provided by the Federal Statistical Office,1.1,2.4,
BBK:BBDE1(1.0),M,DE,Y,BAA1,A2P000000,G,C,I21,A,2004-05,86.2,P1M,1,BBDE1.M.DE.Y.BAA1.A2P000000.G.C.I21.A,2021=100,0,"Output in the production sector / Germany / Production sector including construction (B -D, F) / Calendar and seasonally adjusted",Average,KPPR,Calendar and seasonal adjustment based on data provided by the Federal Statistical Office,0.9,4.1,
BBK:BBDE1(1.0),M,DE,Y,BAA1,A2P000000,G,C,I21,A,2004-06,85.7,P1M,1,BBDE1.M.DE.Y.BAA1.A2P000000.G.C.I21.A,2021=100,0,"Output in the production sector / Germany / Production sector including construction (B -D, F) / Calendar and seasonally adjusted",Average,KPPR,Calendar and seasonal adjustment based on data provided by the Federal Statistical Office,-0.6,4.0,
BBK:BBDE1(1.0),M,DE,Y,BAA1,A2P000000,G,C,I21,A,2004-07,86.5,P1M,1,BBDE1.M.DE.Y.BAA1.A2P000000.G.C.I21.A,2021=100,0,"Output in the production sector / Germany / Production sector including construction (B -D, F) / Calendar and seasonally adjusted",Average,KPPR,Calendar and seasonal adjustment based on data provided by the Federal Statistical Office,0.9,2.9,
BBK:BBDE1(1.0),M,DE,Y,BAA1,A2P000000,G,C,I21,A,2004-08,85.7,P1M,1,BBDE1.M.DE.Y.BAA1.A2P000000.G.C.I21.A,2021=100,0,"Output in the production sector / Germany / Production sector including construction (B -D, F) / Calendar and seasonally adjusted",Average,KPPR,Calendar and seasonal adjustment based on data provided by the Federal Statistical Office,-0.9,4.3,
BBK:BBDE1(1.0),M,DE,Y,BAA1,A2P000000,G,C,I21,A,2004-09,85.7,P1M,1,BBDE1.M.DE.Y.BAA1.A2P000000.G.C.I21.A,2021=100,0,"Output in the production sector / Germany / Production sector including construction (B -D, F) / Calendar and seasonally adjusted",Average,KPPR,Calendar and seasonal adjustment based on data provided by the Federal Statistical Office,0.0,4.5,
BBK:BBDE1(1.0),M,DE,Y,BAA1,A2P000000,G,C,I21,A,2004-10,86.4,P1M,1,BBDE1.M.DE.Y.BAA1.A2P000000.G.C.I21.A,2021=100,0,"Output in the production sector / Germany / Production sector including construction (B -D, F) / Calendar and seasonally adjusted",Average,KPPR,Calendar and seasonal adjustment based on data provided by the Federal Statistical Office,0.8,2.9,
BBK:BBDE1(1.0),M,DE,Y,BAA1,A2P000000,G,C,I21,A,2004-11,85.2,P1M,1,BBDE1.M.DE.Y.BAA1.A2P000000.G.C.I21.A,2021=100,0,"Output in the production sector / Germany / Production sector including construction (B -D, F) / Calendar and seasonally adjusted",Average,KPPR,Calendar and seasonal adjustment based on data provided by the Federal Statistical Office,-1.4,0.6,
BBK:BBDE1(1.0),M,DE,Y,BAA1,A2P000000,G,C,I21,A,2004-12,85.3,P1M,1,BBDE1.M.DE.Y.BAA1.A2P000000.G.C.I21.A,2021=100,0,"Output in the production sector / Germany / Production sector including construction (B -D, F) / Calendar and seasonally adjusted",Average,KPPR,Calendar and seasonal adjustment based on data provided by the Federal Statistical Office,0.1,0.6,
BBK:BBDE1(1.0),M,DE,Y,BAA1,A2P000000,G,C,I21,A,2005-01,87.1,P1M,1,BBDE1.M.DE.Y.BAA1.A2P000000.G.C.I21.A,2021=100,0,"Output in the production sector / Germany / Production sector including construction (B -D, F) / Calendar and seasonally adjusted",Average,KPPR,Calendar and seasonal adjustment based on data provided by the Federal Statistical Office,2.1,2.7,
BBK:BBDE1(1.0),M,DE,Y,BAA1,A2P000000,G,C,I21,A,2005-02,85.8,P1M,1,BBDE1.M.DE.Y.BAA1.A2P000000.G.C.I21.A,2021=100,0,"Output in the production sector / Germany / Production sector including construction (B -D, F) / Calendar and seasonally adjusted",Average,KPPR,Calendar and seasonal adjustment based on data provided by the Federal Statistical Office,-1.5,1.5,
BBK:BBDE1(1.0),M,DE,Y,BAA1,A2P000000,G,C,I21,A,2005-03,86.1,P1M,1,BBDE1.M.DE.Y.BAA1.A2P000000.G.C.I21.A,2021=100,0,"Output in the production sector / Germany / Production sector including construction (B -D, F) / Calendar and seasonally adjusted",Average,KPPR,Calendar and seasonal adjustment based on data provided by the Federal Statistical Office,0.3,1.9,
BBK:BBDE1(1.0),M,DE,Y,BAA1,A2P000000,G,C,I21,A,2005-04,87.4,P1M,1,BBDE1.M.DE.Y.BAA1.A2P000000.G.C.I21.A,2021=100,0,"Output in the production sector / Germany / Production sector including construction (B -D, F) / Calendar and seasonally adjusted",Average,KPPR,Calendar and seasonal adjustment based on data provided by the Federal Statistical Office,1.5,2.3,
BBK:BBDE1(1.0),M,DE,Y,BAA1,A2P000000,G,C,I21,A,2005-05,86.5,P1M,1,BBDE1.M.DE.Y.BAA1.A2P000000.G.C.I21.A,2021=100,0,"Output in the production sector / Germany / Production sector including construction (B -D, F) / Calendar and seasonally adjusted",Average,KPPR,Calendar and seasonal adjustment based on data provided by the Federal Statistical Office,-1.0,0.3,
BBK:BBDE1(1.0),M,DE,Y,BAA1,A2P000000,G,C,I21,A,2005-06,88.1,P1M,1,BBDE1.M.DE.Y.BAA1.A2P000000.G.C.I21.A,2021=100,0,"Output in the production sector / Germany / Production sector including construction (B -D, F) / Calendar and seasonally adjusted",Average,KPPR,Calendar and seasonal adjustment based on data provided by the Federal Statistical Office,1.8,2.8,
BBK:BBDE1(1.0),M,DE,Y,BAA1,A2P000000,G,C,I21,A,2005-07,89.3,P1M,1,BBDE1.M.DE.Y.BAA1.A2P000000.G.C.I21.A,2021=100,0,"Output in the production sector / Germany / Production sector including construction (B -D, F) / Calendar and seasonally adjusted",Average,KPPR,Calendar and seasonal adjustment based on data provided by the Federal Statistical Office,1.4,3.2,
BBK:BBDE1(1.0),M,DE,Y,BAA1,A2P000000,G,C,I21,A,2005-08,86.9,P1M,1,BBDE1.M.DE.Y.BAA1.A2P000000.G.C.I21.A,2021=100,0,"Output in the production sector / Germany / Production sector including construction (B -D, F) / Calendar and seasonally adjusted",Average,KPPR,Calendar and seasonal adjustment based on data provided by the Federal Statistical Office,-2.7,1.4,
BBK:BBDE1(1.0),M,DE,Y,BAA1,A2P000000,G,C,I21,A,2005-09,88.9,P1M,1,BBDE1.M.DE.Y.BAA1.A2P000000.G.C.I21.A,2021=100,0,"Output in the production sector / Germany / Production sector including construction (B -D, F) / Calendar and seasonally adjusted",Average,KPPR,Calendar and seasonal adjustment based on data provided by the Federal Statistical Office,2.3,3.7,
BBK:BBDE1(1.0),M,DE,Y,BAA1,A2P000000,G,C,I21,A,2005-10,90.5,P1M,1,BBDE1.M.DE.Y.BAA1.A2P000000.G.C.I21.A,2021=100,0,"Output in the production sector / Germany / Production sector including construction (B -D, F) / Calendar and seasonally adjusted",Average,KPPR,Calendar and seasonal adjustment based on data provided by the Federal Statistical Office,1.8,4.7,
BBK:BBDE1(1.0),M,DE,Y,BAA1,A2P000000,G,C,I21,A,2005-11,89.6,P1M,1,BBDE1.M.DE.Y.BAA1.A2P000000.G.C.I21.A,2021=100,0,"Output in the production sector / Germany / Production sector including construction (B -D, F) / Calendar and seasonally adjusted",Average,KPPR,Calendar and seasonal adjustment based on data provided by the Federal Statistical Office,-1.0,5.2,
BBK:BBDE1(1.0),M,DE,Y,BAA1,A2P000000,G,C,I21,A,2005-12,89.9,P1M,1,BBDE1.M.DE.Y.BAA1.A2P000000.G.C.I21.A,2021=100,0,"Output in the production sector / Germany / Production sector including construction (B -D, F) / Calendar and seasonally adjusted",Average,KPPR,Calendar and seasonal adjustment based on data provided by the Federal Statistical Office,0.3,5.4,
BBK:BBDE1(1.0),M,DE,Y,BAA1,A2P000000,G,C,I21,A,2006-01,90.4,P1M,1,BBDE1.M.DE.Y.BAA1.A2P000000.G.C.I21.A,2021=100,0,"Output in the production sector / Germany / Production sector including construction (B -D, F) / Calendar and seasonally adjusted",Average,KPPR,Calendar and seasonal adjustment based on data provided by the Federal Statistical Office,0.6,3.8,
BBK:BBDE1(1.0),M,DE,Y,BAA1,A2P000000,G,C,I21,A,2006-02,90.6,P1M,1,BBDE1.M.DE.Y.BAA1.A2P000000.G.C.I21.A,2021=100,0,"Output in the production sector / Germany / Production sector including construction (B -D, F) / Calendar and seasonally adjusted",Average,KPPR,Calendar and seasonal adjustment based on data provided by the Federal Statistical Office,0.2,5.6,
BBK:BBDE1(1.0),M,DE,Y,BAA1,A2P000000,G,C,I21,A,2006-03,89.3,P1M,1,BBDE1.M.DE.Y.BAA1.A2P000000.G.C.I21.A,2021=100,0,"Output in the production sector / Germany / Production sector including construction (B -D, F) / Calendar and seasonally adjusted",Average,KPPR,Calendar and seasonal adjustment based on data provided by the Federal Statistical Office,-1.4,3.7,
BBK:BBDE1(1.0),M,DE,Y,BAA1,A2P000000,G,C,I21,A,2006-04,91.9,P1M,1,BBDE1.M.DE.Y.BAA1.A2P000000.G.C.I21.A,2021=100,0,"Output in the production sector / Germany / Production sector including construction (B -D, F) / Calendar and seasonally adjusted",Average,KPPR,Calendar and seasonal adjustment based on data provided by the Federal Statistical Office,2.9,5.1,
BBK:BBDE1(1.0),M,DE,Y,BAA1,A2P000000,G,C,I21,A,2006-05,92.9,P1M,1,BBDE1.M.DE.Y.BAA1.A2P000000.G.C.I21.A,2021=100,0,"Output in the production sector / Germany / Production sector including construction (B -D, F) / Calendar and seasonally adjusted",Average,KPPR,Calendar and seasonal adjustment based on data provided by the Federal Statistical Office,1.1,7.4,
BBK:BBDE1(1.0),M,DE,Y,BAA1,A2P000000,G,C,I21,A,2006-06,92.7,P1M,1,BBDE1.M.DE.Y.BAA1.A2P000000.G.C.I21.A,2021=100,0,"Output in the production sector / Germany / Production sector including construction (B -D, F) / Calendar and seasonally adjusted",Average,KPPR,Calendar and seasonal adjustment based on data provided by the Federal Statistical Office,-0.2,5.2,
BBK:BBDE1(1.0),M,DE,Y,BAA1,A2P000000,G,C,I21,A,2006-07,94.1,P1M,1,BBDE1.M.DE.Y.BAA1.A2P000000.G.C.I21.A,2021=100,0,"Output in the production sector / Germany / Production sector including construction (B -D, F) / Calendar and seasonally adjusted",Average,KPPR,Calendar and seasonal adjustment based on data provided by the Federal Statistical Office,1.5,5.4,
BBK:BBDE1(1.0),M,DE,Y,BAA1,A2P000000,G,C,I21,A,2006-08,94.5,P1M,1,BBDE1.M.DE.Y.BAA1.A2P000000.G.C.I21.A,2021=100,0,"Output in the production sector / Germany / Production sector including construction (B -D, F) / Calendar and seasonally adjusted",Average,KPPR,Calendar and seasonal adjustment based on data provided by the Federal Statistical Office,0.4,8.7,
BBK:BBDE1(1.0),M,DE,Y,BAA1,A2P000000,G,C,I21,A,2006-09,94.4,P1M,1,BBDE1.M.DE.Y.BAA1.A2P000000.G.C.I21.A,2021=100,0,"Output in the production sector / Germany / Production sector including construction (B -D, F) / Calendar and seasonally adjusted",Average,KPPR,Calendar and seasonal adjustment based on data provided by the Federal Statistical Office,-0.1,6.2,
BBK:BBDE1(1.0),M,DE,Y,BAA1,A2P000000,G,C,I21,A,2006-10,94.1,P1M,1,BBDE1.M.DE.Y.BAA1.A2P000000.G.C.I21.A,2021=100,0,"Output in the production sector / Germany / Production sector including construction (B -D, F) / Calendar and seasonally adjusted",Average,KPPR,Calendar and seasonal adjustment based on data provided by the Federal Statistical Office,-0.3,4.0,
BBK:BBDE1(1.0),M,DE,Y,BAA1,A2P000000,G,C,I21,A,2006-11,95.7,P1M,1,BBDE1.M.DE.Y.BAA1.A2P000000.G.C.I21.A,2021=100,0,"Output in the production sector / Germany / Production sector including construction (B -D, F) / Calendar and seasonally adjusted",Average,KPPR,Calendar and seasonal adjustment based on data provided by the Federal Statistical Office,1.7,6.8,
BBK:BBDE1(1.0),M,DE,Y,BAA1,A2P000000,G,C,I21,A,2006-12,96.6,P1M,1,BBDE1.M.DE.Y.BAA1.A2P000000.G.C.I21.A,2021=100,0,"Output in the production sector / Germany / Production sector including construction (B -D, F) / Calendar and seasonally adjusted",Average,KPPR,Calendar and seasonal adjustment based on data provided by the Federal Statistical Office,0.9,7.5,
BBK:BBDE1(1.0),M,DE,Y,BAA1,A2P000000,G,C,I21,A,2007-01,96.3,P1M,1,BBDE1.M.DE.Y.BAA1.A2P000000.G.C.I21.A,2021=100,0,"Output in the production sector / Germany / Production sector including construction (B -D, F) / Calendar and seasonally adjusted",Average,KPPR,Calendar and seasonal adjustment based on data provided by the Federal Statistical Office,-0.3,6.5,
BBK:BBDE1(1.0),M,DE,Y,BAA1,A2P000000,G,C,I21,A,2007-02,97.1,P1M,1,BBDE1.M.DE.Y.BAA1.A2P000000.G.C.I21.A,2021=100,0,"Output in the production sector / Germany / Production sector including construction (B -D, F) / Calendar and seasonally adjusted",Average,KPPR,Calendar and seasonal adjustment based on data provided by the Federal Statistical Office,0.8,7.2,
BBK:BBDE1(1.0),M,DE,Y,BAA1,A2P000000,G,C,I21,A,2007-03,97.2,P1M,1,BBDE1.M.DE.Y.BAA1.A2P000000.G.C.I21.A,2021=100,0,"Output in the production sector / Germany / Production sector including construction (B -D, F) / Calendar and seasonally adjusted",Average,KPPR,Calendar and seasonal adjustment based on data provided by the Federal Statistical Office,0.1,8.8,
BBK:BBDE1(1.0),M,DE,Y,BAA1,A2P000000,G,C,I21,A,2007-04,96.2,P1M,1,BBDE1.M.DE.Y.BAA1.A2P000000.G.C.I21.A,2021=100,0,"Output in the production sector / Germany / Production sector including construction (B -D, F) / Calendar and seasonally adjusted",Average,KPPR,Calendar and seasonal adjustment based on data provided by the Federal Statistical Office,-1.0,4.7,
BBK:BBDE1(1.0),M,DE,Y,BAA1,A2P000000,G,C,I21,A,2007-05,98.1,P1M,1,BBDE1.M.DE.Y.BAA1.A2P000000.G.C.I21.A,2021=100,0,"Output in the production sector / Germany / Production sector including construction (B -D, F) / Calendar and seasonally adjusted",Average,KPPR,Calendar and seasonal adjustment based on data provided by the Federal Statistical Office,2.0,5.6,
BBK:BBDE1(1.0),M,DE,Y,BAA1,A2P000000,G,C,I21,A,2007-06,98.3,P1M,1,BBDE1.M.DE.Y.BAA1.A2P000000.G.C.I21.A,2021=100,0,"Output in the production sector / Germany / Production sector including construction (B -D, F) / Calendar and seasonally adjusted",Average,KPPR,Calendar and seasonal adjustment based on data provided by the Federal Statistical Office,0.2,6.0,
BBK:BBDE1(1.0),M,DE,Y,BAA1,A2P000000,G,C,I21,A,2007-07,98.9,P1M,1,BBDE1.M.DE.Y.BAA1.A2P000000.G.C.I21.A,2021=100,0,"Output in the production sector / Germany / Production sector including construction (B -D, F) / Calendar and seasonally adjusted",Average,KPPR,Calendar and seasonal adjustment based on data provided by the Federal Statistical Office,0.6,5.1,
BBK:BBDE1(1.0),M,DE,Y,BAA1,A2P000000,G,C,I21,A,2007-08,99.1,P1M,1,BBDE1.M.DE.Y.BAA1.A2P000000.G.C.I21.A,2021=100,0,"Output in the production sector / Germany / Production sector including construction (B -D, F) / Calendar and seasonally adjusted",Average,KPPR,Calendar and seasonal adjustment based on data provided by the Federal Statistical Office,0.2,4.9,
BBK:BBDE1(1.0),M,DE,Y,BAA1,A2P000000,G,C,I21,A,2007-09,100.2,P1M,1,BBDE1.M.DE.Y.BAA1.A2P000000.G.C.I21.A,2021=100,0,"Output in the production sector / Germany / Production sector including construction (B -D, F) / Calendar and seasonally adjusted",Average,KPPR,Calendar and seasonal adjustment based on data provided by the Federal Statistical Office,1.1,6.1,
BBK:BBDE1(1.0),M,DE,Y,BAA1,A2P000000,G,C,I21,A,2007-10,100.2,P1M,1,BBDE1.M.DE.Y.BAA1.A2P000000.G.C.I21.A,2021=100,0,"Output in the production sector / Germany / Production sector including construction (B -D, F) / Calendar and seasonally adjusted",Average,KPPR,Calendar and seasonal adjustment based on data provided by the Federal Statistical Office,0.0,6.5,
BBK:BBDE1(1.0),M,DE,Y,BAA1,A2P000000,G,C,I21,A,2007-11,100.0,P1M,1,BBDE1.M.DE.Y.BAA1.A2P000000.G.C.I21.A,2021=100,0,"Output in the production sector / Germany / Production sector including construction (B -D, F) / Calendar and seasonally adjusted",Average,KPPR,Calendar and seasonal adjustment based on data provided by the Federal Statistical Office,-0.2,4.5,
BBK:BBDE1(1.0),M,DE,Y,BAA1,A2P000000,G,C,I21,A,2007-12,100.7,P1M,1,BBDE1.M.DE.Y.BAA1.A2P000000.G.C.I21.A,2021=100,0,"Output in the production sector / Germany / Production sector including construction (B -D, F) / Calendar and seasonally adjusted",Average,KPPR,Calendar and seasonal adjustment based on data provided by the Federal Statistical Office,0.7,4.2,
BBK:BBDE1(1.0),M,DE,Y,BAA1,A2P000000,G,C,I21,A,2008-01,102.3,P1M,1,BBDE1.M.DE.Y.BAA1.A2P000000.G.C.I21.A,2021=100,0,"Output in the production sector / Germany / Production sector including construction (B -D, F) / Calendar and seasonally adjusted",Average,KPPR,Calendar and seasonal adjustment based on data provided by the Federal Statistical Office,1.6,6.2,
BBK:BBDE1(1.0),M,DE,Y,BAA1,A2P000000,G,C,I21,A,2008-02,101.8,P1M,1,BBDE1.M.DE.Y.BAA1.A2P000000.G.C.I21.A,2021=100,0,"Output in the production sector / Germany / Production sector including construction (B -D, F) / Calendar and seasonally adjusted",Average,KPPR,Calendar and seasonal adjustment based on data provided by the Federal Statistical Office,-0.5,4.8,
BBK:BBDE1(1.0),M,DE,Y,BAA1,A2P000000,G,C,I21,A,2008-03,100.9,P1M,1,BBDE1.M.DE.Y.BAA1.A2P000000.G.C.I21.A,2021=100,0,"Output in the production sector / Germany / Production sector including construction (B -D, F) / Calendar and seasonally adjusted",Average,KPPR,Calendar and seasonal adjustment based on data provided by the Federal Statistical Office,-0.9,3.8,
BBK:BBDE1(1.0),M,DE,Y,BAA1,A2P000000,G,C,I21,A,2008-04,101.4,P1M,1,BBDE1.M.DE.Y.BAA1.A2P000000.G.C.I21.A,2021=100,0,"Output in the production sector / Germany / Production sector including construction (B -D, F) / Calendar and seasonally adjusted",Average,KPPR,Calendar and seasonal adjustment based on data provided by the Federal Statistical Office,0.5,5.4,
BBK:BBDE1(1.0),M,DE,Y,BAA1,A2P000000,G,C,I21,A,2008-05,99.3,P1M,1,BBDE1.M.DE.Y.BAA1.A2P000000.G.C.I21.A,2021=100,0,"Output in the production sector / Germany / Production sector including construction (B -D, F) / Calendar and seasonally adjusted",Average,KPPR,Calendar and seasonal adjustment based on data provided by the Federal Statistical Office,-2.1,1.2,
BBK:BBDE1(1.0),M,DE,Y,BAA1,A2P000000,G,C,I21,A,2008-06,100.2,P1M,1,BBDE1.M.DE.Y.BAA1.A2P000000.G.C.I21.A,2021=100,0,"Output in the production sector / Germany / Production sector including construction (B -D, F) / Calendar and seasonally adjusted",Average,KPPR,Calendar and seasonal adjustment based on data provided by the Federal Statistical Office,0.9,1.9,
BBK:BBDE1(1.0),M,DE,Y,BAA1,A2P000000,G,C,I21,A,2008-07,98.7,P1M,1,BBDE1.M.DE.Y.BAA1.A2P000000.G.C.I21.A,2021=100,0,"Output in the production sector / Germany / Production sector including construction (B -D, F) / Calendar and seasonally adjusted",Average,KPPR,Calendar and seasonal adjustment based on data provided by the Federal Statistical Office,-1.5,-0.2,
BBK:BBDE1(1.0),M,DE,Y,BAA1,A2P000000,G,C,I21,A,2008-08,100.4,P1M,1,BBDE1.M.DE.Y.BAA1.A2P000000.G.C.I21.A,2021=100,0,"Output in the production sector / Germany / Production sector including construction (B -D, F) / Calendar and seasonally adjusted",Average,KPPR,Calendar and seasonal adjustment based on data provided by the Federal Statistical Office,1.7,1.3,
BBK:BBDE1(1.0),M,DE,Y,BAA1,A2P000000,G,C,I21,A,2008-09,98.6,P1M,1,BBDE1.M.DE.Y.BAA1.A2P000000.G.C.I21.A,2021=100,0,"Output in the production sector / Germany / Production sector including construction (B -D, F) / Calendar and seasonally adjusted",Average,KPPR,Calendar and seasonal adjustment based on data provided by the Federal Statistical Office,-1.8,-1.6,
BBK:BBDE1(1.0),M,DE,Y,BAA1,A2P000000,G,C,I21,A,2008-10,96.5,P1M,1,BBDE1.M.DE.Y.BAA1.A2P000000.G.C.I21.A,2021=100,0,"Output in the production sector / Germany / Production sector including construction (B -D, F) / Calendar and seasonally adjusted",Average,KPPR,Calendar and seasonal adjustment based on data provided by the Federal Statistical Office,-2.1,-3.7,
BBK:BBDE1(1.0),M,DE,Y,BAA1,A2P000000,G,C,I21,A,2008-11,92.5,P1M,1,BBDE1.M.DE.Y.BAA1.A2P000000.G.C.I21.A,2021=100,0,"Output in the production sector / Germany / Production sector including construction (B -D, F) / Calendar and seasonally adjusted",Average,KPPR,Calendar and seasonal adjustment based on data provided by the Federal Statistical Office,-4.1,-7.5,
BBK:BBDE1(1.0),M,DE,Y,BAA1,A2P000000,G,C,I21,A,2008-12,89.6,P1M,1,BBDE1.M.DE.Y.BAA1.A2P000000.G.C.I21.A,2021=100,0,"Output in the production sector / Germany / Production sector including construction (B -D, F) / Calendar and seasonally adjusted",Average,KPPR,Calendar and seasonal adjustment based on data provided by the Federal Statistical Office,-3.1,-11.0,
BBK:BBDE1(1.0),M,DE,Y,BAA1,A2P000000,G,C,I21,A,2009-01,83.4,P1M,1,BBDE1.M.DE.Y.BAA1.A2P000000.G.C.I21.A,2021=100,0,"Output in the production sector / Germany / Production sector including construction (B -D, F) / Calendar and seasonally adjusted",Average,KPPR,Calendar and seasonal adjustment based on data provided by the Federal Statistical Office,-6.9,-18.5,
BBK:BBDE1(1.0),M,DE,Y,BAA1,A2P000000,G,C,I21,A,2009-02,80.9,P1M,1,BBDE1.M.DE.Y.BAA1.A2P000000.G.C.I21.A,2021=100,0,"Output in the production sector / Germany / Production sector including construction (B -D, F) / Calendar and seasonally adjusted",Average,KPPR,Calendar and seasonal adjustment based on data provided by the Federal Statistical Office,-3.0,-20.5,
BBK:BBDE1(1.0),M,DE,Y,BAA1,A2P000000,G,C,I21,A,2009-03,81.2,P1M,1,BBDE1.M.DE.Y.BAA1.A2P000000.G.C.I21.A,2021=100,0,"Output in the production sector / Germany / Production sector including construction (B -D, F) / Calendar and seasonally adjusted",Average,KPPR,Calendar and seasonal adjustment based on data provided by the Federal Statistical Office,0.4,-19.5,
BBK:BBDE1(1.0),M,DE,Y,BAA1,A2P000000,G,C,I21,A,2009-04,79.0,P1M,1,BBDE1.M.DE.Y.BAA1.A2P000000.G.C.I21.A,2021=100,0,"Output in the production sector / Germany / Production sector including construction (B -D, F) / Calendar and seasonally adjusted",Average,KPPR,Calendar and seasonal adjustment based on data provided by the Federal Statistical Office,-2.7,-22.1,
BBK:BBDE1(1.0),M,DE,Y,BAA1,A2P000000,G,C,I21,A,2009-05,82.0,P1M,1,BBDE1.M.DE.Y.BAA1.A2P000000.G.C.I21.A,2021=100,0,"Output in the production sector / Germany / Production sector including construction (B -D, F) / Calendar and seasonally adjusted",Average,KPPR,Calendar and seasonal adjustment based on data provided by the Federal Statistical Office,3.8,-17.4,
BBK:BBDE1(1.0),M,DE,Y,BAA1,A2P000000,G,C,I21,A,2009-06,83.4,P1M,1,BBDE1.M.DE.Y.BAA1.A2P000000.G.C.I21.A,2021=100,0,"Output in the production sector / Germany / Production sector including construction (B -D, F) / Calendar and seasonally adjusted",Average,KPPR,Calendar and seasonal adjustment based on data provided by the Federal Statistical Office,1.7,-16.8,
BBK:BBDE1(1.0),M,DE,Y,BAA1,A2P000000,G,C,I21,A,2009-07,82.4,P1M,1,BBDE1.M.DE.Y.BAA1.A2P000000.G.C.I21.A,2021=100,0,"Output in the production sector / Germany / Production sector including construction (B -D, F) / Calendar and seasonally adjusted",Average,KPPR,Calendar and seasonal adjustment based on data provided by the Federal Statistical Office,-1.2,-16.5,
BBK:BBDE1(1.0),M,DE,Y,BAA1,A2P000000,G,C,I21,A,2009-08,83.8,P1M,1,BBDE1.M.DE.Y.BAA1.A2P000000.G.C.I21.A,2021=100,0,"Output in the production sector / Germany / Production sector including construction (B -D, F) / Calendar and seasonally adjusted",Average,KPPR,Calendar and seasonal adjustment based on data provided by the Federal Statistical Office,1.7,-16.5,
BBK:BBDE1(1.0),M,DE,Y,BAA1,A2P000000,G,C,I21,A,2009-09,86.7,P1M,1,BBDE1.M.DE.Y.BAA1.A2P000000.G.C.I21.A,2021=100,0,"Output in the production sector / Germany / Production sector including construction (B -D, F) / Calendar and seasonally adjusted",Average,KPPR,Calendar and seasonal adjustment based on data provided by the Federal Statistical Office,3.5,-12.1,
BBK:BBDE1(1.0),M,DE,Y,BAA1,A2P000000,G,C,I21,A,2009-10,84.9,P1M,1,BBDE1.M.DE.Y.BAA1.A2P000000.G.C.I21.A,2021=100,0,"Output in the production sector / Germany / Production sector including construction (B -D, F) / Calendar and seasonally adjusted",Average,KPPR,Calendar and seasonal adjustment based on data provided by the Federal Statistical Office,-2.1,-12.0,
BBK:BBDE1(1.0),M,DE,Y,BAA1,A2P000000,G,C,I21,A,2009-11,85.6,P1M,1,BBDE1.M.DE.Y.BAA1.A2P000000.G.C.I21.A,2021=100,0,"Output in the production sector / Germany / Production sector including construction (B -D, F) / Calendar and seasonally adjusted",Average,KPPR,Calendar and seasonal adjustment based on data provided by the Federal Statistical Office,0.8,-7.5,
BBK:BBDE1(1.0),M,DE,Y,BAA1,A2P000000,G,C,I21,A,2009-12,85.8,P1M,1,BBDE1.M.DE.Y.BAA1.A2P000000.G.C.I21.A,2021=100,0,"Output in the production sector / Germany / Production sector including construction (B -D, F) / Calendar and seasonally adjusted",Average,KPPR,Calendar and seasonal adjustment based on data provided by the Federal Statistical Office,0.2,-4.2,
BBK:BBDE1(1.0),M,DE,Y,BAA1,A2P000000,G,C,I21,A,2010-01,86.7,P1M,1,BBDE1.M.DE.Y.BAA1.A2P000000.G.C.I21.A,2021=100,0,"Output in the production sector / Germany / Production sector including construction (B -D, F) / Calendar and seasonally adjusted",Average,KPPR,Calendar and seasonal adjustment based on data provided by the Federal Statistical Office,1.0,4.0,
BBK:BBDE1(1.0),M,DE,Y,BAA1,A2P000000,G,C,I21,A,2010-02,85.6,P1M,1,BBDE1.M.DE.Y.BAA1.A2P000000.G.C.I21.A,2021=100,0,"Output in the production sector / Germany / Production sector including construction (B -D, F) / Calendar and seasonally adjusted",Average,KPPR,Calendar and seasonal adjustment based on data provided by the Federal Statistical Office,-1.3,5.8,
BBK:BBDE1(1.0),M,DE,Y,BAA1,A2P000000,G,C,I21,A,2010-03,88.1,P1M,1,BBDE1.M.DE.Y.BAA1.A2P000000.G.C.I21.A,2021=100,0,"Output in the production sector / Germany / Production sector including construction (B -D, F) / Calendar and seasonally adjusted",Average,KPPR,Calendar and seasonal adjustment based on data provided by the Federal Statistical Office,2.9,8.5,
BBK:BBDE1(1.0),M,DE,Y,BAA1,A2P000000,G,C,I21,A,2010-04,90.2,P1M,1,BBDE1.M.DE.Y.BAA1.A2P000000.G.C.I21.A,2021=100,0,"Output in the production sector / Germany / Production sector including construction (B -D, F) / Calendar and seasonally adjusted",Average,KPPR,Calendar and seasonal adjustment based on data provided by the Federal Statistical Office,2.4,14.2,
BBK:BBDE1(1.0),M,DE,Y,BAA1,A2P000000,G,C,I21,A,2010-05,92.7,P1M,1,BBDE1.M.DE.Y.BAA1.A2P000000.G.C.I21.A,2021=100,0,"Output in the production sector / Germany / Production sector including construction (B -D, F) / Calendar and seasonally adjusted",Average,KPPR,Calendar and seasonal adjustment based on data provided by the Federal Statistical Office,2.8,13.0,
BBK:BBDE1(1.0),M,DE,Y,BAA1,A2P000000,G,C,I21,A,2010-06,92.0,P1M,1,BBDE1.M.DE.Y.BAA1.A2P000000.G.C.I21.A,2021=100,0,"Output in the production sector / Germany / Production sector including construction (B -D, F) / Calendar and seasonally adjusted",Average,KPPR,Calendar and seasonal adjustment based on data provided by the Federal Statistical Office,-0.8,10.3,
BBK:BBDE1(1.0),M,DE,Y,BAA1,A2P000000,G,C,I21,A,2010-07,91.7,P1M,1,BBDE1.M.DE.Y.BAA1.A2P000000.G.C.I21.A,2021=100,0,"Output in the production sector / Germany / Production sector including construction (B -D, F) / Calendar and seasonally adjusted",Average,KPPR,Calendar and seasonal adjustment based on data provided by the Federal Statistical Office,-0.3,11.3,
BBK:BBDE1(1.0),M,DE,Y,BAA1,A2P000000,G,C,I21,A,2010-08,93.0,P1M,1,BBDE1.M.DE.Y.BAA1.A2P000000.G.C.I21.A,2021=100,0,"Output in the production sector / Germany / Production sector including construction (B -D, F) / Calendar and seasonally adjusted",Average,KPPR,Calendar and seasonal adjustment based on data provided by the Federal Statistical Office,1.4,11.0,
BBK:BBDE1(1.0),M,DE,Y,BAA1,A2P000000,G,C,I21,A,2010-09,94.1,P1M,1,BBDE1.M.DE.Y.BAA1.A2P000000.G.C.I21.A,2021=100,0,"Output in the production sector / Germany / Production sector including construction (B -D, F) / Calendar and seasonally adjusted",Average,KPPR,Calendar and seasonal adjustment based on data provided by the Federal Statistical Office,1.2,8.5,
BBK:BBDE1(1.0),M,DE,Y,BAA1,A2P000000,G,C,I21,A,2010-10,95.7,P1M,1,BBDE1.M.DE.Y.BAA1.A2P000000.G.C.I21.A,2021=100,0,"Output in the production sector / Germany / Production sector including construction (B -D, F) / Calendar and seasonally adjusted",Average,KPPR,Calendar and seasonal adjustment based on data provided by the Federal Statistical Office,1.7,12.7,
BBK:BBDE1(1.0),M,DE,Y,BAA1,A2P000000,G,C,I21,A,2010-11,95.1,P1M,1,BBDE1.M.DE.Y.BAA1.A2P000000.G.C.I21.A,2021=100,0,"Output in the production sector / Germany / Production sector including construction (B -D, F) / Calendar and seasonally adjusted",Average,KPPR,Calendar and seasonal adjustment based on data provided by the Federal Statistical Office,-0.6,11.1,
BBK:BBDE1(1.0),M,DE,Y,BAA1,A2P000000,G,C,I21,A,2010-12,95.8,P1M,1,BBDE1.M.DE.Y.BAA1.A2P000000.G.C.I21.A,2021=100,0,"Output in the production sector / Germany / Production sector including construction (B -D, F) / Calendar and seasonally adjusted",Average,KPPR,Calendar and seasonal adjustment based on data provided by the Federal Statistical Office,0.7,11.7,
BBK:BBDE1(1.0),M,DE,Y,BAA1,A2P000000,G,C,I21,A,2011-01,96.6,P1M,1,BBDE1.M.DE.Y.BAA1.A2P000000.G.C.I21.A,2021=100,0,"Output in the production sector / Germany / Production sector including construction (B -D, F) / Calendar and seasonally adjusted",Average,KPPR,Calendar and seasonal adjustment based on data provided by the Federal Statistical Office,0.8,11.4,
BBK:BBDE1(1.0),M,DE,Y,BAA1,A2P000000,G,C,I21,A,2011-02,97.5,P1M,1,BBDE1.M.DE.Y.BAA1.A2P000000.G.C.I21.A,2021=100,0,"Output in the production sector / Germany / Production sector including construction (B -D, F) / Calendar and seasonally adjusted",Average,KPPR,Calendar and seasonal adjustment based on data provided by the Federal Statistical Office,0.9,13.9,
BBK:BBDE1(1.0),M,DE,Y,BAA1,A2P000000,G,C,I21,A,2011-03,97.8,P1M,1,BBDE1.M.DE.Y.BAA1.A2P000000.G.C.I21.A,2021=100,0,"Output in the production sector / Germany / Production sector including construction (B -D, F) / Calendar and seasonally adjusted",Average,KPPR,Calendar and seasonal adjustment based on data provided by the Federal Statistical Office,0.3,11.0,
BBK:BBDE1(1.0),M,DE,Y,BAA1,A2P000000,G,C,I21,A,2011-04,97.9,P1M,1,BBDE1.M.DE.Y.BAA1.A2P000000.G.C.I21.A,2021=100,0,"Output in the production sector / Germany / Production sector including construction (B -D, F) / Calendar and seasonally adjusted",Average,KPPR,Calendar and seasonal adjustment based on data provided by the Federal Statistical Office,0.1,8.5,
BBK:BBDE1(1.0),M,DE,Y,BAA1,A2P000000,G,C,I21,A,2011-05,98.8,P1M,1,BBDE1.M.DE.Y.BAA1.A2P000000.G.C.I21.A,2021=100,0,"Output in the production sector / Germany / Production sector including construction (B -D, F) / Calendar and seasonally adjusted",Average,KPPR,Calendar and seasonal adjustment based on data provided by the Federal Statistical Office,0.9,6.6,
BBK:BBDE1(1.0),M,DE,Y,BAA1,A2P000000,G,C,I21,A,2011-06,97.4,P1M,1,BBDE1.M.DE.Y.BAA1.A2P000000.G.C.I21.A,2021=100,0,"Output in the production sector / Germany / Production sector including construction (B -D, F) / Calendar and seasonally adjusted",Average,KPPR,Calendar and seasonal adjustment based on data provided by the Federal Statistical Office,-1.4,5.9,
BBK:BBDE1(1.0),M,DE,Y,BAA1,A2P000000,G,C,I21,A,2011-07,100.3,P1M,1,BBDE1.M.DE.Y.BAA1.A2P000000.G.C.I21.A,2021=100,0,"Output in the production sector / Germany / Production sector including construction (B -D, F) / Calendar and seasonally adjusted",Average,KPPR,Calendar and seasonal adjustment based on data provided by the Federal Statistical Office,3.0,9.4,
BBK:BBDE1(1.0),M,DE,Y,BAA1,A2P000000,G,C,I21,A,2011-08,99.7,P1M,1,BBDE1.M.DE.Y.BAA1.A2P000000.G.C.I21.A,2021=100,0,"Output in the production sector / Germany / Production sector including construction (B -D, F) / Calendar and seasonally adjusted",Average,KPPR,Calendar and seasonal adjustment based on data provided by the Federal Statistical Office,-0.6,7.2,
BBK:BBDE1(1.0),M,DE,Y,BAA1,A2P000000,G,C,I21,A,2011-09,98.1,P1M,1,BBDE1.M.DE.Y.BAA1.A2P000000.G.C.I21.A,2021=100,0,"Output in the production sector / Germany / Production sector including construction (B -D, F) / Calendar and seasonally adjusted",Average,KPPR,Calendar and seasonal adjustment based on data provided by the Federal Statistical Office,-1.6,4.3,
BBK:BBDE1(1.0),M,DE,Y,BAA1,A2P000000,G,C,I21,A,2011-10,99.4,P1M,1,BBDE1.M.DE.Y.BAA1.A2P000000.G.C.I21.A,2021=100,0,"Output in the production sector / Germany / Production sector including construction (B -D, F) / Calendar and seasonally adjusted",Average,KPPR,Calendar and seasonal adjustment based on data provided by the Federal Statistical Office,1.3,3.9,
BBK:BBDE1(1.0),M,DE,Y,BAA1,A2P000000,G,C,I21,A,2011-11,99.0,P1M,1,BBDE1.M.DE.Y.BAA1.A2P000000.G.C.I21.A,2021=100,0,"Output in the production sector / Germany / Production sector including construction (B -D, F) / Calendar and seasonally adjusted",Average,KPPR,Calendar and seasonal adjustment based on data provided by the Federal Statistical Office,-0.4,4.1,
BBK:BBDE1(1.0),M,DE,Y,BAA1,A2P000000,G,C,I21,A,2011-12,97.9,P1M,1,BBDE1.M.DE.Y.BAA1.A2P000000.G.C.I21.A,2021=100,0,"Output in the production sector / Germany / Production sector including construction (B -D, F) / Calendar and seasonally adjusted",Average,KPPR,Calendar and seasonal adjustment based on data provided by the Federal Statistical Office,-1.1,2.2,
BBK:BBDE1(1.0),M,DE,Y,BAA1,A2P000000,G,C,I21,A,2012-01,98.2,P1M,1,BBDE1.M.DE.Y.BAA1.A2P000000.G.C.I21.A,2021=100,0,"Output in the production sector / Germany / Production sector including construction (B -D, F) / Calendar and seasonally adjusted",Average,KPPR,Calendar and seasonal adjustment based on data provided by the Federal Statistical Office,0.3,1.7,
BBK:BBDE1(1.0),M,DE,Y,BAA1,A2P000000,G,C,I21,A,2012-02,97.5,P1M,1,BBDE1.M.DE.Y.BAA1.A2P000000.G.C.I21.A,2021=100,0,"Output in the production sector / Germany / Production sector including construction (B -D, F) / Calendar and seasonally adjusted",Average,KPPR,Calendar and seasonal adjustment based on data provided by the Federal Statistical Office,-0.7,0.0,
BBK:BBDE1(1.0),M,DE,Y,BAA1,A2P000000,G,C,I21,A,2012-03,99.5,P1M,1,BBDE1.M.DE.Y.BAA1.A2P000000.G.C.I21.A,2021=100,0,"Output in the production sector / Germany / Production sector including construction (B -D, F) / Calendar and seasonally adjusted",Average,KPPR,Calendar and seasonal adjustment based on data provided by the Federal Statistical Office,2.1,1.7,
BBK:BBDE1(1.0),M,DE,Y,BAA1,A2P000000,G,C,I21,A,2012-04,97.7,P1M,1,BBDE1.M.DE.Y.BAA1.A2P000000.G.C.I21.A,2021=100,0,"Output in the production sector / Germany / Production sector including construction (B -D, F) / Calendar and seasonally adjusted",Average,KPPR,Calendar and seasonal adjustment based on data provided by the Federal Statistical Office,-1.8,-0.2,
BBK:BBDE1(1.0),M,DE,Y,BAA1,A2P000000,G,C,I21,A,2012-05,99.4,P1M,1,BBDE1.M.DE.Y.BAA1.A2P000000.G.C.I21.A,2021=100,0,"Output in the production sector / Germany / Production sector including construction (B -D, F) / Calendar and seasonally adjusted",Average,KPPR,Calendar and seasonal adjustment based on data provided by the Federal Statistical Office,1.7,0.6,
BBK:BBDE1(1.0),M,DE,Y,BAA1,A2P000000,G,C,I21,A,2012-06,98.5,P1M,1,BBDE1.M.DE.Y.BAA1.A2P000000.G.C.I21.A,2021=100,0,"Output in the production sector / Germany / Production sector including construction (B -D, F) / Calendar and seasonally adjusted",Average,KPPR,Calendar and seasonal adjustment based on data provided by the Federal Statistical Office,-0.9,1.1,
BBK:BBDE1(1.0),M,DE,Y,BAA1,A2P000000,G,C,I21,A,2012-07,99.2,P1M,1,BBDE1.M.DE.Y.BAA1.A2P000000.G.C.I21.A,2021=100,0,"Output in the production sector / Germany / Production sector including construction (B -D, F) / Calendar and seasonally adjusted",Average,KPPR,Calendar and seasonal adjustment based on data provided by the Federal Statistical Office,0.7,-1.1,
BBK:BBDE1(1.0),M,DE,Y,BAA1,A2P000000,G,C,I21,A,2012-08,99.2,P1M,1,BBDE1.M.DE.Y.BAA1.A2P000000.G.C.I21.A,2021=100,0,"Output in the production sector / Germany / Production sector including construction (B -D, F) / Calendar and seasonally adjusted",Average,KPPR,Calendar and seasonal adjustment based on data provided by the Federal Statistical Office,0.0,-0.5,
BBK:BBDE1(1.0),M,DE,Y,BAA1,A2P000000,G,C,I21,A,2012-09,98.4,P1M,1,BBDE1.M.DE.Y.BAA1.A2P000000.G.C.I21.A,2021=100,0,"Output in the production sector / Germany / Production sector including construction (B -D, F) / Calendar and seasonally adjusted",Average,KPPR,Calendar and seasonal adjustment based on data provided by the Federal Statistical Office,-0.8,0.3,
BBK:BBDE1(1.0),M,DE,Y,BAA1,A2P000000,G,C,I21,A,2012-10,96.9,P1M,1,BBDE1.M.DE.Y.BAA1.A2P000000.G.C.I21.A,2021=100,0,"Output in the production sector / Germany / Production sector including construction (B -D, F) / Calendar and seasonally adjusted",Average,KPPR,Calendar and seasonal adjustment based on data provided by the Federal Statistical Office,-1.5,-2.5,
BBK:BBDE1(1.0),M,DE,Y,BAA1,A2P000000,G,C,I21,A,2012-11,96.2,P1M,1,BBDE1.M.DE.Y.BAA1.A2P000000.G.C.I21.A,2021=100,0,"Output in the production sector / Germany / Production sector including construction (B -D, F) / Calendar and seasonally adjusted",Average,KPPR,Calendar and seasonal adjustment based on data provided by the Federal Statistical Office,-0.7,-2.8,
BBK:BBDE1(1.0),M,DE,Y,BAA1,A2P000000,G,C,I21,A,2012-12,96.4,P1M,1,BBDE1.M.DE.Y.BAA1.A2P000000.G.C.I21.A,2021=100,0,"Output in the production sector / Germany / Production sector including construction (B -D, F) / Calendar and seasonally adjusted",Average,KPPR,Calendar and seasonal adjustment based on data provided by the Federal Statistical Office,0.2,-1.5,
BBK:BBDE1(1.0),M,DE,Y,BAA1,A2P000000,G,C,I21,A,2013-01,95.7,P1M,1,BBDE1.M.DE.Y.BAA1.A2P000000.G.C.I21.A,2021=100,0,"Output in the production sector / Germany / Production sector including construction (B -D, F) / Calendar and seasonally adjusted",Average,KPPR,Calendar and seasonal adjustment based on data provided by the Federal Statistical Office,-0.7,-2.5,
BBK:BBDE1(1.0),M,DE,Y,BAA1,A2P000000,G,C,I21,A,2013-02,96.1,P1M,1,BBDE1.M.DE.Y.BAA1.A2P000000.G.C.I21.A,2021=100,0,"Output in the production sector / Germany / Production sector including construction (B -D, F) / Calendar and seasonally adjusted",Average,KPPR,Calendar and seasonal adjustment based on data provided by the Federal Statistical Office,0.4,-1.4,
BBK:BBDE1(1.0),M,DE,Y,BAA1,A2P000000,G,C,I21,A,2013-03,97.3,P1M,1,BBDE1.M.DE.Y.BAA1.A2P000000.G.C.I21.A,2021=100,0,"Output in the production sector / Germany / Production sector including construction (B -D, F) / Calendar and seasonally adjusted",Average,KPPR,Calendar and seasonal adjustment based on data provided by the Federal Statistical Office,1.2,-2.2,
BBK:BBDE1(1.0),M,DE,Y,BAA1,A2P000000,G,C,I21,A,2013-04,98.1,P1M,1,BBDE1.M.DE.Y.BAA1.A2P000000.G.C.I21.A,2021=100,0,"Output in the production sector / Germany / Production sector including construction (B -D, F) / Calendar and seasonally adjusted",Average,KPPR,Calendar and seasonal adjustment based on data provided by the Federal Statistical Office,0.8,0.4,
BBK:BBDE1(1.0),M,DE,Y,BAA1,A2P000000,G,C,I21,A,2013-05,97.1,P1M,1,BBDE1.M.DE.Y.BAA1.A2P000000.G.C.I21.A,2021=100,0,"Output in the production sector / Germany / Production sector including construction (B -D, F) / Calendar and seasonally adjusted",Average,KPPR,Calendar and seasonal adjustment based on data provided by the Federal Statistical Office,-1.0,-2.3,
BBK:BBDE1(1.0),M,DE,Y,BAA1,A2P000000,G,C,I21,A,2013-06,98.9,P1M,1,BBDE1.M.DE.Y.BAA1.A2P000000.G.C.I21.A,2021=100,0,"Output in the production sector / Germany / Production sector including construction (B -D, F) / Calendar and seasonally adjusted",Average,KPPR,Calendar and seasonal adjustment based on data provided by the Federal Statistical Office,1.9,0.4,
BBK:BBDE1(1.0),M,DE,Y,BAA1,A2P000000,G,C,I21,A,2013-07,97.8,P1M,1,BBDE1.M.DE.Y.BAA1.A2P000000.G.C.I21.A,2021=100,0,"Output in the production sector / Germany / Production sector including construction (B -D, F) / Calendar and seasonally adjusted",Average,KPPR,Calendar and seasonal adjustment based on data provided by the Federal Statistical Office,-1.1,-1.4,
BBK:BBDE1(1.0),M,DE,Y,BAA1,A2P000000,G,C,I21,A,2013-08,99.4,P1M,1,BBDE1.M.DE.Y.BAA1.A2P000000.G.C.I21.A,2021=100,0,"Output in the production sector / Germany / Production sector including construction (B -D, F) / Calendar and seasonally adjusted",Average,KPPR,Calendar and seasonal adjustment based on data provided by the Federal Statistical Office,1.6,0.2,
BBK:BBDE1(1.0),M,DE,Y,BAA1,A2P000000,G,C,I21,A,2013-09,99.1,P1M,1,BBDE1.M.DE.Y.BAA1.A2P000000.G.C.I21.A,2021=100,0,"Output in the production sector / Germany / Production sector including construction (B -D, F) / Calendar and seasonally adjusted",Average,KPPR,Calendar and seasonal adjustment based on data provided by the Federal Statistical Office,-0.3,0.7,
BBK:BBDE1(1.0),M,DE,Y,BAA1,A2P000000,G,C,I21,A,2013-10,98.5,P1M,1,BBDE1.M.DE.Y.BAA1.A2P000000.G.C.I21.A,2021=100,0,"Output in the production sector / Germany / Production sector including construction (B -D, F) / Calendar and seasonally adjusted",Average,KPPR,Calendar and seasonal adjustment based on data provided by the Federal Statistical Office,-0.6,1.7,
BBK:BBDE1(1.0),M,DE,Y,BAA1,A2P000000,G,C,I21,A,2013-11,100.1,P1M,1,BBDE1.M.DE.Y.BAA1.A2P000000.G.C.I21.A,2021=100,0,"Output in the production sector / Germany / Production sector including construction (B -D, F) / Calendar and seasonally adjusted",Average,KPPR,Calendar and seasonal adjustment based on data provided by the Federal Statistical Office,1.6,4.1,
BBK:BBDE1(1.0),M,DE,Y,BAA1,A2P000000,G,C,I21,A,2013-12,100.4,P1M,1,BBDE1.M.DE.Y.BAA1.A2P000000.G.C.I21.A,2021=100,0,"Output in the production sector / Germany / Production sector including construction (B -D, F) / Calendar and seasonally adjusted",Average,KPPR,Calendar and seasonal adjustment based on data provided by the Federal Statistical Office,0.3,4.1,
BBK:BBDE1(1.0),M,DE,Y,BAA1,A2P000000,G,C,I21,A,2014-01,100.1,P1M,1,BBDE1.M.DE.Y.BAA1.A2P000000.G.C.I21.A,2021=100,0,"Output in the production sector / Germany / Production sector including construction (B -D, F) / Calendar and seasonally adjusted",Average,KPPR,Calendar and seasonal adjustment based on data provided by the Federal Statistical Office,-0.3,4.6,
BBK:BBDE1(1.0),M,DE,Y,BAA1,A2P000000,G,C,I21,A,2014-02,100.1,P1M,1,BBDE1.M.DE.Y.BAA1.A2P000000.G.C.I21.A,2021=100,0,"Output in the production sector / Germany / Production sector including construction (B -D, F) / Calendar and seasonally adjusted",Average,KPPR,Calendar and seasonal adjustment based on data provided by the Federal Statistical Office,0.0,4.2,
BBK:BBDE1(1.0),M,DE,Y,BAA1,A2P000000,G,C,I21,A,2014-03,100.0,P1M,1,BBDE1.M.DE.Y.BAA1.A2P000000.G.C.I21.A,2021=100,0,"Output in the production sector / Germany / Production sector including construction (B -D, F) / Calendar and seasonally adjusted",Average,KPPR,Calendar and seasonal adjustment based on data provided by the Federal Statistical Office,-0.1,2.8,
BBK:BBDE1(1.0),M,DE,Y,BAA1,A2P000000,G,C,I21,A,2014-04,99.7,P1M,1,BBDE1.M.DE.Y.BAA1.A2P000000.G.C.I21.A,2021=100,0,"Output in the production sector / Germany / Production sector including construction (B -D, F) / Calendar and seasonally adjusted",Average,KPPR,Calendar and seasonal adjustment based on data provided by the Federal Statistical Office,-0.3,1.6,
BBK:BBDE1(1.0),M,DE,Y,BAA1,A2P000000,G,C,I21,A,2014-05,98.9,P1M,1,BBDE1.M.DE.Y.BAA1.A2P000000.G.C.I21.A,2021=100,0,"Output in the production sector / Germany / Production sector including construction (B -D, F) / Calendar and seasonally adjusted",Average,KPPR,Calendar and seasonal adjustment based on data provided by the Federal Statistical Office,-0.8,1.9,
BBK:BBDE1(1.0),M,DE,Y,BAA1,A2P000000,G,C,I21,A,2014-06,99.2,P1M,1,BBDE1.M.DE.Y.BAA1.A2P000000.G.C.I21.A,2021=100,0,"Output in the production sector / Germany / Production sector including construction (B -D, F) / Calendar and seasonally adjusted",Average,KPPR,Calendar and seasonal adjustment based on data provided by the Federal Statistical Office,0.3,0.3,
BBK:BBDE1(1.0),M,DE,Y,BAA1,A2P000000,G,C,I21,A,2014-07,100.7,P1M,1,BBDE1.M.DE.Y.BAA1.A2P000000.G.C.I21.A,2021=100,0,"Output in the production sector / Germany / Production sector including construction (B -D, F) / Calendar and seasonally adjusted",Average,KPPR,Calendar and seasonal adjustment based on data provided by the Federal Statistical Office,1.5,3.0,
BBK:BBDE1(1.0),M,DE,Y,BAA1,A2P000000,G,C,I21,A,2014-08,97.4,P1M,1,BBDE1.M.DE.Y.BAA1.A2P000000.G.C.I21.A,2021=100,0,"Output in the production sector / Germany / Production sector including construction (B -D, F) / Calendar and seasonally adjusted",Average,KPPR,Calendar and seasonal adjustment based on data provided by the Federal Statistical Office,-3.3,-2.0,
BBK:BBDE1(1.0),M,DE,Y,BAA1,A2P000000,G,C,I21,A,2014-09,99.6,P1M,1,BBDE1.M.DE.Y.BAA1.A2P000000.G.C.I21.A,2021=100,0,"Output in the production sector / Germany / Production sector including construction (B -D, F) / Calendar and seasonally adjusted",Average,KPPR,Calendar and seasonal adjustment based on data provided by the Federal Statistical Office,2.3,0.5,
BBK:BBDE1(1.0),M,DE,Y,BAA1,A2P000000,G,C,I21,A,2014-10,99.8,P1M,1,BBDE1.M.DE.Y.BAA1.A2P000000.G.C.I21.A,2021=100,0,"Output in the production sector / Germany / Production sector including construction (B -D, F) / Calendar and seasonally adjusted",Average,KPPR,Calendar and seasonal adjustment based on data provided by the Federal Statistical Office,0.2,1.3,
BBK:BBDE1(1.0),M,DE,Y,BAA1,A2P000000,G,C,I21,A,2014-11,99.8,P1M,1,BBDE1.M.DE.Y.BAA1.A2P000000.G.C.I21.A,2021=100,0,"Output in the production sector / Germany / Production sector including construction (B -D, F) / Calendar and seasonally adjusted",Average,KPPR,Calendar and seasonal adjustment based on data provided by the Federal Statistical Office,0.0,-0.3,
BBK:BBDE1(1.0),M,DE,Y,BAA1,A2P000000,G,C,I21,A,2014-12,101.4,P1M,1,BBDE1.M.DE.Y.BAA1.A2P000000.G.C.I21.A,2021=100,0,"Output in the production sector / Germany / Production sector including construction (B -D, F) / Calendar and seasonally adjusted",Average,KPPR,Calendar and seasonal adjustment based on data provided by the Federal Statistical Office,1.6,1.0,
BBK:BBDE1(1.0),M,DE,Y,BAA1,A2P000000,G,C,I21,A,2015-01,99.8,P1M,1,BBDE1.M.DE.Y.BAA1.A2P000000.G.C.I21.A,2021=100,0,"Output in the production sector / Germany / Production sector including construction (B -D, F) / Calendar and seasonally adjusted",Average,KPPR,Calendar and seasonal adjustment based on data provided by the Federal Statistical Office,-1.6,-0.3,
BBK:BBDE1(1.0),M,DE,Y,BAA1,A2P000000,G,C,I21,A,2015-02,100.2,P1M,1,BBDE1.M.DE.Y.BAA1.A2P000000.G.C.I21.A,2021=100,0,"Output in the production sector / Germany / Production sector including construction (B -D, F) / Calendar and seasonally adjusted",Average,KPPR,Calendar and seasonal adjustment based on data provided by the Federal Statistical Office,0.4,0.1,
BBK:BBDE1(1.0),M,DE,Y,BAA1,A2P000000,G,C,I21,A,2015-03,100.3,P1M,1,BBDE1.M.DE.Y.BAA1.A2P000000.G.C.I21.A,2021=100,0,"Output in the production sector / Germany / Production sector including construction (B -D, F) / Calendar and seasonally adjusted",Average,KPPR,Calendar and seasonal adjustment based on data provided by the Federal Statistical Office,0.1,0.3,
BBK:BBDE1(1.0),M,DE,Y,BAA1,A2P000000,G,C,I21,A,2015-04,101.0,P1M,1,BBDE1.M.DE.Y.BAA1.A2P000000.G.C.I21.A,2021=100,0,"Output in the production sector / Germany / Production sector including construction (B -D, F) / Calendar and seasonally adjusted",Average,KPPR,Calendar and seasonal adjustment based on data provided by the Federal Statistical Office,0.7,1.3,
BBK:BBDE1(1.0),M,DE,Y,BAA1,A2P000000,G,C,I21,A,2015-05,101.2,P1M,1,BBDE1.M.DE.Y.BAA1.A2P000000.G.C.I21.A,2021=100,0,"Output in the production sector / Germany / Production sector including construction (B -D, F) / Calendar and seasonally adjusted",Average,KPPR,Calendar and seasonal adjustment based on data provided by the Federal Statistical Office,0.2,2.3,
BBK:BBDE1(1.0),M,DE,Y,BAA1,A2P000000,G,C,I21,A,2015-06,100.9,P1M,1,BBDE1.M.DE.Y.BAA1.A2P000000.G.C.I21.A,2021=100,0,"Output in the production sector / Germany / Production sector including construction (B -D, F) / Calendar and seasonally adjusted",Average,KPPR,Calendar and seasonal adjustment based on data provided by the Federal Statistical Office,-0.3,1.7,
BBK:BBDE1(1.0),M,DE,Y,BAA1,A2P000000,G,C,I21,A,2015-07,102.3,P1M,1,BBDE1.M.DE.Y.BAA1.A2P000000.G.C.I21.A,2021=100,0,"Output in the production sector / Germany / Production sector including construction (B -D, F) / Calendar and seasonally adjusted",Average,KPPR,Calendar and seasonal adjustment based on data provided by the Federal Statistical Office,1.4,1.6,
BBK:BBDE1(1.0),M,DE,Y,BAA1,A2P000000,G,C,I21,A,2015-08,100.3,P1M,1,BBDE1.M.DE.Y.BAA1.A2P000000.G.C.I21.A,2021=100,0,"Output in the production sector / Germany / Production sector including construction (B -D, F) / Calendar and seasonally adjusted",Average,KPPR,Calendar and seasonal adjustment based on data provided by the Federal Statistical Office,-2.0,3.0,
BBK:BBDE1(1.0),M,DE,Y,BAA1,A2P000000,G,C,I21,A,2015-09,100.2,P1M,1,BBDE1.M.DE.Y.BAA1.A2P000000.G.C.I21.A,2021=100,0,"Output in the production sector / Germany / Production sector including construction (B -D, F) / Calendar and seasonally adjusted",Average,KPPR,Calendar and seasonal adjustment based on data provided by the Federal Statistical Office,-0.1,0.6,
BBK:BBDE1(1.0),M,DE,Y,BAA1,A2P000000,G,C,I21,A,2015-10,100.9,P1M,1,BBDE1.M.DE.Y.BAA1.A2P000000.G.C.I21.A,2021=100,0,"Output in the production sector / Germany / Production sector including construction (B -D, F) / Calendar and seasonally adjusted",Average,KPPR,Calendar and seasonal adjustment based on data provided by the Federal Statistical Office,0.7,1.1,
BBK:BBDE1(1.0),M,DE,Y,BAA1,A2P000000,G,C,I21,A,2015-11,100.0,P1M,1,BBDE1.M.DE.Y.BAA1.A2P000000.G.C.I21.A,2021=100,0,"Output in the production sector / Germany / Production sector including construction (B -D, F) / Calendar and seasonally adjusted",Average,KPPR,Calendar and seasonal adjustment based on data provided by the Federal Statistical Office,-0.9,0.2,
BBK:BBDE1(1.0),M,DE,Y,BAA1,A2P000000,G,C,I21,A,2015-12,100.7,P1M,1,BBDE1.M.DE.Y.BAA1.A2P000000.G.C.I21.A,2021=100,0,"Output in the production sector / Germany / Production sector including construction (B -D, F) / Calendar and seasonally adjusted",Average,KPPR,Calendar and seasonal adjustment based on data provided by the Federal Statistical Office,0.7,-0.7,
BBK:BBDE1(1.0),M,DE,Y,BAA1,A2P000000,G,C,I21,A,2016-01,102.6,P1M,1,BBDE1.M.DE.Y.BAA1.A2P000000.G.C.I21.A,2021=100,0,"Output in the production sector / Germany / Production sector including construction (B -D, F) / Calendar and seasonally adjusted",Average,KPPR,Calendar and seasonal adjustment based on data provided by the Federal Statistical Office,1.9,2.8,
BBK:BBDE1(1.0),M,DE,Y,BAA1,A2P000000,G,C,I21,A,2016-02,102.6,P1M,1,BBDE1.M.DE.Y.BAA1.A2P000000.G.C.I21.A,2021=100,0,"Output in the production sector / Germany / Production sector including construction (B -D, F) / Calendar and seasonally adjusted",Average,KPPR,Calendar and seasonal adjustment based on data provided by the Federal Statistical Office,0.0,2.4,
BBK:BBDE1(1.0),M,DE,Y,BAA1,A2P000000,G,C,I21,A,2016-03,101.7,P1M,1,BBDE1.M.DE.Y.BAA1.A2P000000.G.C.I21.A,2021=100,0,"Output in the production sector / Germany / Production sector including construction (B -D, F) / Calendar and seasonally adjusted",Average,KPPR,Calendar and seasonal adjustment based on data provided by the Federal Statistical Office,-0.9,1.4,
BBK:BBDE1(1.0),M,DE,Y,BAA1,A2P000000,G,C,I21,A,2016-04,102.1,P1M,1,BBDE1.M.DE.Y.BAA1.A2P000000.G.C.I21.A,2021=100,0,"Output in the production sector / Germany / Production sector including construction (B -D, F) / Calendar and seasonally adjusted",Average,KPPR,Calendar and seasonal adjustment based on data provided by the Federal Statistical Office,0.4,1.1,
BBK:BBDE1(1.0),M,DE,Y,BAA1,A2P000000,G,C,I21,A,2016-05,100.7,P1M,1,BBDE1.M.DE.Y.BAA1.A2P000000.G.C.I21.A,2021=100,0,"Output in the production sector / Germany / Production sector including construction (B -D, F) / Calendar and seasonally adjusted",Average,KPPR,Calendar and seasonal adjustment based on data provided by the Federal Statistical Office,-1.4,-0.5,
BBK:BBDE1(1.0),M,DE,Y,BAA1,A2P000000,G,C,I21,A,2016-06,102.3,P1M,1,BBDE1.M.DE.Y.BAA1.A2P000000.G.C.I21.A,2021=100,0,"Output in the production sector / Germany / Production sector including construction (B -D, F) / Calendar and seasonally adjusted",Average,KPPR,Calendar and seasonal adjustment based on data provided by the Federal Statistical Office,1.6,1.4,
BBK:BBDE1(1.0),M,DE,Y,BAA1,A2P000000,G,C,I21,A,2016-07,101.5,P1M,1,BBDE1.M.DE.Y.BAA1.A2P000000.G.C.I21.A,2021=100,0,"Output in the production sector / Germany / Production sector including construction (B -D, F) / Calendar and seasonally adjusted",Average,KPPR,Calendar and seasonal adjustment based on data provided by the Federal Statistical Office,-0.8,-0.8,
BBK:BBDE1(1.0),M,DE,Y,BAA1,A2P000000,G,C,I21,A,2016-08,102.8,P1M,1,BBDE1.M.DE.Y.BAA1.A2P000000.G.C.I21.A,2021=100,0,"Output in the production sector / Germany / Production sector including construction (B -D, F) / Calendar and seasonally adjusted",Average,KPPR,Calendar and seasonal adjustment based on data provided by the Federal Statistical Office,1.3,2.5,
BBK:BBDE1(1.0),M,DE,Y,BAA1,A2P000000,G,C,I21,A,2016-09,102.5,P1M,1,BBDE1.M.DE.Y.BAA1.A2P000000.G.C.I21.A,2021=100,0,"Output in the production sector / Germany / Production sector including construction (B -D, F) / Calendar and seasonally adjusted",Average,KPPR,Calendar and seasonal adjustment based on data provided by the Federal Statistical Office,-0.3,2.3,
BBK:BBDE1(1.0),M,DE,Y,BAA1,A2P000000,G,C,I21,A,2016-10,103.0,P1M,1,BBDE1.M.DE.Y.BAA1.A2P000000.G.C.I21.A,2021=100,0,"Output in the production sector / Germany / Production sector including construction (B -D, F) / Calendar and seasonally adjusted",Average,KPPR,Calendar and seasonal adjustment based on data provided by the Federal Statistical Office,0.5,2.1,
BBK:BBDE1(1.0),M,DE,Y,BAA1,A2P000000,G,C,I21,A,2016-11,102.9,P1M,1,BBDE1.M.DE.Y.BAA1.A2P000000.G.C.I21.A,2021=100,0,"Output in the production sector / Germany / Production sector including construction (B -D, F) / Calendar and seasonally adjusted",Average,KPPR,Calendar and seasonal adjustment based on data provided by the Federal Statistical Office,-0.1,2.9,
BBK:BBDE1(1.0),M,DE,Y,BAA1,A2P000000,G,C,I21,A,2016-12,101.1,P1M,1,BBDE1.M.DE.Y.BAA1.A2P000000.G.C.I21.A,2021=100,0,"Output in the production sector / Germany / Production sector including construction (B -D, F) / Calendar and seasonally adjusted",Average,KPPR,Calendar and seasonal adjustment based on data provided by the Federal Statistical Office,-1.7,0.4,
BBK:BBDE1(1.0),M,DE,Y,BAA1,A2P000000,G,C,I21,A,2017-01,101.8,P1M,1,BBDE1.M.DE.Y.BAA1.A2P000000.G.C.I21.A,2021=100,0,"Output in the production sector / Germany / Production sector including construction (B -D, F) / Calendar and seasonally adjusted",Average,KPPR,Calendar and seasonal adjustment based on data provided by the Federal Statistical Office,0.7,-0.8,
BBK:BBDE1(1.0),M,DE,Y,BAA1,A2P000000,G,C,I21,A,2017-02,103.5,P1M,1,BBDE1.M.DE.Y.BAA1.A2P000000.G.C.I21.A,2021=100,0,"Output in the production sector / Germany / Production sector including construction (B -D, F) / Calendar and seasonally adjusted",Average,KPPR,Calendar and seasonal adjustment based on data provided by the Federal Statistical Office,1.7,0.9,
BBK:BBDE1(1.0),M,DE,Y,BAA1,A2P000000,G,C,I21,A,2017-03,103.0,P1M,1,BBDE1.M.DE.Y.BAA1.A2P000000.G.C.I21.A,2021=100,0,"Output in the production sector / Germany / Production sector including construction (B -D, F) / Calendar and seasonally adjusted",Average,KPPR,Calendar and seasonal adjustment based on data provided by the Federal Statistical Office,-0.5,1.3,
BBK:BBDE1(1.0),M,DE,Y,BAA1,A2P000000,G,C,I21,A,2017-04,105.0,P1M,1,BBDE1.M.DE.Y.BAA1.A2P000000.G.C.I21.A,2021=100,0,"Output in the production sector / Germany / Production sector including construction (B -D, F) / Calendar and seasonally adjusted",Average,KPPR,Calendar and seasonal adjustment based on data provided by the Federal Statistical Office,1.9,2.8,
BBK:BBDE1(1.0),M,DE,Y,BAA1,A2P000000,G,C,I21,A,2017-05,105.1,P1M,1,BBDE1.M.DE.Y.BAA1.A2P000000.G.C.I21.A,2021=100,0,"Output in the production sector / Germany / Production sector including construction (B -D, F) / Calendar and seasonally adjusted",Average,KPPR,Calendar and seasonal adjustment based on data provided by the Federal Statistical Office,0.1,4.4,
BBK:BBDE1(1.0),M,DE,Y,BAA1,A2P000000,G,C,I21,A,2017-06,105.0,P1M,1,BBDE1.M.DE.Y.BAA1.A2P000000.G.C.I21.A,2021=100,0,"Output in the production sector / Germany / Production sector including construction (B -D, F) / Calendar and seasonally adjusted",Average,KPPR,Calendar and seasonal adjustment based on data provided by the Federal Statistical Office,-0.1,2.6,
BBK:BBDE1(1.0),M,DE,Y,BAA1,A2P000000,G,C,I21,A,2017-07,105.4,P1M,1,BBDE1.M.DE.Y.BAA1.A2P000000.G.C.I21.A,2021=100,0,"Output in the production sector / Germany / Production sector including construction (B -D, F) / Calendar and seasonally adjusted",Average,KPPR,Calendar and seasonal adjustment based on data provided by the Federal Statistical Office,0.4,3.8,
BBK:BBDE1(1.0),M,DE,Y,BAA1,A2P000000,G,C,I21,A,2017-08,107.4,P1M,1,BBDE1.M.DE.Y.BAA1.A2P000000.G.C.I21.A,2021=100,0,"Output in the production sector / Germany / Production sector including construction (B -D, F) / Calendar and seasonally adjusted",Average,KPPR,Calendar and seasonal adjustment based on data provided by the Federal Statistical Office,1.9,4.5,
BBK:BBDE1(1.0),M,DE,Y,BAA1,A2P000000,G,C,I21,A,2017-09,106.6,P1M,1,BBDE1.M.DE.Y.BAA1.A2P000000.G.C.I21.A,2021=100,0,"Output in the production sector / Germany / Production sector including construction (B -D, F) / Calendar and seasonally adjusted",Average,KPPR,Calendar and seasonal adjustment based on data provided by the Federal Statistical Office,-0.7,4.0,
BBK:BBDE1(1.0),M,DE,Y,BAA1,A2P000000,G,C,I21,A,2017-10,105.3,P1M,1,BBDE1.M.DE.Y.BAA1.A2P000000.G.C.I21.A,2021=100,0,"Output in the production sector / Germany / Production sector including construction (B -D, F) / Calendar and seasonally adjusted",Average,KPPR,Calendar and seasonal adjustment based on data provided by the Federal Statistical Office,-1.2,2.2,
BBK:BBDE1(1.0),M,DE,Y,BAA1,A2P000000,G,C,I21,A,2017-11,108.5,P1M,1,BBDE1.M.DE.Y.BAA1.A2P000000.G.C.I21.A,2021=100,0,"Output in the production sector / Germany / Production sector including construction (B -D, F) / Calendar and seasonally adjusted",Average,KPPR,Calendar and seasonal adjustment based on data provided by the Federal Statistical Office,3.0,5.4,
BBK:BBDE1(1.0),M,DE,Y,BAA1,A2P000000,G,C,I21,A,2017-12,107.9,P1M,1,BBDE1.M.DE.Y.BAA1.A2P000000.G.C.I21.A,2021=100,0,"Output in the production sector / Germany / Production sector including construction (B -D, F) / Calendar and seasonally adjusted",Average,KPPR,Calendar and seasonal adjustment based on data provided by the Federal Statistical Office,-0.6,6.7,
BBK:BBDE1(1.0),M,DE,Y,BAA1,A2P000000,G,C,I21,A,2018-01,107.2,P1M,1,BBDE1.M.DE.Y.BAA1.A2P000000.G.C.I21.A,2021=100,0,"Output in the production sector / Germany / Production sector including construction (B -D, F) / Calendar and seasonally adjusted",Average,KPPR,Calendar and seasonal adjustment based on data provided by the Federal Statistical Office,-0.6,5.3,
BBK:BBDE1(1.0),M,DE,Y,BAA1,A2P000000,G,C,I21,A,2018-02,104.9,P1M,1,BBDE1.M.DE.Y.BAA1.A2P000000.G.C.I21.A,2021=100,0,"Output in the production sector / Germany / Production sector including construction (B -D, F) / Calendar and seasonally adjusted",Average,KPPR,Calendar and seasonal adjustment based on data provided by the Federal Statistical Office,-2.1,1.4,
BBK:BBDE1(1.0),M,DE,Y,BAA1,A2P000000,G,C,I21,A,2018-03,106.4,P1M,1,BBDE1.M.DE.Y.BAA1.A2P000000.G.C.I21.A,2021=100,0,"Output in the production sector / Germany / Production sector including construction (B -D, F) / Calendar and seasonally adjusted",Average,KPPR,Calendar and seasonal adjustment based on data provided by the Federal Statistical Office,1.4,3.3,
BBK:BBDE1(1.0),M,DE,Y,BAA1,A2P000000,G,C,I21,A,2018-04,106.2,P1M,1,BBDE1.M.DE.Y.BAA1.A2P000000.G.C.I21.A,2021=100,0,"Output in the production sector / Germany / Production sector including construction (B -D, F) / Calendar and seasonally adjusted",Average,KPPR,Calendar and seasonal adjustment based on data provided by the Federal Statistical Office,-0.2,1.1,
BBK:BBDE1(1.0),M,DE,Y,BAA1,A2P000000,G,C,I21,A,2018-05,108.0,P1M,1,BBDE1.M.DE.Y.BAA1.A2P000000.G.C.I21.A,2021=100,0,"Output in the production sector / Germany / Production sector including construction (B -D, F) / Calendar and seasonally adjusted",Average,KPPR,Calendar and seasonal adjustment based on data provided by the Federal Statistical Office,1.7,2.8,
BBK:BBDE1(1.0),M,DE,Y,BAA1,A2P000000,G,C,I21,A,2018-06,107.5,P1M,1,BBDE1.M.DE.Y.BAA1.A2P000000.G.C.I21.A,2021=100,0,"Output in the production sector / Germany / Production sector including construction (B -D, F) / Calendar and seasonally adjusted",Average,KPPR,Calendar and seasonal adjustment based on data provided by the Federal Statistical Office,-0.5,2.4,
BBK:BBDE1(1.0),M,DE,Y,BAA1,A2P000000,G,C,I21,A,2018-07,106.0,P1M,1,BBDE1.M.DE.Y.BAA1.A2P000000.G.C.I21.A,2021=100,0,"Output in the production sector / Germany / Production sector including construction (B -D, F) / Calendar and seasonally adjusted",Average,KPPR,Calendar and seasonal adjustment based on data provided by the Federal Statistical Office,-1.4,0.6,
BBK:BBDE1(1.0),M,DE,Y,BAA1,A2P000000,G,C,I21,A,2018-08,107.2,P1M,1,BBDE1.M.DE.Y.BAA1.A2P000000.G.C.I21.A,2021=100,0,"Output in the production sector / Germany / Production sector including construction (B -D, F) / Calendar and seasonally adjusted",Average,KPPR,Calendar and seasonal adjustment based on data provided by the Federal Statistical Office,1.1,-0.2,
BBK:BBDE1(1.0),M,DE,Y,BAA1,A2P000000,G,C,I21,A,2018-09,106.5,P1M,1,BBDE1.M.DE.Y.BAA1.A2P000000.G.C.I21.A,2021=100,0,"Output in the production sector / Germany / Production sector including construction (B -D, F) / Calendar and seasonally adjusted",Average,KPPR,Calendar and seasonal adjustment based on data provided by the Federal Statistical Office,-0.7,-0.1,
BBK:BBDE1(1.0),M,DE,Y,BAA1,A2P000000,G,C,I21,A,2018-10,106.0,P1M,1,BBDE1.M.DE.Y.BAA1.A2P000000.G.C.I21.A,2021=100,0,"Output in the production sector / Germany / Production sector including construction (B -D, F) / Calendar and seasonally adjusted",Average,KPPR,Calendar and seasonal adjustment based on data provided by the Federal Statistical Office,-0.5,0.7,
BBK:BBDE1(1.0),M,DE,Y,BAA1,A2P000000,G,C,I21,A,2018-11,104.2,P1M,1,BBDE1.M.DE.Y.BAA1.A2P000000.G.C.I21.A,2021=100,0,"Output in the production sector / Germany / Production sector including construction (B -D, F) / Calendar and seasonally adjusted",Average,KPPR,Calendar and seasonal adjustment based on data provided by the Federal Statistical Office,-1.7,-4.0,
BBK:BBDE1(1.0),M,DE,Y,BAA1,A2P000000,G,C,I21,A,2018-12,105.6,P1M,1,BBDE1.M.DE.Y.BAA1.A2P000000.G.C.I21.A,2021=100,0,"Output in the production sector / Germany / Production sector including construction (B -D, F) / Calendar and seasonally adjusted",Average,KPPR,Calendar and seasonal adjustment based on data provided by the Federal Statistical Office,1.3,-2.1,
BBK:BBDE1(1.0),M,DE,Y,BAA1,A2P000000,G,C,I21,A,2019-01,105.1,P1M,1,BBDE1.M.DE.Y.BAA1.A2P000000.G.C.I21.A,2021=100,0,"Output in the production sector / Germany / Production sector including construction (B -D, F) / Calendar and seasonally adjusted",Average,KPPR,Calendar and seasonal adjustment based on data provided by the Federal Statistical Office,-0.5,-2.0,
BBK:BBDE1(1.0),M,DE,Y,BAA1,A2P000000,G,C,I21,A,2019-02,105.0,P1M,1,BBDE1.M.DE.Y.BAA1.A2P000000.G.C.I21.A,2021=100,0,"Output in the production sector / Germany / Production sector including construction (B -D, F) / Calendar and seasonally adjusted",Average,KPPR,Calendar and seasonal adjustment based on data provided by the Federal Statistical Office,-0.1,0.1,
BBK:BBDE1(1.0),M,DE,Y,BAA1,A2P000000,G,C,I21,A,2019-03,106.0,P1M,1,BBDE1.M.DE.Y.BAA1.A2P000000.G.C.I21.A,2021=100,0,"Output in the production sector / Germany / Production sector including construction (B -D, F) / Calendar and seasonally adjusted",Average,KPPR,Calendar and seasonal adjustment based on data provided by the Federal Statistical Office,1.0,-0.4,
BBK:BBDE1(1.0),M,DE,Y,BAA1,A2P000000,G,C,I21,A,2019-04,104.7,P1M,1,BBDE1.M.DE.Y.BAA1.A2P000000.G.C.I21.A,2021=100,0,"Output in the production sector / Germany / Production sector including construction (B -D, F) / Calendar and seasonally adjusted",Average,KPPR,Calendar and seasonal adjustment based on data provided by the Federal Statistical Office,-1.2,-1.4,
BBK:BBDE1(1.0),M,DE,Y,BAA1,A2P000000,G,C,I21,A,2019-05,104.8,P1M,1,BBDE1.M.DE.Y.BAA1.A2P000000.G.C.I21.A,2021=100,0,"Output in the production sector / Germany / Production sector including construction (B -D, F) / Calendar and seasonally adjusted",Average,KPPR,Calendar and seasonal adjustment based on data provided by the Federal Statistical Office,0.1,-3.0,
BBK:BBDE1(1.0),M,DE,Y,BAA1,A2P000000,G,C,I21,A,2019-06,103.7,P1M,1,BBDE1.M.DE.Y.BAA1.A2P000000.G.C.I21.A,2021=100,0,"Output in the production sector / Germany / Production sector including construction (B -D, F) / Calendar and seasonally adjusted",Average,KPPR,Calendar and seasonal adjustment based on data provided by the Federal Statistical Office,-1.0,-3.5,
BBK:BBDE1(1.0),M,DE,Y,BAA1,A2P000000,G,C,I21,A,2019-07,103.6,P1M,1,BBDE1.M.DE.Y.BAA1.A2P000000.G.C.I21.A,2021=100,0,"Output in the production sector / Germany / Production sector including construction (B -D, F) / Calendar and seasonally adjusted",Average,KPPR,Calendar and seasonal adjustment based on data provided by the Federal Statistical Office,-0.1,-2.3,
BBK:BBDE1(1.0),M,DE,Y,BAA1,A2P000000,G,C,I21,A,2019-08,104.0,P1M,1,BBDE1.M.DE.Y.BAA1.A2P000000.G.C.I21.A,2021=100,0,"Output in the production sector / Germany / Production sector including construction (B -D, F) / Calendar and seasonally adjusted",Average,KPPR,Calendar and seasonal adjustment based on data provided by the Federal Statistical Office,0.4,-3.0,
BBK:BBDE1(1.0),M,DE,Y,BAA1,A2P000000,G,C,I21,A,2019-09,103.2,P1M,1,BBDE1.M.DE.Y.BAA1.A2P000000.G.C.I21.A,2021=100,0,"Output in the production sector / Germany / Production sector including construction (B -D, F) / Calendar and seasonally adjusted",Average,KPPR,Calendar and seasonal adjustment based on data provided by the Federal Statistical Office,-0.8,-3.1,
BBK:BBDE1(1.0),M,DE,Y,BAA1,A2P000000,G,C,I21,A,2019-10,102.4,P1M,1,BBDE1.M.DE.Y.BAA1.A2P000000.G.C.I21.A,2021=100,0,"Output in the production sector / Germany / Production sector including construction (B -D, F) / Calendar and seasonally adjusted",Average,KPPR,Calendar and seasonal adjustment based on data provided by the Federal Statistical Office,-0.8,-3.4,
BBK:BBDE1(1.0),M,DE,Y,BAA1,A2P000000,G,C,I21,A,2019-11,103.1,P1M,1,BBDE1.M.DE.Y.BAA1.A2P000000.G.C.I21.A,2021=100,0,"Output in the production sector / Germany / Production sector including construction (B -D, F) / Calendar and seasonally adjusted",Average,KPPR,Calendar and seasonal adjustment based on data provided by the Federal Statistical Office,0.7,-1.1,
BBK:BBDE1(1.0),M,DE,Y,BAA1,A2P000000,G,C,I21,A,2019-12,100.8,P1M,1,BBDE1.M.DE.Y.BAA1.A2P000000.G.C.I21.A,2021=100,0,"Output in the production sector / Germany / Production sector including construction (B -D, F) / Calendar and seasonally adjusted",Average,KPPR,Calendar and seasonal adjustment based on data provided by the Federal Statistical Office,-2.2,-4.5,
BBK:BBDE1(1.0),M,DE,Y,BAA1,A2P000000,G,C,I21,A,2020-01,104.3,P1M,1,BBDE1.M.DE.Y.BAA1.A2P000000.G.C.I21.A,2021=100,0,"Output in the production sector / Germany / Production sector including construction (B -D, F) / Calendar and seasonally adjusted",Average,KPPR,Calendar and seasonal adjustment based on data provided by the Federal Statistical Office,3.5,-0.8,
BBK:BBDE1(1.0),M,DE,Y,BAA1,A2P000000,G,C,I21,A,2020-02,104.4,P1M,1,BBDE1.M.DE.Y.BAA1.A2P000000.G.C.I21.A,2021=100,0,"Output in the production sector / Germany / Production sector including construction (B -D, F) / Calendar and seasonally adjusted",Average,KPPR,Calendar and seasonal adjustment based on data provided by the Federal Statistical Office,0.1,-0.6,
BBK:BBDE1(1.0),M,DE,Y,BAA1,A2P000000,G,C,I21,A,2020-03,95.5,P1M,1,BBDE1.M.DE.Y.BAA1.A2P000000.G.C.I21.A,2021=100,0,"Output in the production sector / Germany / Production sector including construction (B -D, F) / Calendar and seasonally adjusted",Average,KPPR,Calendar and seasonal adjustment based on data provided by the Federal Statistical Office,-8.5,-9.9,
BBK:BBDE1(1.0),M,DE,Y,BAA1,A2P000000,G,C,I21,A,2020-04,78.1,P1M,1,BBDE1.M.DE.Y.BAA1.A2P000000.G.C.I21.A,2021=100,0,"Output in the production sector / Germany / Production sector including construction (B -D, F) / Calendar and seasonally adjusted",Average,KPPR,Calendar and seasonal adjustment based on data provided by the Federal Statistical Office,-18.2,-25.4,
BBK:BBDE1(1.0),M,DE,Y,BAA1,A2P000000,G,C,I21,A,2020-05,85.0,P1M,1,BBDE1.M.DE.Y.BAA1.A2P000000.G.C.I21.A,2021=100,0,"Output in the production sector / Germany / Production sector including construction (B -D, F) / Calendar and seasonally adjusted",Average,KPPR,Calendar and seasonal adjustment based on data provided by the Federal Statistical Office,8.8,-18.9,
BBK:BBDE1(1.0),M,DE,Y,BAA1,A2P000000,G,C,I21,A,2020-06,93.5,P1M,1,BBDE1.M.DE.Y.BAA1.A2P000000.G.C.I21.A,2021=100,0,"Output in the production sector / Germany / Production sector including construction (B -D, F) / Calendar and seasonally adjusted",Average,KPPR,Calendar and seasonal adjustment based on data provided by the Federal Statistical Office,10.0,-9.8,
BBK:BBDE1(1.0),M,DE,Y,BAA1,A2P000000,G,C,I21,A,2020-07,94.5,P1M,1,BBDE1.M.DE.Y.BAA1.A2P000000.G.C.I21.A,2021=100,0,"Output in the production sector / Germany / Production sector including construction (B -D, F) / Calendar and seasonally adjusted",Average,KPPR,Calendar and seasonal adjustment based on data provided by the Federal Statistical Office,1.1,-8.8,
BBK:BBDE1(1.0),M,DE,Y,BAA1,A2P000000,G,C,I21,A,2020-08,94.8,P1M,1,BBDE1.M.DE.Y.BAA1.A2P000000.G.C.I21.A,2021=100,0,"Output in the production sector / Germany / Production sector including construction (B -D, F) / Calendar and seasonally adjusted",Average,KPPR,Calendar and seasonal adjustment based on data provided by the Federal Statistical Office,0.3,-8.8,
BBK:BBDE1(1.0),M,DE,Y,BAA1,A2P000000,G,C,I21,A,2020-09,96.7,P1M,1,BBDE1.M.DE.Y.BAA1.A2P000000.G.C.I21.A,2021=100,0,"Output in the production sector / Germany / Production sector including construction (B -D, F) / Calendar and seasonally adjusted",Average,KPPR,Calendar and seasonal adjustment based on data provided by the Federal Statistical Office,2.0,-6.3,
BBK:BBDE1(1.0),M,DE,Y,BAA1,A2P000000,G,C,I21,A,2020-10,100.0,P1M,1,BBDE1.M.DE.Y.BAA1.A2P000000.G.C.I21.A,2021=100,0,"Output in the production sector / Germany / Production sector including construction (B -D, F) / Calendar and seasonally adjusted",Average,KPPR,Calendar and seasonal adjustment based on data provided by the Federal Statistical Office,3.4,-2.3,
BBK:BBDE1(1.0),M,DE,Y,BAA1,A2P000000,G,C,I21,A,2020-11,101.4,P1M,1,BBDE1.M.DE.Y.BAA1.A2P000000.G.C.I21.A,2021=100,0,"Output in the production sector / Germany / Production sector including construction (B -D, F) / Calendar and seasonally adjusted",Average,KPPR,Calendar and seasonal adjustment based on data provided by the Federal Statistical Office,1.4,-1.6,
BBK:BBDE1(1.0),M,DE,Y,BAA1,A2P000000,G,C,I21,A,2020-12,102.7,P1M,1,BBDE1.M.DE.Y.BAA1.A2P000000.G.C.I21.A,2021=100,0,"Output in the production sector / Germany / Production sector including construction (B -D, F) / Calendar and seasonally adjusted",Average,KPPR,Calendar and seasonal adjustment based on data provided by the Federal Statistical Office,1.3,1.9,
BBK:BBDE1(1.0),M,DE,Y,BAA1,A2P000000,G,C,I21,A,2021-01,100.4,P1M,1,BBDE1.M.DE.Y.BAA1.A2P000000.G.C.I21.A,2021=100,0,"Output in the production sector / Germany / Production sector including construction (B -D, F) / Calendar and seasonally adjusted",Average,KPPR,Calendar and seasonal adjustment based on data provided by the Federal Statistical Office,-2.2,-3.7,
BBK:BBDE1(1.0),M,DE,Y,BAA1,A2P000000,G,C,I21,A,2021-02,98.3,P1M,1,BBDE1.M.DE.Y.BAA1.A2P000000.G.C.I21.A,2021=100,0,"Output in the production sector / Germany / Production sector including construction (B -D, F) / Calendar and seasonally adjusted",Average,KPPR,Calendar and seasonal adjustment based on data provided by the Federal Statistical Office,-2.1,-5.8,
BBK:BBDE1(1.0),M,DE,Y,BAA1,A2P000000,G,C,I21,A,2021-03,101.3,P1M,1,BBDE1.M.DE.Y.BAA1.A2P000000.G.C.I21.A,2021=100,0,"Output in the production sector / Germany / Production sector including construction (B -D, F) / Calendar and seasonally adjusted",Average,KPPR,Calendar and seasonal adjustment based on data provided by the Federal Statistical Office,3.1,6.1,
BBK:BBDE1(1.0),M,DE,Y,BAA1,A2P000000,G,C,I21,A,2021-04,101.1,P1M,1,BBDE1.M.DE.Y.BAA1.A2P000000.G.C.I21.A,2021=100,0,"Output in the production sector / Germany / Production sector including construction (B -D, F) / Calendar and seasonally adjusted",Average,KPPR,Calendar and seasonal adjustment based on data provided by the Federal Statistical Office,-0.2,29.4,
BBK:BBDE1(1.0),M,DE,Y,BAA1,A2P000000,G,C,I21,A,2021-05,100.6,P1M,1,BBDE1.M.DE.Y.BAA1.A2P000000.G.C.I21.A,2021=100,0,"Output in the production sector / Germany / Production sector including construction (B -D, F) / Calendar and seasonally adjusted",Average,KPPR,Calendar and seasonal adjustment based on data provided by the Federal Statistical Office,-0.5,18.4,
BBK:BBDE1(1.0),M,DE,Y,BAA1,A2P000000,G,C,I21,A,2021-06,98.7,P1M,1,BBDE1.M.DE.Y.BAA1.A2P000000.G.C.I21.A,2021=100,0,"Output in the production sector / Germany / Production sector including construction (B -D, F) / Calendar and seasonally adjusted",Average,KPPR,Calendar and seasonal adjustment based on data provided by the Federal Statistical Office,-1.9,5.6,
BBK:BBDE1(1.0),M,DE,Y,BAA1,A2P000000,G,C,I21,A,2021-07,100.1,P1M,1,BBDE1.M.DE.Y.BAA1.A2P000000.G.C.I21.A,2021=100,0,"Output in the production sector / Germany / Production sector including construction (B -D, F) / Calendar and seasonally adjusted",Average,KPPR,Calendar and seasonal adjustment based on data provided by the Federal Statistical Office,1.4,5.9,
BBK:BBDE1(1.0),M,DE,Y,BAA1,A2P000000,G,C,I21,A,2021-08,95.6,P1M,1,BBDE1.M.DE.Y.BAA1.A2P000000.G.C.I21.A,2021=100,0,"Output in the production sector / Germany / Production sector including construction (B -D, F) / Calendar and seasonally adjusted",Average,KPPR,Calendar and seasonal adjustment based on data provided by the Federal Statistical Office,-4.5,0.8,
BBK:BBDE1(1.0),M,DE,Y,BAA1,A2P000000,G,C,I21,A,2021-09,96.4,P1M,1,BBDE1.M.DE.Y.BAA1.A2P000000.G.C.I21.A,2021=100,0,"Output in the production sector / Germany / Production sector including construction (B -D, F) / Calendar and seasonally adjusted",Average,KPPR,Calendar and seasonal adjustment based on data provided by the Federal Statistical Office,0.8,-0.3,
BBK:BBDE1(1.0),M,DE,Y,BAA1,A2P000000,G,C,I21,A,2021-10,99.4,P1M,1,BBDE1.M.DE.Y.BAA1.A2P000000.G.C.I21.A,2021=100,0,"Output in the production sector / Germany / Production sector including construction (B -D, F) / Calendar and seasonally adjusted",Average,KPPR,Calendar and seasonal adjustment based on data provided by the Federal Statistical Office,3.1,-0.6,
BBK:BBDE1(1.0),M,DE,Y,BAA1,A2P000000,G,C,I21,A,2021-11,99.8,P1M,1,BBDE1.M.DE.Y.BAA1.A2P000000.G.C.I21.A,2021=100,0,"Output in the production sector / Germany / Production sector including construction (B -D, F) / Calendar and seasonally adjusted",Average,KPPR,Calendar and seasonal adjustment based on data provided by the Federal Statistical Office,0.4,-1.6,
BBK:BBDE1(1.0),M,DE,Y,BAA1,A2P000000,G,C,I21,A,2021-12,100.5,P1M,1,BBDE1.M.DE.Y.BAA1.A2P000000.G.C.I21.A,2021=100,0,"Output in the production sector / Germany / Production sector including construction (B -D, F) / Calendar and seasonally adjusted",Average,KPPR,Calendar and seasonal adjustment based on data provided by the Federal Statistical Office,0.7,-2.1,
BBK:BBDE1(1.0),M,DE,Y,BAA1,A2P000000,G,C,I21,A,2022-01,100.6,P1M,1,BBDE1.M.DE.Y.BAA1.A2P000000.G.C.I21.A,2021=100,0,"Output in the production sector / Germany / Production sector including construction (B -D, F) / Calendar and seasonally adjusted",Average,KPPR,Calendar and seasonal adjustment based on data provided by the Federal Statistical Office,0.1,0.2,
BBK:BBDE1(1.0),M,DE,Y,BAA1,A2P000000,G,C,I21,A,2022-02,100.7,P1M,1,BBDE1.M.DE.Y.BAA1.A2P000000.G.C.I21.A,2021=100,0,"Output in the production sector / Germany / Production sector including construction (B -D, F) / Calendar and seasonally adjusted",Average,KPPR,Calendar and seasonal adjustment based on data provided by the Federal Statistical Office,0.1,2.4,
BBK:BBDE1(1.0),M,DE,Y,BAA1,A2P000000,G,C,I21,A,2022-03,96.2,P1M,1,BBDE1.M.DE.Y.BAA1.A2P000000.G.C.I21.A,2021=100,0,"Output in the production sector / Germany / Production sector including construction (B -D, F) / Calendar and seasonally adjusted",Average,KPPR,Calendar and seasonal adjustment based on data provided by the Federal Statistical Office,-4.5,-5.0,
BBK:BBDE1(1.0),M,DE,Y,BAA1,A2P000000,G,C,I21,A,2022-04,97.5,P1M,1,BBDE1.M.DE.Y.BAA1.A2P000000.G.C.I21.A,2021=100,0,"Output in the production sector / Germany / Production sector including construction (B -D, F) / Calendar and seasonally adjusted",Average,KPPR,Calendar and seasonal adjustment based on data provided by the Federal Statistical Office,1.4,-3.6,
BBK:BBDE1(1.0),M,DE,Y,BAA1,A2P000000,G,C,I21,A,2022-05,98.9,P1M,1,BBDE1.M.DE.Y.BAA1.A2P000000.G.C.I21.A,2021=100,0,"Output in the production sector / Germany / Production sector including construction (B -D, F) / Calendar and seasonally adjusted",Average,KPPR,Calendar and seasonal adjustment based on data provided by the Federal Statistical Office,1.4,-1.7,
BBK:BBDE1(1.0),M,DE,Y,BAA1,A2P000000,G,C,I21,A,2022-06,99.1,P1M,1,BBDE1.M.DE.Y.BAA1.A2P000000.G.C.I21.A,2021=100,0,"Output in the production sector / Germany / Production sector including construction (B -D, F) / Calendar and seasonally adjusted",Average,KPPR,Calendar and seasonal adjustment based on data provided by the Federal Statistical Office,0.2,0.4,
BBK:BBDE1(1.0),M,DE,Y,BAA1,A2P000000,G,C,I21,A,2022-07,99.0,P1M,1,BBDE1.M.DE.Y.BAA1.A2P000000.G.C.I21.A,2021=100,0,"Output in the production sector / Germany / Production sector including construction (B -D, F) / Calendar and seasonally adjusted",Average,KPPR,Calendar and seasonal adjustment based on data provided by the Federal Statistical Office,-0.1,-1.1,
BBK:BBDE1(1.0),M,DE,Y,BAA1,A2P000000,G,C,I21,A,2022-08,97.9,P1M,1,BBDE1.M.DE.Y.BAA1.A2P000000.G.C.I21.A,2021=100,0,"Output in the production sector / Germany / Production sector including construction (B -D, F) / Calendar and seasonally adjusted",Average,KPPR,Calendar and seasonal adjustment based on data provided by the Federal Statistical Office,-1.1,2.4,
BBK:BBDE1(1.0),M,DE,Y,BAA1,A2P000000,G,C,I21,A,2022-09,99.7,P1M,1,BBDE1.M.DE.Y.BAA1.A2P000000.G.C.I21.A,2021=100,0,"Output in the production sector / Germany / Production sector including construction (B -D, F) / Calendar and seasonally adjusted",Average,KPPR,Calendar and seasonal adjustment based on data provided by the Federal Statistical Office,1.8,3.4,
BBK:BBDE1(1.0),M,DE,Y,BAA1,A2P000000,G,C,I21,A,2022-10,98.8,P1M,1,BBDE1.M.DE.Y.BAA1.A2P000000.G.C.I21.A,2021=100,0,"Output in the production sector / Germany / Production sector including construction (B -D, F) / Calendar and seasonally adjusted",Average,KPPR,Calendar and seasonal adjustment based on data provided by the Federal Statistical Office,-0.9,-0.6,
BBK:BBDE1(1.0),M,DE,Y,BAA1,A2P000000,G,C,I21,A,2022-11,99.3,P1M,1,BBDE1.M.DE.Y.BAA1.A2P000000.G.C.I21.A,2021=100,0,"Output in the production sector / Germany / Production sector including construction (B -D, F) / Calendar and seasonally adjusted",Average,KPPR,Calendar and seasonal adjustment based on data provided by the Federal Statistical Office,0.5,-0.5,
BBK:BBDE1(1.0),M,DE,Y,BAA1,A2P000000,G,C,I21,A,2022-12,96.4,P1M,1,BBDE1.M.DE.Y.BAA1.A2P000000.G.C.I21.A,2021=100,0,"Output in the production sector / Germany / Production sector including construction (B -D, F) / Calendar and seasonally adjusted",Average,KPPR,Calendar and seasonal adjustment based on data provided by the Federal Statistical Office,-2.9,-4.1,
BBK:BBDE1(1.0),M,DE,Y,BAA1,A2P000000,G,C,I21,A,2023-01,98.9,P1M,1,BBDE1.M.DE.Y.BAA1.A2P000000.G.C.I21.A,2021=100,0,"Output in the production sector / Germany / Production sector including construction (B -D, F) / Calendar and seasonally adjusted",Average,KPPR,Calendar and seasonal adjustment based on data provided by the Federal Statistical Office,2.6,-1.7,
BBK:BBDE1(1.0),M,DE,Y,BAA1,A2P000000,G,C,I21,A,2023-02,101.0,P1M,1,BBDE1.M.DE.Y.BAA1.A2P000000.G.C.I21.A,2021=100,0,"Output in the production sector / Germany / Production sector including construction (B -D, F) / Calendar and seasonally adjusted",Average,KPPR,Calendar and seasonal adjustment based on data provided by the Federal Statistical Office,2.1,0.3,
BBK:BBDE1(1.0),M,DE,Y,BAA1,A2P000000,G,C,I21,A,2023-03,98.3,P1M,1,BBDE1.M.DE.Y.BAA1.A2P000000.G.C.I21.A,2021=100,0,"Output in the production sector / Germany / Production sector including construction (B -D, F) / Calendar and seasonally adjusted",Average,KPPR,Calendar and seasonal adjustment based on data provided by the Federal Statistical Office,-2.7,2.2,
BBK:BBDE1(1.0),M,DE,Y,BAA1,A2P000000,G,C,I21,A,2023-04,97.9,P1M,1,BBDE1.M.DE.Y.BAA1.A2P000000.G.C.I21.A,2021=100,0,"Output in the production sector / Germany / Production sector including construction (B -D, F) / Calendar and seasonally adjusted",Average,KPPR,Calendar and seasonal adjustment based on data provided by the Federal Statistical Office,-0.4,0.4,
BBK:BBDE1(1.0),M,DE,Y,BAA1,A2P000000,G,C,I21,A,2023-05,99.4,P1M,1,BBDE1.M.DE.Y.BAA1.A2P000000.G.C.I21.A,2021=100,0,"Output in the production sector / Germany / Production sector including construction (B -D, F) / Calendar and seasonally adjusted",Average,KPPR,Calendar and seasonal adjustment based on data provided by the Federal Statistical Office,1.5,0.5,
BBK:BBDE1(1.0),M,DE,Y,BAA1,A2P000000,G,C,I21,A,2023-06,97.1,P1M,1,BBDE1.M.DE.Y.BAA1.A2P000000.G.C.I21.A,2021=100,0,"Output in the production sector / Germany / Production sector including construction (B -D, F) / Calendar and seasonally adjusted",Average,KPPR,Calendar and seasonal adjustment based on data provided by the Federal Statistical Office,-2.3,-2.0,
BBK:BBDE1(1.0),M,DE,Y,BAA1,A2P000000,G,C,I21,A,2023-07,96.6,P1M,1,BBDE1.M.DE.Y.BAA1.A2P000000.G.C.I21.A,2021=100,0,"Output in the production sector / Germany / Production sector including construction (B -D, F) / Calendar and seasonally adjusted",Average,KPPR,Calendar and seasonal adjustment based on data provided by the Federal Statistical Office,-0.5,-2.4,
BBK:BBDE1(1.0),M,DE,Y,BAA1,A2P000000,G,C,I21,A,2023-08,96.1,P1M,1,BBDE1.M.DE.Y.BAA1.A2P000000.G.C.I21.A,2021=100,0,"Output in the production sector / Germany / Production sector including construction (B -D, F) / Calendar and seasonally adjusted",Average,KPPR,Calendar and seasonal adjustment based on data provided by the Federal Statistical Office,-0.5,-1.8,
BBK:BBDE1(1.0),M,DE,Y,BAA1,A2P000000,G,C,I21,A,2023-09,95.6,P1M,1,BBDE1.M.DE.Y.BAA1.A2P000000.G.C.I21.A,2021=100,0,"Output in the production sector / Germany / Production sector including construction (B -D, F) / Calendar and seasonally adjusted",Average,KPPR,Calendar and seasonal adjustment based on data provided by the Federal Statistical Office,-0.5,-4.1,
BBK:BBDE1(1.0),M,DE,Y,BAA1,A2P000000,G,C,I21,A,2023-10,95.0,P1M,1,BBDE1.M.DE.Y.BAA1.A2P000000.G.C.I21.A,2021=100,0,"Output in the production sector / Germany / Production sector including construction (B -D, F) / Calendar and seasonally adjusted",Average,KPPR,Calendar and seasonal adjustment based on data provided by the Federal Statistical Office,-0.6,-3.8,
BBK:BBDE1(1.0),M,DE,Y,BAA1,A2P000000,G,C,I21,A,2023-11,94.6,P1M,1,BBDE1.M.DE.Y.BAA1.A2P000000.G.C.I21.A,2021=100,0,"Output in the production sector / Germany / Production sector including construction (B -D, F) / Calendar and seasonally adjusted",Average,KPPR,Calendar and seasonal adjustment based on data provided by the Federal Statistical Office,-0.4,-4.7,
BBK:BBDE1(1.0),M,DE,Y,BAA1,A2P000000,G,C,I21,A,2023-12,92.9,P1M,1,BBDE1.M.DE.Y.BAA1.A2P000000.G.C.I21.A,2021=100,0,"Output in the production sector / Germany / Production sector including construction (B -D, F) / Calendar and seasonally adjusted",Average,KPPR,Calendar and seasonal adjustment based on data provided by the Federal Statistical Office,-1.8,-3.6,
BBK:BBDE1(1.0),M,DE,Y,BAA1,A2P000000,G,C,I21,A,2024-01,93.9,P1M,1,BBDE1.M.DE.Y.BAA1.A2P000000.G.C.I21.A,2021=100,0,"Output in the production sector / Germany / Production sector including construction (B -D, F) / Calendar and seasonally adjusted",Average,KPPR,Calendar and seasonal adjustment based on data provided by the Federal Statistical Office,1.1,-5.1,
BBK:BBDE1(1.0),M,DE,Y,BAA1,A2P000000,G,C,I21,A,2024-02,95.5,P1M,1,BBDE1.M.DE.Y.BAA1.A2P000000.G.C.I21.A,2021=100,0,"Output in the production sector / Germany / Production sector including construction (B -D, F) / Calendar and seasonally adjusted",Average,KPPR,Calendar and seasonal adjustment based on data provided by the Federal Statistical Office,1.7,-5.4,
BBK:BBDE1(1.0),M,DE,Y,BAA1,A2P000000,G,C,I21,A,2024-03,93.9,P1M,1,BBDE1.M.DE.Y.BAA1.A2P000000.G.C.I21.A,2021=100,0,"Output in the production sector / Germany / Production sector including construction (B -D, F) / Calendar and seasonally adjusted",Average,KPPR,Calendar and seasonal adjustment based on data provided by the Federal Statistical Office,-1.7,-4.5,
BBK:BBDE1(1.0),M,DE,Y,BAA1,A2P000000,G,C,I21,A,2024-04,93.9,P1M,1,BBDE1.M.DE.Y.BAA1.A2P000000.G.C.I21.A,2021=100,0,"Output in the production sector / Germany / Production sector including construction (B -D, F) / Calendar and seasonally adjusted",Average,KPPR,Calendar and seasonal adjustment based on data provided by the Federal Statistical Office,0.0,-4.1,
BBK:BBDE1(1.0),M,DE,Y,BAA1,A2P000000,G,C,I21,A,2024-05,91.8,P1M,1,BBDE1.M.DE.Y.BAA1.A2P000000.G.C.I21.A,2021=100,0,"Output in the production sector / Germany / Production sector including construction (B -D, F) / Calendar and seasonally adjusted",Average,KPPR,Calendar and seasonal adjustment based on data provided by the Federal Statistical Office,-2.2,-7.6,
BBK:BBDE1(1.0),M,DE,Y,BAA1,A2P000000,G,C,I21,A,2024-06,93.3,P1M,1,BBDE1.M.DE.Y.BAA1.A2P000000.G.C.I21.A,2021=100,0,"Output in the production sector / Germany / Production sector including construction (B -D, F) / Calendar and seasonally adjusted",Average,KPPR,Calendar and seasonal adjustment based on data provided by the Federal Statistical Office,1.6,-3.9,
BBK:BBDE1(1.0),M,DE,Y,BAA1,A2P000000,G,C,I21,A,2024-07,91.3,P1M,1,BBDE1.M.DE.Y.BAA1.A2P000000.G.C.I21.A,2021=100,0,"Output in the production sector / Germany / Production sector including construction (B -D, F) / Calendar and seasonally adjusted",Average,KPPR,Calendar and seasonal adjustment based on data provided by the Federal Statistical Office,-2.1,-5.5,
BBK:BBDE1(1.0),M,DE,Y,BAA1,A2P000000,G,C,I21,A,2024-08,93.0,P1M,1,BBDE1.M.DE.Y.BAA1.A2P000000.G.C.I21.A,2021=100,0,"Output in the production sector / Germany / Production sector including construction (B -D, F) / Calendar and seasonally adjusted",Average,KPPR,Calendar and seasonal adjustment based on data provided by the Federal Statistical Office,1.9,-3.2,
BBK:BBDE1(1.0),M,DE,Y,BAA1,A2P000000,G,C,I21,A,2024-09,91.7,P1M,1,BBDE1.M.DE.Y.BAA1.A2P000000.G.C.I21.A,2021=100,0,"Output in the production sector / Germany / Production sector including construction (B -D, F) / Calendar and seasonally adjusted",Average,KPPR,Calendar and seasonal adjustment based on data provided by the Federal Statistical Office,-1.4,-4.1,
BBK:BBDE1(1.0),M,DE,Y,BAA1,A2P000000,G,C,I21,A,2024-10,91.1,P1M,1,BBDE1.M.DE.Y.BAA1.A2P000000.G.C.I21.A,2021=100,0,"Output in the production sector / Germany / Production sector including construction (B -D, F) / Calendar and seasonally adjusted",Average,KPPR,Calendar and seasonal adjustment based on data provided by the Federal Statistical Office,-0.7,-4.1,
BBK:BBDE1(1.0),M,DE,Y,BAA1,A2P000000,G,C,I21,A,2024-11,92.0,P1M,1,BBDE1.M.DE.Y.BAA1.A2P000000.G.C.I21.A,2021=100,0,"Output in the production sector / Germany / Production sector including construction (B -D, F) / Calendar and seasonally adjusted",Average,KPPR,Calendar and seasonal adjustment based on data provided by the Federal Statistical Office,1.0,-2.7,
BBK:BBDE1(1.0),M,DE,Y,BAA1,A2P000000,G,C,I21,A,2024-12,90.9,P1M,1,BBDE1.M.DE.Y.BAA1.A2P000000.G.C.I21.A,2021=100,0,"Output in the production sector / Germany / Production sector including construction (B -D, F) / Calendar and seasonally adjusted",Average,KPPR,Calendar and seasonal adjustment based on data provided by the Federal Statistical Office,-1.2,-2.2,
BBK:BBDE1(1.0),M,DE,Y,BAA1,A2P000000,G,C,I21,A,2025-01,92.2,P1M,1,BBDE1.M.DE.Y.BAA1.A2P000000.G.C.I21.A,2021=100,0,"Output in the production sector / Germany / Production sector including construction (B -D, F) / Calendar and seasonally adjusted",Average,KPPR,Calendar and seasonal adjustment based on data provided by the Federal Statistical Office,1.4,-1.8,
BBK:BBDE1(1.0),M,DE,Y,BAA1,A2P000000,G,C,I21,A,2025-02,91.3,P1M,1,BBDE1.M.DE.Y.BAA1.A2P000000.G.C.I21.A,2021=100,0,"Output in the production sector / Germany / Production sector including construction (B -D, F) / Calendar and seasonally adjusted",Average,KPPR,Calendar and seasonal adjustment based on data provided by the Federal Statistical Office,-1.0,-4.4,
BBK:BBDE1(1.0),M,DE,Y,BAA1,A2P000000,G,C,I21,A,2025-03,93.2,P1M,1,BBDE1.M.DE.Y.BAA1.A2P000000.G.C.I21.A,2021=100,0,"Output in the production sector / Germany / Production sector including construction (B -D, F) / Calendar and seasonally adjusted",Average,KPPR,Calendar and seasonal adjustment based on data provided by the Federal Statistical Office,2.1,-0.7,
BBK:BBDE1(1.0),M,DE,Y,BAA1,A2P000000,G,C,I21,A,2025-04,91.6,P1M,1,BBDE1.M.DE.Y.BAA1.A2P000000.G.C.I21.A,2021=100,0,"Output in the production sector / Germany / Production sector including construction (B -D, F) / Calendar and seasonally adjusted",Average,KPPR,Calendar and seasonal adjustment based on data provided by the Federal Statistical Office,-1.7,-2.4,
BBK:BBDE1(1.0),M,DE,Y,BAA1,A2P000000,G,C,I21,A,2025-05,91.6,P1M,1,BBDE1.M.DE.Y.BAA1.A2P000000.G.C.I21.A,2021=100,0,"Output in the production sector / Germany / Production sector including construction (B -D, F) / Calendar and seasonally adjusted",Average,KPPR,Calendar and seasonal adjustment based on data provided by the Federal Statistical Office,0.0,-0.2,
BBK:BBDE1(1.0),M,DE,Y,BAA1,A2P000000,G,C,I21,A,2025-06,91.5,P1M,1,BBDE1.M.DE.Y.BAA1.A2P000000.G.C.I21.A,2021=100,0,"Output in the production sector / Germany / Production sector including construction (B -D, F) / Calendar and seasonally adjusted",Average,KPPR,Calendar and seasonal adjustment based on data provided by the Federal Statistical Office,-0.1,-1.9,
BBK:BBDE1(1.0),M,DE,Y,BAA1,A2P000000,G,C,I21,A,2025-07,92.5,P1M,1,BBDE1.M.DE.Y.BAA1.A2P000000.G.C.I21.A,2021=100,0,"Output in the production sector / Germany / Production sector including construction (B -D, F) / Calendar and seasonally adjusted",Average,KPPR,Calendar and seasonal adjustment based on data provided by the Federal Statistical Office,1.1,1.3,
BBK:BBDE1(1.0),M,DE,Y,BAA1,A2P000000,G,C,I21,A,2025-08,89.7,P1M,1,BBDE1.M.DE.Y.BAA1.A2P000000.G.C.I21.A,2021=100,0,"Output in the production sector / Germany / Production sector including construction (B -D, F) / Calendar and seasonally adjusted",Average,KPPR,Calendar and seasonal adjustment based on data provided by the Federal Statistical Office,-3.0,-3.5,
BBK:BBDE1(1.0),M,DE,Y,BAA1,A2P000000,G,C,I21,A,2025-09,90.7,P1M,1,BBDE1.M.DE.Y.BAA1.A2P000000.G.C.I21.A,2021=100,0,"Output in the production sector / Germany / Production sector including construction (B -D, F) / Calendar and seasonally adjusted",Average,KPPR,Calendar and seasonal adjustment based on data provided by the Federal Statistical Office,1.1,-1.1,
BBK:BBDE1(1.0),M,DE,Y,BAA1,A2P000000,G,C,I21,A,2025-10,92.3,P1M,1,BBDE1.M.DE.Y.BAA1.A2P000000.G.C.I21.A,2021=100,0,"Output in the production sector / Germany / Production sector including construction (B -D, F) / Calendar and seasonally adjusted",Average,KPPR,Calendar and seasonal adjustment based on data provided by the Federal Statistical Office,1.8,1.3,P
BBK:BBDE1(1.0),M,DE,Y,BAA1,A2P000000,G,C,I21,A,2025-11,92.5,P1M,1,BBDE1.M.DE.Y.BAA1.A2P000000.G.C.I21.A,2021=100,0,"Output in the production sector / Germany / Production sector including construction (B -D, F) / Calendar and seasonally adjusted",Average,KPPR,Calendar and seasonal adjustment based on data provided by the Federal Statistical Office,0.2,0.5,P
BBK:BBDE1(1.0),M,DE,Y,BAA1,A2P000000,G,C,I21,A,2025-12,91.4,P1M,1,BBDE1.M.DE.Y.BAA1.A2P000000.G.C.I21.A,2021=100,0,"Output in the production sector / Germany / Production sector including construction (B -D, F) / Calendar and seasonally adjusted",Average,KPPR,Calendar and seasonal adjustment based on data provided by the Federal Statistical Office,-1.2,0.6,P
BBK:BBDE1(1.0),M,DE,Y,BAA1,A2P000000,G,C,I21,A,2026-01,91.5,P1M,1,BBDE1.M.DE.Y.BAA1.A2P000000.G.C.I21.A,2021=100,0,"Output in the production sector / Germany / Production sector including construction (B -D, F) / Calendar and seasonally adjusted",Average,KPPR,Calendar and seasonal adjustment based on data provided by the Federal Statistical Office,0.1,-0.8,P
BBK:BBDE1(1.0),M,DE,Y,BAA1,A2P000000,G,C,I21,A,2026-02,91.0,P1M,1,BBDE1.M.DE.Y.BAA1.A2P000000.G.C.I21.A,2021=100,0,"Output in the production sector / Germany / Production sector including construction (B -D, F) / Calendar and seasonally adjusted",Average,KPPR,Calendar and seasonal adjustment based on data provided by the Federal Statistical Office,-0.5,-0.3,P
BBK:BBDE1(1.0),M,DE,Y,BAA1,A2P000000,G,C,I21,A,2026-03,90.4,P1M,1,BBDE1.M.DE.Y.BAA1.A2P000000.G.C.I21.A,2021=100,0,"Output in the production sector / Germany / Production sector including construction (B -D, F) / Calendar and seasonally adjusted",Average,KPPR,Calendar and seasonal adjustment based on data provided by the Federal Statistical Office,-0.7,-3.0,P

