Date,Price,Open,High,Low,Vol.,Change %,,,,,1st Jan 1991 - 31st Dec 2017 - downloaded in 3 parts and combined in csv
12/29/2017,66.87,66.15,66.98,66.15,157.95K,0.22%,,,,,"Investing,com"
12/28/2017,66.72,66.43,66.85,66.23,35.09K,0.42%,,,,,
12/27/2017,66.44,66.76,66.94,66.03,122.43K,-0.87%,,,,,
12/26/2017,67.02,65.2,67.1,65,74.25K,2.71%,,,,,
12/22/2017,65.25,64.63,65.28,64.38,110.42K,0.54%,,,,,
12/21/2017,64.9,64.49,64.93,64.2,155.42K,0.53%,,,,,
12/20/2017,64.56,63.83,64.6,63.67,222.73K,1.19%,,,,,
12/19/2017,63.8,63.41,63.91,63.3,213.19K,0.62%,,,,,
12/18/2017,63.41,63.36,63.91,63,234.62K,0.28%,,,,,
12/15/2017,63.23,63.39,63.68,63.08,213.00K,-0.13%,,,,,
12/14/2017,63.31,62.81,63.5,62.01,277.67K,1.39%,,,,,
12/13/2017,62.44,63.8,64.32,62.36,354.37K,-1.42%,,,,,
12-12-2017,63.34,64.66,65.83,63.07,508.99K,-2.09%,,,,,
12-11-2017,64.69,63.29,64.93,62.99,488.01K,2.03%,,,,,
12-08-2017,63.4,62.08,63.64,62.01,362.43K,1.93%,,,,,
12-07-2017,62.2,61.3,62.26,61.15,238.96K,1.60%,,,,,
12-06-2017,61.22,62.64,62.93,61.13,314.26K,-2.61%,,,,,
12-05-2017,62.86,62.45,63.15,62.12,219.34K,0.66%,,,,,
12-04-2017,62.45,63.5,63.68,62.31,250.52K,-2.01%,,,,,
12-01-2017,63.73,62.74,64.32,62.59,308.15K,0.25%,,,,,
11/30/2017,63.57,63.28,64.21,63.21,26.21K,0.73%,,,,,
11/29/2017,63.11,63.3,64.07,62.5,178.20K,-0.79%,,,,,
11/28/2017,63.61,63.78,63.89,63.1,186.93K,-0.36%,,,,,
11/27/2017,63.84,63.8,63.99,63.1,249.09K,-0.03%,,,,,
11/24/2017,63.86,63.35,63.95,63.28,152.70K,0.49%,,,,,
11/23/2017,63.55,63.24,63.57,62.88,113.08K,0.36%,,,,,
11/22/2017,63.32,62.78,63.43,62.62,322.87K,1.20%,,,,,
11/21/2017,62.57,62.1,62.87,62.07,338.16K,0.56%,,,,,
11/20/2017,62.22,62.8,62.8,61.44,283.48K,-0.80%,,,,,
11/17/2017,62.72,61.41,62.92,61.08,356.74K,2.22%,,,,,
11/16/2017,61.36,61.88,62.15,61.25,314.06K,-0.82%,,,,,
11/15/2017,61.87,61.55,62.13,61.3,279.41K,-0.55%,,,,,
11/14/2017,62.21,63.06,63.17,61.21,418.94K,-1.50%,,,,,
11/13/2017,63.16,63.68,63.77,62.61,335.15K,-0.57%,,,,,
11-10-2017,63.52,63.8,64.27,63.35,307.97K,-0.64%,,,,,
11-09-2017,63.93,63.52,64.25,63.26,319.86K,0.69%,,,,,
11-08-2017,63.49,63.69,64.64,62.95,418.07K,-0.31%,,,,,
11-07-2017,63.69,64.12,64.65,63.5,389.46K,-0.90%,,,,,
11-06-2017,64.27,62.27,64.44,62.08,356.99K,3.54%,,,,,
11-03-2017,62.07,60.88,62.23,60.6,272.74K,2.39%,,,,,
11-02-2017,60.62,60.5,60.86,60.02,289.30K,0.21%,,,,,
11-01-2017,60.49,61.07,61.7,60,337.76K,-1.43%,,,,,
10/31/2017,61.37,60.86,61.41,60.53,29.12K,0.77%,,,,,
10/30/2017,60.9,60.66,61,60.14,168.54K,0.76%,,,,,
10/27/2017,60.44,59.37,60.65,58.82,209.89K,1.92%,,,,,
10/26/2017,59.3,58.42,59.55,58.05,232.28K,1.47%,,,,,
10/25/2017,58.44,58.44,58.74,57.85,260.55K,0.19%,,,,,
10/24/2017,58.33,57.41,58.57,57.04,334.68K,1.67%,,,,,
10/23/2017,57.37,57.95,58.05,57.27,353.07K,-0.66%,,,,,
10/20/2017,57.75,57.32,57.94,56.6,369.89K,0.91%,,,,,
10/19/2017,57.23,58.24,58.3,57.02,430.67K,-1.58%,,,,,
10/18/2017,58.15,58.16,58.54,57.74,329.33K,0.47%,,,,,
10/17/2017,57.88,57.78,58.35,57.18,405.22K,0.10%,,,,,
10/16/2017,57.82,57.28,58.47,57.12,341.78K,1.14%,,,,,
10/13/2017,57.17,56.44,57.57,56.34,332.60K,1.64%,,,,,
10-12-2017,56.25,56.74,56.83,55.88,339.53K,-1.21%,,,,,
10-11-2017,56.94,56.56,57.09,56.51,85.99K,0.58%,,,,,
10-10-2017,56.61,55.78,56.91,55.73,290.34K,1.47%,,,,,
10-09-2017,55.79,55.5,55.98,55.06,301.15K,0.31%,,,,,
10-06-2017,55.62,56.99,57.28,55.13,395.65K,-1.92%,,,,,
10-05-2017,56.71,55.55,56.94,55.49,194.96K,2.00%,,,,,
10-04-2017,55.6,55.4,55.97,55.19,143.95K,-0.32%,,,,,
10-03-2017,55.78,55.81,56.13,55.45,123.99K,-0.20%,,,,,
10-02-2017,55.89,56.54,56.55,55.31,133.10K,-1.58%,,,,,
09/29/2017,56.79,57.29,57.43,56.44,343.51K,-0.65%,,,,,
09/28/2017,57.16,57.39,58.28,56.56,446.37K,-0.71%,,,,,
09/27/2017,57.57,58.11,58.34,57.25,405.23K,-0.60%,,,,,
09/26/2017,57.92,58.55,58.88,57.22,452.77K,-0.87%,,,,,
09/25/2017,58.43,56.46,58.66,56.23,373.29K,3.56%,,,,,
09/22/2017,56.42,56.16,56.47,55.89,289.05K,0.59%,,,,,
09/21/2017,56.09,55.93,56.18,55.46,324.27K,0.29%,,,,,
09/20/2017,55.93,55.09,56.11,55.02,319.99K,1.88%,,,,,
09/19/2017,54.9,55.2,55.63,54.67,247.22K,-0.63%,,,,,
09/18/2017,55.25,55.41,55.74,54.63,286.39K,-0.31%,,,,,
09/15/2017,55.42,55.11,55.57,54.61,279.43K,0.36%,,,,,
09/14/2017,55.22,54.81,55.66,54.63,340.29K,0.60%,,,,,
09/13/2017,54.89,53.99,54.92,53.82,292.20K,1.59%,,,,,
09-12-2017,54.03,53.77,54.2,53.28,256.35K,0.63%,,,,,
09-11-2017,53.69,53.64,53.93,52.87,218.53K,0.21%,,,,,
09-08-2017,53.58,54.38,54.64,53.34,280.01K,-1.38%,,,,,
09-07-2017,54.33,54.08,54.48,53.75,259.80K,0.48%,,,,,
09-06-2017,54.07,53.19,54.19,53.06,278.90K,1.33%,,,,,
09-05-2017,53.36,52.26,53.62,52.13,210.93K,1.89%,,,,,
09-04-2017,52.37,52.58,52.85,52.01,87.65K,-0.80%,,,,,
09-01-2017,52.79,52.78,52.94,52.24,188.99K,-0.13%,,,,,
08/31/2017,52.86,50.53,52.9,50.49,462.17K,4.20%,,,,,
08/30/2017,50.73,51.65,51.69,50.52,437.32K,-1.80%,,,,,
08/29/2017,51.66,51.54,51.79,50.98,299.42K,0.47%,,,,,
08/28/2017,51.42,52,52.44,51.07,207.89K,-1.08%,,,,,
08/25/2017,51.98,51.91,52.27,51.52,237.60K,0.62%,,,,,
08/24/2017,51.66,52.21,52.39,51.26,252.43K,-1.11%,,,,,
08/23/2017,52.24,51.4,52.29,51.22,237.02K,1.28%,,,,,
08/22/2017,51.58,51.37,51.93,51.08,221.02K,0.59%,,,,,
08/21/2017,51.28,52.63,52.67,50.96,172.77K,-2.16%,,,,,
08/18/2017,52.41,50.61,52.64,50.54,186.53K,3.27%,,,,,
08/17/2017,50.75,50.22,50.84,49.81,231.59K,1.30%,,,,,
08/16/2017,50.1,50.79,51.22,49.99,204.43K,-1.05%,,,,,
08/15/2017,50.63,50.61,50.98,49.98,212.32K,0.00%,,,,,
08/14/2017,50.63,51.86,52.23,50.49,153.85K,-2.52%,,,,,
08-11-2017,51.94,51.82,52.12,51.14,130.26K,0.31%,,,,,
08-10-2017,51.78,52.71,53.47,51.53,285.83K,-1.65%,,,,,
08-09-2017,52.65,52.04,52.78,51.87,162.65K,0.88%,,,,,
08-08-2017,52.19,52.3,52.76,51.87,98.38K,-0.44%,,,,,
08-07-2017,52.42,52.46,52.55,51.43,141.05K,-0.08%,,,,,
08-04-2017,52.46,51.99,52.55,51.48,153.59K,0.85%,,,,,
08-03-2017,52.02,52.31,52.87,51.78,273.92K,-0.80%,,,,,
08-02-2017,52.44,51.57,52.49,51.36,249.25K,0.96%,,,,,
08-01-2017,51.94,52.86,53.08,51.08,223.97K,-1.48%,,,,,
07/31/2017,52.72,52.3,52.9,51.78,376.75K,0.96%,,,,,
07/28/2017,52.22,51.58,52.35,51.33,410.85K,1.36%,,,,,
07/27/2017,51.52,51,51.67,50.58,308.65K,0.82%,,,,,
07/26/2017,51.1,50.74,51.2,50.23,295.74K,1.47%,,,,,
07/25/2017,50.36,48.84,51.06,48.84,252.86K,3.15%,,,,,
07/24/2017,48.82,48.24,49,47.94,229.07K,1.06%,,,,,
07/21/2017,48.31,49.53,49.85,48.05,229.67K,-2.44%,,,,,
07/20/2017,49.52,49.92,50.38,49.41,198.41K,-0.82%,,,,,
07/19/2017,49.93,48.89,50.03,48.82,178.46K,1.73%,,,,,
07/18/2017,49.08,48.68,49.64,48.49,150.83K,0.82%,,,,,
07/17/2017,48.68,49.29,49.5,48.56,149.98K,-1.00%,,,,,
07/14/2017,49.17,48.63,49.35,48.41,177.04K,1.01%,,,,,
07/13/2017,48.68,47.88,48.79,47.47,143.03K,1.35%,,,,,
07-12-2017,48.03,48.44,49.06,47.65,152.24K,0.46%,,,,,
07-11-2017,47.81,47.22,48.5,46.6,133.02K,1.36%,,,,,
07-10-2017,47.17,47.19,47.65,46.39,129.98K,0.40%,,,,,
07-07-2017,46.98,48.05,48.05,46.55,101.63K,-2.91%,,,,,
07-06-2017,48.39,48.62,49.43,48.04,120.25K,0.67%,,,,,
07-05-2017,48.07,50.02,50.11,47.29,144.77K,-3.67%,,,,,
07-04-2017,49.9,49.95,50.19,49.58,66.73K,-0.18%,,,,,
07-03-2017,49.99,49.41,50.01,48.81,95.30K,2.50%,,,,,
06/30/2017,48.77,47.6,49,47.6,308.19K,2.39%,,,,,
06/29/2017,47.63,47.61,48.27,47.34,401.76K,0.19%,,,,,
06/28/2017,47.54,46.54,47.7,46.54,338.40K,1.32%,,,,,
06/27/2017,46.92,46.1,47.3,46,311.31K,1.91%,,,,,
06/26/2017,46.04,45.82,46.42,45.26,211.49K,0.63%,,,,,
06/23/2017,45.75,45.48,45.97,45.24,242.60K,0.75%,,,,,
06/22/2017,45.41,45.06,45.98,44.78,314.72K,0.80%,,,,,
06/21/2017,45.05,46.14,46.86,44.6,290.27K,-2.59%,,,,,
06/20/2017,46.25,47.19,47.44,45.68,248.47K,-1.87%,,,,,
06/19/2017,47.13,47.5,48,47,197.66K,-0.51%,,,,,
06/16/2017,47.37,46.82,47.61,46.81,227.42K,0.96%,,,,,
06/15/2017,46.92,46.8,47.2,46.7,301.40K,-0.17%,,,,,
06/14/2017,47,48.18,48.69,46.74,464.42K,-3.53%,,,,,
06/13/2017,48.72,48.32,48.82,47.87,321.28K,0.89%,,,,,
06-12-2017,48.29,48.06,49.15,48.01,316.56K,0.29%,,,,,
06-09-2017,48.15,47.79,48.56,47.4,285.82K,0.61%,,,,,
06-08-2017,47.86,48.26,48.6,47.56,445.97K,-0.42%,,,,,
06-07-2017,48.06,49.97,50.14,47.96,461.75K,-4.11%,,,,,
06-06-2017,50.12,49.57,50.3,49,329.71K,1.31%,,,,,
06-05-2017,49.47,49.87,50.74,49.04,348.41K,-0.96%,,,,,
06-02-2017,49.95,50.23,50.52,48.95,451.46K,-1.34%,,,,,
06-01-2017,50.63,51.17,51.45,50.23,462.92K,0.64%,,,,,
05/31/2017,50.31,51.92,51.92,49.81,41.68K,-2.95%,,,,,
05/30/2017,51.84,52.25,52.35,51.19,137.21K,-0.86%,,,,,
05/29/2017,52.29,52.24,52.61,51.86,36.59K,0.27%,,,,,
05/26/2017,52.15,51.38,52.3,50.71,265.83K,1.34%,,,,,
05/25/2017,51.46,54.15,54.67,51.03,464.50K,-4.63%,,,,,
05/24/2017,53.96,54.14,54.62,53.66,351.64K,-0.35%,,,,,
05/23/2017,54.15,53.87,54.43,53.2,328.33K,0.52%,,,,,
05/22/2017,53.87,53.85,54.37,53.66,379.12K,0.48%,,,,,
05/19/2017,53.61,52.57,53.82,52.55,333.27K,2.09%,,,,,
05/18/2017,52.51,52.19,52.74,51.11,363.69K,0.57%,,,,,
05/17/2017,52.21,51.2,52.61,51.04,331.36K,1.08%,,,,,
05/16/2017,51.65,51.88,52.36,51.1,340.96K,-0.33%,,,,,
05/15/2017,51.82,50.89,52.63,50.74,331.42K,1.93%,,,,,
05-12-2017,50.84,50.76,51.09,50.33,304.76K,0.14%,,,,,
05-11-2017,50.77,50.28,51.16,50.25,315.59K,1.10%,,,,,
05-10-2017,50.22,48.95,50.63,48.81,368.11K,3.06%,,,,,
05-09-2017,48.73,49.44,49.72,48.39,332.91K,-1.24%,,,,,
05-08-2017,49.34,49.27,49.92,48.48,400.72K,0.49%,,,,,
05-05-2017,49.1,48.45,49.63,46.64,530.44K,1.49%,,,,,
05-04-2017,48.38,50.59,50.73,48.16,541.58K,-4.75%,,,,,
05-03-2017,50.79,50.99,51.14,50.2,357.19K,0.65%,,,,,
05-02-2017,50.46,51.39,52.16,50.14,364.06K,-2.06%,,,,,
05-01-2017,51.52,51.88,51.97,51.22,121.53K,-0.41%,,,,,
04/28/2017,51.73,51.58,52.12,51.31,23.20K,0.56%,,,,,
04/27/2017,51.44,51.57,51.76,50.45,187.13K,-0.73%,,,,,
04/26/2017,51.82,51.81,52.46,51.38,206.56K,-0.54%,,,,,
04/25/2017,52.1,51.6,52.39,51.3,272.76K,0.97%,,,,,
04/24/2017,51.6,52.11,52.57,51.42,267.28K,-0.69%,,,,,
04/21/2017,51.96,53,53.29,51.57,348.48K,-1.94%,,,,,
04/20/2017,52.99,53.09,53.55,52.68,401.85K,0.11%,,,,,
04/19/2017,52.93,54.78,55.2,52.58,435.41K,-3.57%,,,,,
04/18/2017,54.89,55.39,55.48,54.61,373.10K,-0.85%,,,,,
04/17/2017,55.36,55.55,55.98,55.29,158.97K,-0.95%,,,,,
04/13/2017,55.89,55.66,56.06,55.56,325.31K,0.05%,,,,,
04-12-2017,55.86,56.28,56.65,55.5,373.53K,-0.66%,,,,,
04-11-2017,56.23,56.08,56.3,55.45,340.42K,0.45%,,,,,
04-10-2017,55.98,55.19,56.05,55.19,298.90K,1.34%,,,,,
04-07-2017,55.24,54.88,56.08,54.57,317.78K,0.64%,,,,,
04-06-2017,54.89,54.13,55,54.02,239.47K,0.97%,,,,,
04-05-2017,54.36,54.22,55.09,53.97,353.02K,0.35%,,,,,
04-04-2017,54.17,53.18,54.38,52.73,302.11K,1.98%,,,,,
04-03-2017,53.12,53.62,53.74,53.03,241.75K,0.55%,,,,,
03/31/2017,52.83,52.83,53.45,52.35,27.46K,-0.25%,,,,,
03/30/2017,52.96,52.39,53.1,52.03,128.55K,1.03%,,,,,
03/29/2017,52.42,51.43,52.48,51.36,140.44K,2.12%,,,,,
03/28/2017,51.33,50.77,51.87,50.77,186.41K,1.14%,,,,,
03/27/2017,50.75,51.03,51.1,50.03,195.52K,-0.10%,,,,,
03/24/2017,50.8,50.64,51.06,50.4,215.34K,0.47%,,,,,
03/23/2017,50.56,50.83,51.1,50.25,320.21K,-0.16%,,,,,
03/22/2017,50.64,50.86,50.98,49.71,327.91K,-0.63%,,,,,
03/21/2017,50.96,51.7,52.22,50.73,291.71K,-1.28%,,,,,
03/20/2017,51.62,51.8,51.94,51.01,239.25K,-0.27%,,,,,
03/17/2017,51.76,51.74,52.18,51.53,220.35K,0.04%,,,,,
03/16/2017,51.74,52.08,52.65,51.5,281.53K,-0.14%,,,,,
03/15/2017,51.81,51.5,52.15,51.36,327.90K,1.75%,,,,,
03/14/2017,50.92,51.34,51.86,50.25,411.63K,-0.84%,,,,,
03/13/2017,51.35,51.49,51.7,50.85,276.76K,-0.04%,,,,,
03-10-2017,51.37,52.33,53.02,51.14,351.34K,-1.57%,,,,,
03-09-2017,52.19,53.49,53.86,51.5,504.12K,-1.73%,,,,,
03-08-2017,53.11,55.63,55.77,52.93,444.13K,-5.03%,,,,,
03-07-2017,55.92,55.95,56.65,55.56,269.52K,-0.16%,,,,,
03-06-2017,56.01,55.8,56.25,55.32,224.20K,0.20%,,,,,
03-03-2017,55.9,55.18,55.95,55.09,248.71K,1.49%,,,,,
03-02-2017,55.08,56.31,56.44,55.03,350.12K,-2.27%,,,,,
03-01-2017,56.36,56.45,57.05,56.24,261.74K,1.39%,,,,,
02/28/2017,55.59,56.02,56.15,55.23,28.35K,-0.61%,,,,,
02/27/2017,55.93,55.96,56.77,55.86,139.29K,-0.11%,,,,,
02/24/2017,55.99,56.4,56.66,55.74,164.96K,-1.04%,,,,,
02/23/2017,56.58,56.2,57.26,56.18,223.59K,1.33%,,,,,
02/22/2017,55.84,56.74,57.01,55.64,245.16K,-1.45%,,,,,
02/21/2017,56.66,56.17,57.31,56.1,335.44K,0.85%,,,,,
02/20/2017,56.18,55.9,56.42,55.7,209.63K,0.66%,,,,,
02/17/2017,55.81,55.73,55.88,55.1,270.49K,0.29%,,,,,
02/16/2017,55.65,55.74,56.24,55.13,310.84K,-0.18%,,,,,
02/15/2017,55.75,55.82,56.25,55.56,272.52K,-0.39%,,,,,
02/14/2017,55.97,55.75,56.46,55.53,254.98K,0.68%,,,,,
02/13/2017,55.59,56.68,56.81,55.41,234.31K,-1.96%,,,,,
02-10-2017,56.7,55.66,56.88,55.59,284.71K,1.92%,,,,,
02-09-2017,55.63,55.3,55.92,55.23,263.40K,0.93%,,,,,
02-08-2017,55.12,54.5,55.68,54.44,409.83K,0.13%,,,,,
02-07-2017,55.05,55.91,55.98,54.58,317.18K,-1.20%,,,,,
02-06-2017,55.72,56.85,57.13,55.65,252.70K,-1.92%,,,,,
02-03-2017,56.81,56.92,57.3,56.39,264.76K,0.44%,,,,,
02-02-2017,56.56,56.53,57.45,56.33,297.35K,-0.42%,,,,,
02-01-2017,56.8,55.55,56.83,55.36,301.24K,1.97%,,,,,
01/31/2017,55.7,55.25,56,54.9,28.80K,0.85%,,,,,
01/30/2017,55.23,55.47,55.7,54.97,104.90K,-0.52%,,,,,
01/27/2017,55.52,56.09,56.5,54.86,142.07K,-1.28%,,,,,
01/26/2017,56.24,55.39,56.55,55.21,265.72K,2.11%,,,,,
01/25/2017,55.08,55.24,55.65,54.75,275.73K,-0.65%,,,,,
01/24/2017,55.44,55.42,55.87,55.07,254.89K,0.38%,,,,,
01/23/2017,55.23,55.7,55.75,54.65,305.85K,-0.47%,,,,,
01/20/2017,55.49,54.33,55.8,54.18,293.54K,2.46%,,,,,
01/19/2017,54.16,54.29,54.77,53.9,346.87K,0.45%,,,,,
01/18/2017,53.92,55.48,55.9,53.77,360.15K,-2.79%,,,,,
01/17/2017,55.47,55.74,56.95,55.4,335.73K,-0.70%,,,,,
01/16/2017,55.86,55.64,55.92,55.19,112.58K,0.74%,,,,,
01/13/2017,55.45,56,56.21,55.28,247.09K,-1.00%,,,,,
01-12-2017,56.01,55.19,56.43,55.01,331.63K,1.65%,,,,,
01-11-2017,55.1,53.8,55.67,53.7,419.90K,2.72%,,,,,
01-10-2017,53.64,54.95,55.36,53.58,332.98K,-2.37%,,,,,
01-09-2017,54.94,56.81,57,54.74,266.39K,-3.78%,,,,,
01-06-2017,57.1,56.88,57.47,56.28,234.87K,0.37%,,,,,
01-05-2017,56.89,56.35,57.35,56.01,269.61K,0.76%,,,,,
01-04-2017,56.46,55.73,56.55,55.33,282.55K,1.78%,,,,,
01-03-2017,55.47,57.05,58.37,55.3,340.82K,-2.38%,,,,,
01-02-2017,56.82,56.82,56.82,56.82,,0.00%,,,,,
12/30/2016,56.82,57,57.2,56.46,129.10K,1.21%,,,,,
12/29/2016,56.14,56.01,56.63,55.91,49.08K,-0.14%,,,,,
12/28/2016,56.22,56.06,56.56,55.89,109.91K,0.23%,,,,,
12/27/2016,56.09,55.18,57.15,55.04,67.84K,1.69%,,,,,
12/23/2016,55.16,54.84,55.25,54.26,104.09K,0.20%,,,,,
12/22/2016,55.05,54.55,55.23,54.05,194.66K,1.08%,,,,,
12/21/2016,54.46,55.52,55.87,54.32,277.73K,-1.61%,,,,,
12/20/2016,55.35,55.02,55.92,54.75,257.02K,0.78%,,,,,
12/19/2016,54.92,55.4,55.8,54.69,228.39K,-0.53%,,,,,
12/16/2016,55.21,54.11,55.38,53.71,229.19K,2.20%,,,,,
12/15/2016,54.02,53.76,54.5,53.15,266.15K,0.22%,,,,,
12/14/2016,53.9,55.16,55.81,53.52,353.97K,-3.27%,,,,,
12/13/2016,55.72,55.7,56.44,55.13,283.43K,0.05%,,,,,
12-12-2016,55.69,55.88,57.89,55.11,372.17K,2.50%,,,,,
12-09-2016,54.33,53.97,54.46,53.77,264.80K,0.82%,,,,,
12-08-2016,53.89,53.15,54.05,52.81,334.18K,1.68%,,,,,
12-07-2016,53,53.94,54.23,52.92,298.57K,-1.72%,,,,,
12-06-2016,53.93,54.5,54.94,53.51,280.65K,-1.84%,,,,,
12-05-2016,54.94,54.4,55.33,53.77,288.55K,0.88%,,,,,
12-02-2016,54.46,53.88,54.5,52.84,312.78K,0.96%,,,,,
12-01-2016,53.94,51.72,54.53,51.51,460.86K,6.88%,,,,,
11/30/2016,50.47,46.54,50.49,46.51,43.12K,8.82%,,,,,
11/29/2016,46.38,48.07,48.1,45.92,133.11K,-3.86%,,,,,
11/28/2016,48.24,46.71,48.81,46.28,207.96K,2.12%,,,,,
11/25/2016,47.24,48.96,49.02,46.85,181.17K,-3.59%,,,,,
11/24/2016,49,49.03,49.21,48.76,71.19K,0.10%,,,,,
11/23/2016,48.95,49.2,49.5,48.56,275.29K,-0.35%,,,,,
11/22/2016,49.12,49.25,49.96,48.14,436.93K,0.45%,,,,,
11/21/2016,48.9,46.92,49.15,46.92,282.70K,4.35%,,,,,
11/18/2016,46.86,46.05,46.99,45.75,249.34K,0.80%,,,,,
11/17/2016,46.49,46.44,47.62,45.97,280.94K,-0.30%,,,,,
11/16/2016,46.63,46.88,47.56,46.25,335.48K,-0.68%,,,,,
11/15/2016,46.95,44.7,47.25,44.67,354.27K,5.67%,,,,,
11/14/2016,44.43,44.54,44.99,43.57,260.15K,-0.72%,,,,,
11-11-2016,44.75,45.8,45.89,44.19,286.71K,-2.38%,,,,,
11-10-2016,45.84,46.36,46.92,45.56,302.45K,-1.12%,,,,,
11-09-2016,46.36,46.04,46.95,44.4,448.12K,0.70%,,,,,
11-08-2016,46.04,46.3,46.69,45.6,320.98K,-0.24%,,,,,
11-07-2016,46.15,45.7,46.38,45.38,276.17K,1.25%,,,,,
11-04-2016,45.58,46.43,46.56,45.08,384.56K,-1.66%,,,,,
11-03-2016,46.35,47.15,47.52,45.99,283.66K,-1.09%,,,,,
11-02-2016,46.86,47.9,48.02,46.46,366.82K,-2.66%,,,,,
11-01-2016,48.14,48.72,49.26,47.72,462.80K,-0.33%,,,,,
10/31/2016,48.3,49.41,49.72,47.98,32.21K,-2.84%,,,,,
10/28/2016,49.71,50.41,50.58,49.31,94.84K,-1.51%,,,,,
10/27/2016,50.47,50.05,50.9,49.83,138.09K,0.98%,,,,,
10/26/2016,49.98,50.26,50.69,49.65,304.52K,-1.59%,,,,,
10/25/2016,50.79,51.44,51.83,50.22,237.73K,-1.30%,,,,,
10/24/2016,51.46,51.89,52.01,50.5,277.24K,-0.62%,,,,,
10/21/2016,51.78,51.4,51.94,51.12,249.16K,0.78%,,,,,
10/20/2016,51.38,52.6,52.72,51.17,279.31K,-2.45%,,,,,
10/19/2016,52.67,52.13,53.14,52.09,292.95K,1.92%,,,,,
10/18/2016,51.68,51.72,52.15,51.25,274.17K,0.31%,,,,,
10/17/2016,51.52,51.93,52.29,51.16,247.03K,-0.83%,,,,,
10/14/2016,51.95,52.06,52.55,51.5,248.44K,-0.15%,,,,,
10/13/2016,52.03,51.6,52.15,50.92,310.65K,0.42%,,,,,
10-12-2016,51.81,52.48,52.87,51.61,254.73K,-1.14%,,,,,
10-11-2016,52.41,53.11,53.32,52.12,373.85K,-1.37%,,,,,
10-10-2016,53.14,51.63,53.73,51.3,334.27K,2.33%,,,,,
10-07-2016,51.93,52.72,52.84,51.33,310.02K,-1.10%,,,,,
10-06-2016,52.51,51.76,52.75,51.32,293.87K,1.25%,,,,,
10-05-2016,51.86,51.22,52.09,51.22,302.09K,1.95%,,,,,
10-04-2016,50.87,50.93,51.55,50.34,269.27K,-0.04%,,,,,
10-03-2016,50.89,50.02,51.14,49.74,284.26K,3.73%,,,,,
09/30/2016,49.06,49.18,49.25,48.21,26.94K,-0.37%,,,,,
09/29/2016,49.24,48.87,49.81,47.99,114.83K,1.13%,,,,,
09/28/2016,48.69,46.14,48.96,45.7,188.67K,5.92%,,,,,
09/27/2016,45.97,47.06,47.28,45.63,241.18K,-2.91%,,,,,
09/26/2016,47.35,46.05,47.66,45.74,208.15K,3.18%,,,,,
09/23/2016,45.89,47.42,48.26,45.65,306.86K,-3.69%,,,,,
09/22/2016,47.65,46.99,47.83,46.99,290.33K,1.75%,,,,,
09/21/2016,46.83,46.45,47.14,46.38,249.08K,2.07%,,,,,
09/20/2016,45.88,45.91,46.3,45.09,298.80K,-0.15%,,,,,
09/19/2016,45.95,46.01,46.93,45.85,209.91K,0.39%,,,,,
09/16/2016,45.77,46.31,46.41,45.48,226.32K,-1.76%,,,,,
09/15/2016,46.59,46.06,47,45.67,320.72K,1.61%,,,,,
09/14/2016,45.85,47.33,47.48,45.7,332.96K,-2.65%,,,,,
09/13/2016,47.1,48.17,48.22,46.96,280.02K,-2.52%,,,,,
09-12-2016,48.32,47.81,48.63,46.9,258.76K,0.65%,,,,,
09-09-2016,48.01,49.63,49.7,47.76,262.15K,-3.96%,,,,,
09-08-2016,49.99,48.55,50.14,48.21,327.24K,4.19%,,,,,
09-07-2016,47.98,47.2,48.56,46.97,224.23K,1.52%,,,,,
09-06-2016,47.26,47.43,47.99,46.29,215.06K,-0.78%,,,,,
09-05-2016,47.63,46.7,49.4,46.4,287.95K,1.71%,,,,,
09-02-2016,46.83,45.79,47.02,45.41,279.34K,3.04%,,,,,
09-01-2016,45.45,46.98,47.24,45.32,290.04K,-3.38%,,,,,
08/31/2016,47.04,48.29,48.42,46.96,20.61K,-2.75%,,,,,
08/30/2016,48.37,49.25,49.76,48.23,124.52K,-1.81%,,,,,
08/29/2016,49.26,49.54,49.6,48.97,65.67K,-1.32%,,,,,
08/26/2016,49.92,49.66,50.76,49.12,209.62K,0.50%,,,,,
08/25/2016,49.67,49.03,49.78,48.7,217.13K,1.26%,,,,,
08/24/2016,49.05,49.57,49.87,48.68,280.92K,-1.82%,,,,,
08/23/2016,49.96,49.04,50.21,48.48,314.18K,1.63%,,,,,
08/22/2016,49.16,50.7,50.7,49.07,270.37K,-3.38%,,,,,
08/19/2016,50.88,50.96,51.22,50.32,252.34K,-0.02%,,,,,
08/18/2016,50.89,49.76,51.05,49.52,268.83K,2.09%,,,,,
08/17/2016,49.85,48.88,49.93,48.55,377.40K,1.26%,,,,,
08/16/2016,49.23,48.22,49.36,47.9,331.86K,1.82%,,,,,
08/15/2016,48.35,47.14,48.54,46.84,234.40K,2.94%,,,,,
08-12-2016,46.97,46.18,47.25,45.74,258.00K,2.02%,,,,,
08-11-2016,46.04,43.78,46.3,43.46,335.53K,4.52%,,,,,
08-10-2016,44.05,44.92,45.68,43.81,284.86K,-2.07%,,,,,
08-09-2016,44.98,45.25,45.77,44.76,216.22K,-0.90%,,,,,
08-08-2016,45.39,44.34,45.71,44.24,221.51K,2.53%,,,,,
08-05-2016,44.27,44.18,44.49,43.51,236.87K,-0.05%,,,,,
08-04-2016,44.29,43.36,44.34,42.51,276.42K,2.76%,,,,,
08-03-2016,43.1,41.94,43.47,41.56,320.44K,3.11%,,,,,
08-02-2016,41.8,42.23,43.18,41.51,262.56K,-0.81%,,,,,
08-01-2016,42.14,43.11,43.85,41.87,234.77K,-0.75%,,,,,
07/29/2016,42.46,42.61,42.83,41.8,21.54K,-0.56%,,,,,
07/28/2016,42.7,43.53,43.72,42.56,110.09K,-1.77%,,,,,
07/27/2016,43.47,44.55,44.91,43.27,194.57K,-3.12%,,,,,
07/26/2016,44.87,44.82,44.96,44.14,240.33K,0.34%,,,,,
07/25/2016,44.72,45.7,45.87,44.55,188.81K,-2.12%,,,,,
07/22/2016,45.69,46.21,46.5,45.17,243.49K,-1.10%,,,,,
07/21/2016,46.2,47.17,47.56,46.05,237.48K,-2.06%,,,,,
07/20/2016,47.17,46.76,47.49,45.9,296.30K,1.09%,,,,,
07/19/2016,46.66,46.93,47.49,46.53,214.36K,-0.64%,,,,,
07/18/2016,46.96,47.92,47.95,46.5,230.50K,-1.37%,,,,,
07/15/2016,47.61,47.03,48.25,46.65,260.43K,0.51%,,,,,
07/14/2016,47.37,46.59,47.47,46.34,289.40K,2.40%,,,,,
07/13/2016,46.26,48.13,48.2,46.09,299.80K,-4.56%,,,,,
07-12-2016,48.47,46.17,48.57,46.09,321.53K,4.80%,,,,,
07-11-2016,46.25,46.49,47.1,45.9,229.28K,-1.09%,,,,,
07-08-2016,46.76,46.6,47.23,46.15,237.28K,0.78%,,,,,
07-07-2016,46.4,49.12,49.59,46.15,328.10K,-4.92%,,,,,
07-06-2016,48.8,48.06,49.31,47.17,279.12K,1.75%,,,,,
07-05-2016,47.96,50.03,50.05,47.54,305.74K,-4.27%,,,,,
07-04-2016,50.1,50.6,50.75,50.03,113.45K,-0.50%,,,,,
07-01-2016,50.35,49.9,50.66,49.25,248.69K,1.35%,,,,,
06/30/2016,49.68,50.21,50.28,49.47,25.41K,-1.84%,,,,,
06/29/2016,50.61,48.84,50.74,48.62,112.96K,4.18%,,,,,
06/28/2016,48.58,47.61,48.79,47.47,173.18K,3.01%,,,,,
06/27/2016,47.16,48.43,48.9,46.69,243.26K,-2.58%,,,,,
06/24/2016,48.41,50.69,50.74,47.54,351.74K,-4.91%,,,,,
06/23/2016,50.91,50.14,51.18,49.89,246.95K,2.06%,,,,,
06/22/2016,49.88,51.06,51.24,49.18,282.72K,-1.46%,,,,,
06/21/2016,50.62,50.43,51.1,49.46,256.95K,-0.06%,,,,,
06/20/2016,50.65,49.42,50.68,49.24,244.41K,3.01%,,,,,
06/17/2016,49.17,47.28,49.4,47.25,222.73K,4.20%,,,,,
06/16/2016,47.19,48.56,48.77,46.94,287.30K,-3.63%,,,,,
06/15/2016,48.97,49.22,49.8,48.39,298.84K,-1.73%,,,,,
06/14/2016,49.83,49.89,50.05,49.2,224.01K,-1.03%,,,,,
06/13/2016,50.35,50.42,50.79,49.61,208.81K,-0.38%,,,,,
06-10-2016,50.54,51.91,52.1,50.33,210.06K,-2.71%,,,,,
06-09-2016,51.95,52.74,52.86,51.53,213.12K,-1.07%,,,,,
06-08-2016,52.51,51.41,52.8,51.32,260.75K,2.08%,,,,,
06-07-2016,51.44,50.46,51.54,50.28,208.82K,1.76%,,,,,
06-06-2016,50.55,49.83,50.83,49.72,223.76K,1.83%,,,,,
06-03-2016,49.64,49.95,50.33,49.3,227.82K,-0.80%,,,,,
06-02-2016,50.04,49.63,50.3,48.84,270.12K,0.64%,,,,,
06-01-2016,49.72,49.65,50,48.65,266.00K,0.06%,,,,,
05/31/2016,49.69,49.7,50.05,49.23,28.69K,-0.14%,,,,,
05/30/2016,49.76,49.43,49.83,48.92,23.09K,0.89%,,,,,
05/27/2016,49.32,49.42,49.55,48.69,130.18K,-0.54%,,,,,
05/26/2016,49.59,49.76,50.51,49.25,221.26K,-0.30%,,,,,
05/25/2016,49.74,49.16,49.96,48.91,237.79K,2.32%,,,,,
05/24/2016,48.61,48.35,49.24,47.8,211.58K,0.54%,,,,,
05/23/2016,48.35,48.72,48.84,47.58,225.09K,-0.76%,,,,,
05/20/2016,48.72,48.9,49.39,48.07,255.58K,-0.18%,,,,,
05/19/2016,48.81,48.67,48.88,47.38,302.10K,-0.25%,,,,,
05/18/2016,48.93,49.36,49.85,48.45,319.81K,-0.71%,,,,,
05/17/2016,49.28,49.03,49.75,48.57,262.32K,0.63%,,,,,
05/16/2016,48.97,47.8,49.47,47.77,294.38K,2.38%,,,,,
05/13/2016,47.83,47.85,48.12,47.26,239.05K,-0.52%,,,,,
05-12-2016,48.08,47.32,48.19,46.8,353.85K,1.01%,,,,,
05-11-2016,47.6,45.59,47.75,44.8,381.74K,4.57%,,,,,
05-10-2016,45.52,43.49,45.7,43.33,343.21K,4.33%,,,,,
05-09-2016,43.63,45.75,46.48,43.43,364.58K,-3.84%,,,,,
05-06-2016,45.37,45.16,46.12,44.19,283.65K,0.80%,,,,,
05-05-2016,45.01,45.08,46.77,44.65,280.79K,0.87%,,,,,
05-04-2016,44.62,45.21,46.01,44.19,293.82K,-0.78%,,,,,
05-03-2016,44.97,45.8,46.4,44.62,276.40K,-1.88%,,,,,
05-02-2016,45.83,47.37,47.4,45.72,168.09K,-4.78%,,,,,
04/29/2016,48.13,47.9,48.5,47.41,29.52K,-0.02%,,,,,
04/28/2016,48.14,47.1,48.19,46.74,113.08K,2.03%,,,,,
04/27/2016,47.18,46.26,47.45,45.63,150.79K,3.15%,,,,,
04/26/2016,45.74,44.69,46.49,44.36,199.24K,2.83%,,,,,
04/25/2016,44.48,45.13,45.59,44.26,211.68K,-1.40%,,,,,
04/22/2016,45.11,44.75,45.9,44.3,272.85K,1.30%,,,,,
04/21/2016,44.53,45.54,46.18,44.44,312.60K,-2.77%,,,,,
04/20/2016,45.8,43.52,45.88,42.81,297.26K,4.02%,,,,,
04/19/2016,44.03,43.14,44.5,42.6,355.95K,2.61%,,,,,
04/18/2016,42.91,41.8,43.43,40.1,383.37K,-0.44%,,,,,
04/15/2016,43.1,43.8,44.05,42.28,285.17K,-1.69%,,,,,
04/14/2016,43.84,44.01,44.62,43.29,234.37K,-0.77%,,,,,
04/13/2016,44.18,44.44,44.94,43.76,348.59K,-1.14%,,,,,
04-12-2016,44.69,42.7,44.81,42.56,357.35K,4.34%,,,,,
04-11-2016,42.83,42,43.06,41.41,279.92K,2.12%,,,,,
04-08-2016,41.94,39.68,42.01,39.62,340.22K,6.37%,,,,,
04-07-2016,39.43,39.9,40.29,38.7,308.72K,-1.03%,,,,,
04-06-2016,39.84,38.4,39.94,38.34,323.37K,5.20%,,,,,
04-05-2016,37.87,37.5,38.44,37.27,296.45K,0.48%,,,,,
04-04-2016,37.69,38.69,38.92,37.5,286.65K,-2.53%,,,,,
04-01-2016,38.67,40.14,40.43,38.55,286.17K,-2.35%,,,,,
03/31/2016,39.6,39.12,40,38.74,27.80K,0.87%,,,,,
03/30/2016,39.26,39.42,40.61,39.09,103.12K,0.31%,,,,,
03/29/2016,39.14,40.19,40.25,38.76,149.53K,-2.81%,,,,,
03/28/2016,40.27,40.58,41,39.64,78.63K,-0.42%,,,,,
03/24/2016,40.44,40.4,40.64,39.22,203.28K,-0.07%,,,,,
03/23/2016,40.47,41.56,41.82,40.42,240.91K,-3.16%,,,,,
03/22/2016,41.79,41.47,42.08,40.97,268.21K,0.60%,,,,,
03/21/2016,41.54,41.31,41.88,40.48,234.10K,0.83%,,,,,
03/18/2016,41.2,41.38,42.54,41.07,286.65K,-0.82%,,,,,
03/17/2016,41.54,40.45,41.6,40.41,249.23K,3.00%,,,,,
03/16/2016,40.33,39.14,40.44,38.83,263.87K,4.10%,,,,,
03/15/2016,38.74,39.67,39.74,38.32,224.36K,-2.00%,,,,,
03/14/2016,39.53,40.25,40.65,38.82,264.71K,-2.13%,,,,,
03-11-2016,40.39,40.33,41.03,40.02,276.65K,0.85%,,,,,
03-10-2016,40.05,40.89,41.01,39.63,287.78K,-2.48%,,,,,
03-09-2016,41.07,39.65,41.18,39.39,333.49K,3.58%,,,,,
03-08-2016,39.65,40.71,41.48,39.31,352.25K,-2.91%,,,,,
03-07-2016,40.84,38.88,41.04,38.87,341.91K,5.48%,,,,,
03-04-2016,38.72,37.04,38.95,36.82,295.79K,4.45%,,,,,
03-03-2016,37.07,37.05,37.37,36.35,256.49K,0.38%,,,,,
03-02-2016,36.93,36.62,37.4,36.1,278.17K,0.33%,,,,,
03-01-2016,36.81,36.6,37.25,35.95,276.26K,2.34%,,,,,
02/29/2016,35.97,35.1,36.23,34.83,30.24K,2.48%,,,,,
02/26/2016,35.1,35.1,37,34.73,126.42K,-0.54%,,,,,
02/25/2016,35.29,34.39,35.74,33.29,210.57K,2.56%,,,,,
02/24/2016,34.41,32.98,34.67,32.37,344.00K,3.43%,,,,,
02/23/2016,33.27,34.54,35.11,32.9,348.08K,-4.09%,,,,,
02/22/2016,34.69,33.25,34.97,32.85,233.33K,5.09%,,,,,
02/19/2016,33.01,33.88,34.46,32.68,287.09K,-3.70%,,,,,
02/18/2016,34.28,34.91,35.73,33.79,324.10K,-0.64%,,,,,
02/17/2016,34.5,32.54,34.99,31.82,355.92K,7.21%,,,,,
02/16/2016,32.18,34.51,35.55,31.92,398.49K,-3.62%,,,,,
02/15/2016,33.39,32.77,34.09,32.67,160.51K,0.09%,,,,,
02-12-2016,33.36,31.31,33.44,30.85,394.48K,10.98%,,,,,
02-11-2016,30.06,30.83,31.35,29.92,347.59K,-2.53%,,,,,
02-10-2016,30.84,30.95,31.9,30.35,332.99K,1.72%,,,,,
02-09-2016,30.32,33.17,33.56,30.28,305.77K,-7.79%,,,,,
02-08-2016,32.88,33.99,34.68,32.77,211.55K,-3.46%,,,,,
02-05-2016,34.06,34.39,35.14,33.81,296.57K,-1.16%,,,,,
02-04-2016,34.46,35.32,35.84,34.15,323.93K,-1.66%,,,,,
02-03-2016,35.04,32.41,35.53,32.3,396.58K,7.09%,,,,,
02-02-2016,32.72,34.18,34.18,32.23,346.89K,-4.44%,,,,,
02-01-2016,34.24,35.85,36.25,33.92,331.87K,-1.44%,,,,,
01/29/2016,34.74,34.08,35,33.59,29.66K,2.51%,,,,,
01/28/2016,33.89,32.84,35.84,32.56,195.14K,2.39%,,,,,
01/27/2016,33.1,31.2,33.49,30.83,257.11K,4.09%,,,,,
01/26/2016,31.8,30.01,32.72,29.27,335.09K,4.26%,,,,,
01/25/2016,30.5,32.1,32.81,30,310.14K,-5.22%,,,,,
01/22/2016,32.18,29.62,32.3,29.29,407.78K,10.02%,,,,,
01/21/2016,29.25,27.99,29.84,27.29,394.26K,4.91%,,,,,
01/20/2016,27.88,28.66,28.75,27.1,375.40K,-3.06%,,,,,
01/19/2016,28.76,28.7,30.24,28.6,419.48K,0.74%,,,,,
01/18/2016,28.55,28.73,29.58,27.67,211.26K,-1.35%,,,,,
01/15/2016,28.94,31,31.02,28.82,344.46K,-6.74%,,,,,
01/14/2016,31.03,30.26,31.23,29.73,16.39K,2.38%,,,,,
01/13/2016,30.31,30.82,31.92,29.96,91.96K,-1.78%,,,,,
01-12-2016,30.86,31.54,32.38,30.34,142.53K,-2.19%,,,,,
01-11-2016,31.55,33.34,33.38,31.17,202.06K,-5.96%,,,,,
01-08-2016,33.55,34.02,34.72,32.78,206.97K,-0.59%,,,,,
01-07-2016,33.75,34.52,34.74,32.16,291.51K,-1.40%,,,,,
01-06-2016,34.23,36.64,36.67,34.13,296.86K,-6.01%,,,,,
01-05-2016,36.42,37.27,37.57,36.24,275.47K,-2.15%,,,,,
01-04-2016,37.22,37.85,38.99,36.77,321.84K,-0.16%,,,,,
12/31/2015,37.28,36.57,37.95,36.1,149.60K,2.25%,,,,,
12/30/2015,36.46,37.29,37.55,36.35,173.51K,-3.52%,,,,,
12/29/2015,37.79,36.59,37.98,36.56,171.68K,3.19%,,,,,
12/28/2015,36.62,37.84,37.95,36.41,84.34K,-3.35%,,,,,
12/24/2015,37.89,37.77,38.1,36.91,111.02K,1.42%,,,,,
12/23/2015,37.36,36.37,37.88,36.28,196.98K,3.46%,,,,,
12/22/2015,36.11,36.36,36.72,35.98,166.30K,-0.66%,,,,,
12/21/2015,36.35,36.55,36.75,36.04,175.12K,-1.44%,,,,,
12/18/2015,36.88,36.81,37.73,36.41,218.04K,-0.49%,,,,,
12/17/2015,37.06,37.6,37.93,36.75,200.85K,-0.35%,,,,,
12/16/2015,37.19,38.09,38.45,37.11,18.23K,-3.28%,,,,,
12/15/2015,38.45,37.89,39.41,37.55,73.70K,1.40%,,,,,
12/14/2015,37.92,37.85,38.43,36.33,115.12K,-0.03%,,,,,
12-11-2015,37.93,39.55,39.74,37.36,167.31K,-4.53%,,,,,
12-10-2015,39.73,40.44,40.7,39.46,188.99K,-0.95%,,,,,
12-09-2015,40.11,40.63,41.59,39.57,284.65K,-0.37%,,,,,
12-08-2015,40.26,40.82,41.45,39.81,328.38K,-1.15%,,,,,
12-07-2015,40.73,43.26,43.26,40.6,272.44K,-5.28%,,,,,
12-04-2015,43,43.98,44.82,42.67,345.83K,-1.92%,,,,,
12-03-2015,43.84,42.77,44.69,42.61,271.48K,3.18%,,,,,
12-02-2015,42.49,44.32,44.64,42.43,324.06K,-4.39%,,,,,
12-01-2015,44.44,44.62,45.18,44.03,301.20K,-0.38%,,,,,
11/30/2015,44.61,44.86,45.75,44.44,235.94K,-0.56%,,,,,
11/27/2015,44.86,45.57,45.63,44.79,165.31K,-1.32%,,,,,
11/26/2015,45.46,46.23,46.32,45,97.32K,-1.54%,,,,,
11/25/2015,46.17,46.04,46.5,45.03,229.11K,0.11%,,,,,
11/24/2015,46.12,45.11,46.5,44.92,271.93K,2.88%,,,,,
11/23/2015,44.83,44.46,45.73,43.57,291.00K,0.38%,,,,,
11/20/2015,44.66,44.38,45.5,44.06,245.34K,1.09%,,,,,
11/19/2015,44.18,44.3,44.76,43.7,201.03K,0.09%,,,,,
11/18/2015,44.14,43.97,44.74,43.34,255.68K,1.31%,,,,,
11/17/2015,43.57,44.7,45.1,43.5,260.70K,-2.22%,,,,,
11/16/2015,44.56,44.7,45.18,43.15,310.12K,2.18%,,,,,
11/13/2015,43.61,44.08,44.85,43.57,28.63K,-1.02%,,,,,
11-12-2015,44.06,45.92,46.27,43.89,132.49K,-3.82%,,,,,
11-11-2015,45.81,47.08,47.73,45.62,193.34K,-3.44%,,,,,
11-10-2015,47.44,47.32,47.86,46.96,206.34K,0.53%,,,,,
11-09-2015,47.19,47.46,48.41,47.01,202.18K,-0.49%,,,,,
11-06-2015,47.42,48.05,48.58,47.27,245.49K,-1.17%,,,,,
11-05-2015,47.98,48.84,49,47.93,228.00K,-1.24%,,,,,
11-04-2015,48.58,50.25,50.87,48.49,328.14K,-3.88%,,,,,
11-03-2015,50.54,48.9,50.91,48.46,283.36K,3.59%,,,,,
11-02-2015,48.79,49.5,49.69,48.61,224.28K,-1.55%,,,,,
10/30/2015,49.56,48.66,50,48.28,238.59K,1.56%,,,,,
10/29/2015,48.8,49.15,49.38,48.17,213.93K,-0.51%,,,,,
10/28/2015,49.05,46.91,49.23,46.61,306.60K,4.79%,,,,,
10/27/2015,46.81,47.43,47.57,46.41,243.11K,-1.54%,,,,,
10/26/2015,47.54,48,48.33,47.3,193.98K,-0.94%,,,,,
10/23/2015,47.99,48.32,48.65,47.45,242.06K,-0.19%,,,,,
10/22/2015,48.08,47.96,48.73,47.65,201.59K,0.48%,,,,,
10/21/2015,47.85,48.58,48.65,47.5,244.64K,-1.77%,,,,,
10/20/2015,48.71,48.83,49.2,48.22,253.32K,0.21%,,,,,
10/19/2015,48.61,50.38,50.68,48.57,223.31K,-3.67%,,,,,
10/16/2015,50.46,50.21,50.7,49.31,225.96K,3.59%,,,,,
10/15/2015,48.71,49.01,49.38,48.21,16.79K,-0.90%,,,,,
10/14/2015,49.15,49.22,49.52,48.71,63.28K,-0.18%,,,,,
10/13/2015,49.24,50.27,50.7,48.88,108.37K,-1.24%,,,,,
10-12-2015,49.86,52.64,53.31,49.77,166.79K,-5.30%,,,,,
10-09-2015,52.65,53.35,54.05,52.21,174.34K,-0.75%,,,,,
10-08-2015,53.05,51.76,53.52,51.28,219.94K,3.35%,,,,,
10-07-2015,51.33,52.15,53.15,51.21,299.91K,-1.14%,,,,,
10-06-2015,51.92,49.35,52.26,48.86,303.58K,5.42%,,,,,
10-05-2015,49.25,48.08,49.87,47.84,215.45K,2.33%,,,,,
10-02-2015,48.13,47.99,48.5,46.93,201.59K,0.92%,,,,,
10-01-2015,47.69,48.4,49.84,47.62,239.32K,-1.41%,,,,,
09/30/2015,48.37,47.96,49,47.79,219.89K,0.29%,,,,,
09/29/2015,48.23,47.45,48.65,47.25,181.41K,1.88%,,,,,
09/28/2015,47.34,48.34,48.44,47.25,188.28K,-2.59%,,,,,
09/25/2015,48.6,48.17,49.1,47.86,189.40K,0.89%,,,,,
09/24/2015,48.17,47.88,48.47,47.4,198.04K,0.88%,,,,,
09/23/2015,47.75,49.08,50.25,47.68,232.26K,-2.71%,,,,,
09/22/2015,49.08,48.5,49.21,47.7,185.41K,0.33%,,,,,
09/21/2015,48.92,47.64,48.99,47.48,179.90K,3.05%,,,,,
09/18/2015,47.47,49.26,49.75,47.16,225.72K,-3.28%,,,,,
09/17/2015,49.08,49.98,50.14,48.32,228.86K,-1.35%,,,,,
09/16/2015,49.75,48.06,50.34,47.71,288.33K,6.69%,,,,,
09/15/2015,46.63,46.65,46.9,45.98,18.46K,0.56%,,,,,
09/14/2015,46.37,48.08,48.35,46.26,104.06K,-3.68%,,,,,
09-11-2015,48.14,48.64,48.98,47.16,143.41K,-1.53%,,,,,
09-10-2015,48.89,47.46,48.95,46.76,192.42K,2.75%,,,,,
09-09-2015,47.58,49.39,50.04,47.32,173.22K,-3.92%,,,,,
09-08-2015,49.52,47.76,49.85,47.64,253.29K,3.97%,,,,,
09-07-2015,47.63,49.27,49.44,47.5,94.80K,-3.99%,,,,,
09-04-2015,49.61,50.69,51.05,49.25,221.22K,-2.11%,,,,,
09-03-2015,50.68,50.58,52.46,49.82,270.54K,0.36%,,,,,
09-02-2015,50.5,48.62,51,47.74,324.84K,1.90%,,,,,
09-01-2015,49.56,52.92,53.47,48.47,373.64K,-8.48%,,,,,
08/31/2015,54.15,50.05,54.32,48.25,321.32K,8.19%,,,,,
08/28/2015,50.05,47.4,50.98,46.61,418.78K,5.24%,,,,,
08/27/2015,47.56,43.75,47.75,43.7,333.70K,10.25%,,,,,
08/26/2015,43.14,43.32,43.76,42.81,267.56K,-0.16%,,,,,
08/25/2015,43.21,42.79,44.5,42.68,292.10K,1.22%,,,,,
08/24/2015,42.69,45.35,45.46,42.23,305.73K,-6.09%,,,,,
08/21/2015,45.46,46.34,46.51,45.07,231.80K,-2.49%,,,,,
08/20/2015,46.62,47.03,47.38,46.03,221.54K,-1.15%,,,,,
08/19/2015,47.16,48.5,49.11,46.78,250.81K,-3.38%,,,,,
08/18/2015,48.81,48.55,49.04,48.25,191.53K,0.14%,,,,,
08/17/2015,48.74,48.76,49.44,48.35,195.61K,-0.59%,,,,,
08/14/2015,49.03,49.11,49.52,48.8,21.37K,-0.39%,,,,,
08/13/2015,49.22,49.82,50.39,48.85,115.92K,-0.89%,,,,,
08-12-2015,49.66,49.38,50.01,48.72,153.81K,0.98%,,,,,
08-11-2015,49.18,50.22,51.1,48.61,223.21K,-2.44%,,,,,
08-10-2015,50.41,48.43,50.49,48.24,208.26K,3.70%,,,,,
08-07-2015,48.61,49.62,50.06,48.42,245.82K,-1.84%,,,,,
08-06-2015,49.52,49.72,49.83,48.88,236.36K,-0.14%,,,,,
08-05-2015,49.59,50.14,50.99,49.02,280.76K,-0.80%,,,,,
08-04-2015,49.99,49.7,50.45,49.58,221.65K,0.95%,,,,,
08-03-2015,49.52,51.55,52.01,49.36,306.50K,-5.15%,,,,,
07/31/2015,52.21,53.43,53.47,51.63,212.82K,-2.06%,,,,,
07/30/2015,53.31,53.6,54.38,53.02,217.29K,-0.13%,,,,,
07/29/2015,53.38,52.99,54.33,52.51,290.43K,0.15%,,,,,
07/28/2015,53.3,53.08,54.08,52.28,290.60K,-0.32%,,,,,
07/27/2015,53.47,54.45,54.89,52.83,226.37K,-2.11%,,,,,
07/24/2015,54.62,55.39,55.6,54.3,195.04K,-1.18%,,,,,
07/23/2015,55.27,56.04,56.53,55.1,207.13K,-1.53%,,,,,
07/22/2015,56.13,56.88,56.9,55.92,221.46K,-1.60%,,,,,
07/21/2015,57.04,56.55,57.44,56.33,188.88K,0.69%,,,,,
07/20/2015,56.65,57.12,57.44,56.33,161.06K,-0.79%,,,,,
07/17/2015,57.1,56.93,57.35,56.4,157.13K,-0.71%,,,,,
07/16/2015,57.51,57.31,58.21,56.95,14.29K,0.81%,,,,,
07/15/2015,57.05,58.63,58.81,56.86,79.69K,-2.50%,,,,,
07/14/2015,58.51,57.71,58.82,56.43,143.12K,1.14%,,,,,
07/13/2015,57.85,58.35,58.83,56.84,176.81K,-1.50%,,,,,
07-10-2015,58.73,58.49,59.66,57.86,154.37K,0.20%,,,,,
07-09-2015,58.61,57.1,59.27,57.01,277.59K,2.73%,,,,,
07-08-2015,57.05,57.25,57.75,55.87,301.11K,0.35%,,,,,
07-07-2015,56.85,56.85,57.83,55.1,331.59K,0.55%,,,,,
07-06-2015,56.54,60,60,56.38,294.89K,-6.27%,,,,,
07-03-2015,60.32,61.73,62.06,60.12,107.25K,-2.82%,,,,,
07-02-2015,62.07,61.92,63.2,61.75,206.00K,0.10%,,,,,
07-01-2015,62.01,63.02,63.35,61.84,266.62K,-2.48%,,,,,
06/30/2015,63.59,61.77,63.83,61.71,256.88K,2.55%,,,,,
06/29/2015,62.01,62.85,62.96,61.35,266.55K,-1.98%,,,,,
06/26/2015,63.26,63.34,63.62,62.5,212.12K,0.09%,,,,,
06/25/2015,63.2,63.5,63.95,62.72,213.75K,-0.46%,,,,,
06/24/2015,63.49,64.66,65.05,63.01,256.39K,-1.49%,,,,,
06/23/2015,64.45,63.21,64.89,62.76,266.02K,1.75%,,,,,
06/22/2015,63.34,62.57,63.74,62.1,216.39K,0.51%,,,,,
06/19/2015,63.02,64.2,64.56,62.34,216.17K,-1.93%,,,,,
06/18/2015,64.26,63.74,64.96,63.44,217.21K,0.61%,,,,,
06/17/2015,63.87,63.6,65.47,62.6,331.88K,0.27%,,,,,
06/16/2015,63.7,63.8,64.41,63.42,279.74K,1.74%,,,,,
06/15/2015,62.61,63.62,63.96,62.24,26.68K,-1.97%,,,,,
06-12-2015,63.87,64.87,64.95,63.68,101.41K,-1.90%,,,,,
06-11-2015,65.11,65.57,66.06,64.5,113.46K,-0.90%,,,,,
06-10-2015,65.7,65.04,66.36,64.88,210.40K,1.26%,,,,,
06-09-2015,64.88,62.81,65.23,62.72,223.36K,3.49%,,,,,
06-08-2015,62.69,63.06,63.38,62.47,205.40K,-0.98%,,,,,
06-05-2015,63.31,62.08,63.43,60.94,248.87K,2.06%,,,,,
06-04-2015,62.03,63.81,64.08,61.78,235.21K,-2.77%,,,,,
06-03-2015,63.8,65.38,65.4,63.5,262.66K,-2.58%,,,,,
06-02-2015,65.49,64.9,65.88,64.58,245.91K,0.94%,,,,,
06-01-2015,64.88,65.59,65.8,64.25,217.98K,-1.04%,,,,,
05/29/2015,65.56,62.89,65.83,62.68,278.46K,4.76%,,,,,
05/28/2015,62.58,62.2,62.95,61.24,238.59K,0.84%,,,,,
05/27/2015,62.06,63.89,64.67,61.96,257.06K,-2.61%,,,,,
05/26/2015,63.72,65.7,65.7,63.29,224.13K,-2.75%,,,,,
05/25/2015,65.52,65.56,66.22,64.72,41.14K,0.23%,,,,,
05/22/2015,65.37,66.59,66.64,65.1,184.55K,-1.76%,,,,,
05/21/2015,66.54,64.89,66.88,64.83,250.91K,2.32%,,,,,
05/20/2015,65.03,64.49,65.18,64.1,210.40K,1.58%,,,,,
05/19/2015,64.02,66.19,66.39,63.95,253.35K,-3.40%,,,,,
05/18/2015,66.27,66.91,67.88,65.92,198.22K,-0.81%,,,,,
05/15/2015,66.81,66.75,67,65.37,206.14K,0.33%,,,,,
05/14/2015,66.59,66.54,67.29,66.25,23.19K,-0.33%,,,,,
05/13/2015,66.81,67.32,68.17,66.41,120.83K,-0.07%,,,,,
05-12-2015,66.86,64.77,67.46,64.68,183.27K,3.00%,,,,,
05-11-2015,64.91,65.37,65.75,64.25,202.51K,-0.73%,,,,,
05-08-2015,65.39,65.64,66.12,64.23,248.59K,-0.23%,,,,,
05-07-2015,65.54,67.37,68.49,65.17,292.89K,-3.29%,,,,,
05-06-2015,67.77,67.71,69.63,67.35,296.74K,0.37%,,,,,
05-05-2015,67.52,66.33,68.4,66.14,255.64K,1.61%,,,,,
05-04-2015,66.45,66.4,67.1,65.95,120.21K,-0.02%,,,,,
05-01-2015,66.46,66.78,66.93,65.52,189.32K,-0.48%,,,,,
04/30/2015,66.78,65.63,66.93,65.37,223.48K,1.43%,,,,,
04/29/2015,65.84,64.64,66.72,64.13,238.44K,1.86%,,,,,
04/28/2015,64.64,64.74,65.49,63.9,196.46K,-0.29%,,,,,
04/27/2015,64.83,65.47,65.61,64.4,189.77K,-0.69%,,,,,
04/24/2015,65.28,64.75,65.8,64.48,259.49K,0.66%,,,,,
04/23/2015,64.85,62.88,65.58,62.22,326.74K,3.38%,,,,,
04/22/2015,62.73,61.9,63.33,61.39,230.06K,1.05%,,,,,
04/21/2015,62.08,63.52,63.52,61.65,218.31K,-2.16%,,,,,
04/20/2015,63.45,63.85,64.4,62.1,239.80K,0.00%,,,,,
04/17/2015,63.45,64.02,64.5,62.95,220.12K,-0.83%,,,,,
04/16/2015,63.98,62.9,64.95,62,293.49K,6.07%,,,,,
04/15/2015,60.32,58.74,60.45,58.74,21.18K,3.23%,,,,,
04/14/2015,58.43,58.17,59.24,57.76,106.80K,0.86%,,,,,
04/13/2015,57.93,58.02,59.54,57.46,119.32K,0.10%,,,,,
04-10-2015,57.87,56.84,58.12,56.25,137.66K,2.30%,,,,,
04-09-2015,56.57,56.1,58.02,55.97,174.81K,1.84%,,,,,
04-08-2015,55.55,58.3,58.72,55.45,250.56K,-6.01%,,,,,
04-07-2015,59.1,57.8,59.27,57.02,236.71K,1.69%,,,,,
04-06-2015,58.12,55.18,58.24,55.08,126.80K,5.77%,,,,,
04-02-2015,54.95,56.72,57.28,54,288.97K,-3.77%,,,,,
04-01-2015,57.1,55.18,57.69,54.7,256.90K,3.61%,,,,,
03/31/2015,55.11,56.31,56.33,54.72,238.49K,-2.10%,,,,,
03/30/2015,56.29,55.96,56.65,55.2,220.11K,-0.21%,,,,,
03/27/2015,56.41,58.97,59.04,55.95,223.86K,-4.70%,,,,,
03/26/2015,59.19,56.35,59.78,56.3,334.87K,4.80%,,,,,
03/25/2015,56.48,55.09,57.17,54.7,256.04K,2.49%,,,,,
03/24/2015,55.11,55.83,56.79,54.85,197.48K,-1.45%,,,,,
03/23/2015,55.92,55.24,56.19,54.12,191.64K,1.08%,,,,,
03/20/2015,55.32,54.46,55.67,53.55,186.67K,1.64%,,,,,
03/19/2015,54.43,56.18,56.2,53.91,209.65K,-2.65%,,,,,
03/18/2015,55.91,53.28,56.84,52.68,262.44K,4.49%,,,,,
03/17/2015,53.51,54.1,54.38,52.57,240.29K,0.13%,,,,,
03/16/2015,53.44,54.41,54.64,52.5,15.64K,-2.25%,,,,,
03/13/2015,54.67,57.03,57.4,54.43,84.09K,-4.22%,,,,,
03-12-2015,57.08,57.92,58.81,56.51,129.73K,-0.80%,,,,,
03-11-2015,57.54,56.45,57.95,55.92,176.06K,2.04%,,,,,
03-10-2015,56.39,58.37,58.72,56.12,191.78K,-3.66%,,,,,
03-09-2015,58.53,59.62,60.02,58.38,194.78K,-2.01%,,,,,
03-06-2015,59.73,60.75,61.3,59.17,181.48K,-1.24%,,,,,
03-05-2015,60.48,60.6,61.57,60.08,215.12K,-0.12%,,,,,
03-04-2015,60.55,60.85,60.94,59.47,260.54K,-0.77%,,,,,
03-03-2015,61.02,60,61.81,59.84,281.78K,2.49%,,,,,
03-02-2015,59.54,62.5,62.5,59.34,286.07K,-4.86%,,,,,
02/27/2015,62.58,60.75,62.83,60.51,255.02K,4.21%,,,,,
02/26/2015,60.05,61.85,62.63,59.66,261.45K,-2.56%,,,,,
02/25/2015,61.63,58.75,62.2,58.41,279.65K,5.06%,,,,,
02/24/2015,58.66,59.09,60.3,58.1,245.52K,-0.41%,,,,,
02/23/2015,58.9,60.3,60.67,58.37,268.64K,-2.19%,,,,,
02/20/2015,60.22,60.2,61.15,59.82,221.76K,0.02%,,,,,
02/19/2015,60.21,59.54,60.99,57.8,303.86K,-0.53%,,,,,
02/18/2015,60.53,62.3,62.46,59.25,224.10K,-3.20%,,,,,
02/17/2015,62.53,61.68,63,60.27,277.97K,1.84%,,,,,
02/16/2015,61.4,61.49,62.57,60.71,171.27K,-0.20%,,,,,
02/13/2015,61.52,59.27,61.77,59.08,348.80K,7.84%,,,,,
02-12-2015,57.05,55.12,57.5,54.72,16.21K,4.37%,,,,,
02-11-2015,54.66,56.81,57,53.91,116.81K,-3.14%,,,,,
02-10-2015,56.43,57.79,58.57,56.11,157.17K,-3.27%,,,,,
02-09-2015,58.34,57.93,59.61,57.3,213.52K,0.93%,,,,,
02-06-2015,57.8,56.74,59.06,56.71,253.31K,2.17%,,,,,
02-05-2015,56.57,54.8,57.87,53.07,338.82K,4.45%,,,,,
02-04-2015,54.16,57.19,58.06,53.5,359.74K,-6.48%,,,,,
02-03-2015,57.91,55,59,54.84,414.59K,5.77%,,,,,
02-02-2015,54.75,52.68,55.62,51.41,402.07K,3.32%,,,,,
01/30/2015,52.99,49.15,53.08,48.76,335.02K,7.86%,,,,,
01/29/2015,49.13,48.69,49.25,48.37,236.63K,1.36%,,,,,
01/28/2015,48.47,49.1,49.72,48.29,275.15K,-2.28%,,,,,
01/27/2015,49.6,48.25,49.99,47.67,249.57K,2.99%,,,,,
01/26/2015,48.16,48.56,49.29,47.57,241.38K,-1.29%,,,,,
01/23/2015,48.79,49.11,49.8,48.55,245.34K,0.56%,,,,,
01/22/2015,48.52,48.6,50.45,48.02,321.47K,-1.04%,,,,,
01/21/2015,49.03,48.29,49.59,48.21,268.65K,2.17%,,,,,
01/20/2015,47.99,48.91,49.48,47.78,259.58K,-1.74%,,,,,
01/19/2015,48.84,50.1,50.35,48.68,106.77K,-2.65%,,,,,
01/16/2015,50.17,48.25,50.41,48.07,293.49K,5.24%,,,,,
01/15/2015,47.67,48.68,50.62,47,17.93K,-2.09%,,,,,
01/14/2015,48.69,46.84,49.21,45.59,122.34K,4.51%,,,,,
01/13/2015,46.59,47.06,47.29,45.19,208.06K,-1.77%,,,,,
01-12-2015,47.43,49.93,49.98,47.16,223.92K,-5.35%,,,,,
01-09-2015,50.11,51.25,51.44,48.9,285.72K,-1.67%,,,,,
01-08-2015,50.96,51.06,51.91,49.81,243.42K,-0.37%,,,,,
01-07-2015,51.15,51.15,51.84,49.66,318.28K,0.10%,,,,,
01-06-2015,51.1,53.2,53.6,50.52,338.88K,-3.78%,,,,,
01-05-2015,53.11,56.25,56.3,52.66,289.89K,-5.87%,,,,,
01-02-2015,56.42,58.02,58.54,55.48,177.98K,-1.59%,,,,,
12/31/2014,57.33,57.35,57.68,55.81,148.14K,-0.98%,,,,,
12/30/2014,57.9,57.93,58.39,56.74,154.11K,0.03%,,,,,
12/29/2014,57.88,59.65,60.43,57.37,155.11K,-2.64%,,,,,
12/26/2014,59.45,60.19,60.97,59.21,48.78K,-1.31%,,,,,
12/24/2014,60.24,61.63,61.71,59.37,108.67K,-2.35%,,,,,
12/23/2014,61.69,60.24,62.14,59.84,159.86K,2.63%,,,,,
12/22/2014,60.11,61.99,62.97,59.84,195.79K,-2.07%,,,,,
12/19/2014,61.38,59.85,62.66,59.05,222.07K,3.56%,,,,,
12/18/2014,59.27,60.94,63.7,59.17,294.89K,-3.12%,,,,,
12/17/2014,61.18,59.9,63.4,58.71,304.05K,2.21%,,,,,
12/16/2014,59.86,60.65,61.01,58.5,19.70K,-1.97%,,,,,
12/15/2014,61.06,61.2,63.25,60.2,107.89K,-1.28%,,,,,
12-12-2014,61.85,63.01,63.66,61.35,153.89K,-2.87%,,,,,
12-11-2014,63.68,64.47,65.13,63.05,185.63K,-0.87%,,,,,
12-10-2014,64.24,66.25,66.36,63.56,249.64K,-3.89%,,,,,
12-09-2014,66.84,66,67.04,65.29,190.52K,0.98%,,,,,
12-08-2014,66.19,68.79,68.79,65.93,191.67K,-4.17%,,,,,
12-05-2014,69.07,69.53,69.82,68.1,196.04K,-0.82%,,,,,
12-04-2014,69.64,70.15,70.6,68.81,190.55K,-0.40%,,,,,
12-03-2014,69.92,70.95,71.46,69.5,244.86K,-0.88%,,,,,
12-02-2014,70.54,72.51,73.03,70.4,252.52K,-2.76%,,,,,
12-01-2014,72.54,70.15,73.02,67.53,369.85K,3.41%,,,,,
11/28/2014,70.15,72.58,73.41,69.78,262.03K,-3.35%,,,,,
11/27/2014,72.58,77.4,77.46,71.25,244.65K,-6.65%,,,,,
11/26/2014,77.75,78.28,78.86,77.3,202.19K,-0.74%,,,,,
11/25/2014,78.33,79.45,80.44,78.05,256.83K,-1.69%,,,,,
11/24/2014,79.68,80.5,80.85,79.4,151.15K,-0.85%,,,,,
11/21/2014,80.36,79.95,81.61,79.07,264.61K,1.30%,,,,,
11/20/2014,79.33,78.16,79.95,77.56,206.38K,1.57%,,,,,
11/19/2014,78.1,78.41,79.45,78.04,247.15K,-0.47%,,,,,
11/18/2014,78.47,79.01,79.95,78.21,209.55K,-1.06%,,,,,
11/17/2014,79.31,79.5,79.6,77.94,189.08K,-0.13%,,,,,
11/14/2014,79.41,77.67,79.75,76.76,267.61K,1.91%,,,,,
11/13/2014,77.92,79.97,80.2,77.83,21.79K,-3.06%,,,,,
11-12-2014,80.38,81.25,81.65,79.72,116.12K,-1.58%,,,,,
11-11-2014,81.67,82.13,82.38,80.46,213.42K,-0.81%,,,,,
11-10-2014,82.34,83.26,84.97,81.88,219.91K,-1.26%,,,,,
11-07-2014,83.39,82.67,83.86,82.16,195.44K,0.64%,,,,,
11-06-2014,82.86,83.1,83.27,82.05,224.78K,-0.11%,,,,,
11-05-2014,82.95,82.78,84.45,81.63,364.45K,0.16%,,,,,
11-04-2014,82.82,84.21,84.43,82.08,313.67K,-2.31%,,,,,
11-03-2014,84.78,85.85,86.4,84.01,248.17K,-1.26%,,,,,
10/31/2014,85.86,86.02,86.25,84.6,225.37K,-0.44%,,,,,
10/30/2014,86.24,86.93,87.1,85.71,191.88K,-1.01%,,,,,
10/29/2014,87.12,86.1,87.94,86.06,243.84K,1.27%,,,,,
10/28/2014,86.03,85.5,86.38,85.08,198.86K,0.23%,,,,,
10/27/2014,85.83,86.08,86.25,84.55,228.44K,-0.35%,,,,,
10/24/2014,86.13,86.78,86.78,85.29,208.22K,-0.81%,,,,,
10/23/2014,86.83,84.71,87.19,84.12,306.98K,2.50%,,,,,
10/22/2014,84.71,86.46,87.07,84.47,264.81K,-1.75%,,,,,
10/21/2014,86.22,85.13,86.49,85.1,258.39K,0.96%,,,,,
10/20/2014,85.4,86.35,86.7,84.41,247.60K,-0.88%,,,,,
10/17/2014,86.16,86.5,87.34,85.49,280.47K,2.00%,,,,,
10/16/2014,84.47,83.45,85,82.6,14.94K,0.82%,,,,,
10/15/2014,83.78,85.54,85.62,83.02,86.48K,-1.48%,,,,,
10/14/2014,85.04,88.23,88.74,84.48,141.66K,-4.33%,,,,,
10/13/2014,88.89,89.89,90.18,87.74,146.53K,-1.46%,,,,,
10-10-2014,90.21,89.1,90.49,88.11,197.68K,0.18%,,,,,
10-09-2014,90.05,91.62,91.85,88.42,216.47K,-1.46%,,,,,
10-08-2014,91.38,91.89,91.89,90.57,207.63K,-0.79%,,,,,
10-07-2014,92.11,92.81,92.99,91.4,222.63K,-0.73%,,,,,
10-06-2014,92.79,91.9,93.21,91.25,203.60K,0.52%,,,,,
10-03-2014,92.31,93.75,94.06,91.48,239.60K,-1.19%,,,,,
10-02-2014,93.42,94.3,94.37,91.55,285.90K,-0.79%,,,,,
10-01-2014,94.16,94.77,96.23,93.78,247.99K,-0.54%,,,,,
09/30/2014,94.67,97.15,97.8,94.24,261.95K,-2.60%,,,,,
09/29/2014,97.2,96.81,97.34,96.27,170.23K,0.21%,,,,,
09/26/2014,97,97.11,97.5,96.46,165.60K,0.00%,,,,,
09/25/2014,97,97.03,97.56,96.22,190.33K,0.05%,,,,,
09/24/2014,96.95,96.89,97.33,95.6,216.74K,0.10%,,,,,
09/23/2014,96.85,96.91,97.59,96.55,192.36K,-0.12%,,,,,
09/22/2014,96.97,98.5,98.5,96.38,171.14K,-1.44%,,,,,
09/19/2014,98.39,97.65,98.49,97.18,158.39K,0.71%,,,,,
09/18/2014,97.7,98.69,99.14,97.42,193.58K,-1.28%,,,,,
09/17/2014,98.97,98.95,99.61,98.51,190.17K,-0.08%,,,,,
09/16/2014,99.05,97.96,99.45,97.44,199.77K,2.48%,,,,,
09/15/2014,96.65,96.9,97.33,96.21,19.95K,-0.47%,,,,,
09-12-2014,97.11,98.25,98.8,96.83,103.49K,-0.99%,,,,,
09-11-2014,98.08,98.12,98.49,96.72,144.79K,0.04%,,,,,
09-10-2014,98.04,99.35,99.47,97.6,203.28K,-1.13%,,,,,
09-09-2014,99.16,100.2,100.62,99.03,172.50K,-1.04%,,,,,
09-08-2014,100.2,100.8,101,99.36,197.61K,-0.61%,,,,,
09-05-2014,100.82,101.87,102.44,100.35,202.14K,-0.99%,,,,,
09-04-2014,101.83,102.41,102.95,101.7,218.44K,-0.91%,,,,,
09-03-2014,102.77,100.4,103.13,100.4,233.64K,2.42%,,,,,
09-02-2014,100.34,102.64,102.86,100.17,243.85K,-2.38%,,,,,
09-01-2014,102.79,102.95,103.3,102.56,73.33K,-0.39%,,,,,
08/29/2014,103.19,102.51,103.3,102.49,169.33K,0.71%,,,,,
08/28/2014,102.46,102.54,103.2,102.25,184.78K,-0.25%,,,,,
08/27/2014,102.72,102.42,103.07,102.05,146.23K,0.21%,,,,,
08/26/2014,102.5,102.71,103.4,102.35,149.83K,-0.15%,,,,,
08/25/2014,102.65,102.1,102.82,101.65,82.94K,0.35%,,,,,
08/22/2014,102.29,102.67,102.83,102,132.51K,-0.33%,,,,,
08/21/2014,102.63,102.14,102.79,101.21,179.61K,0.34%,,,,,
08/20/2014,102.28,101.5,102.37,101.44,166.19K,0.71%,,,,,
08/19/2014,101.56,101.62,102.07,101.07,177.10K,-0.04%,,,,,
08/18/2014,101.6,103.21,103.3,101.11,181.10K,-1.86%,,,,,
08/15/2014,103.53,102.05,103.76,102.05,199.63K,1.49%,,,,,
08/14/2014,102.01,104.06,104.33,101.92,18.57K,-2.18%,,,,,
08/13/2014,104.28,102.84,104.35,102.37,99.10K,1.22%,,,,,
08-12-2014,103.02,104.5,104.61,102.65,139.91K,-1.59%,,,,,
08-11-2014,104.68,105,105.43,104.35,143.61K,-0.32%,,,,,
08-08-2014,105.02,105.67,106.85,104.67,203.74K,-0.40%,,,,,
08-07-2014,105.44,104.64,105.92,104.16,189.82K,0.81%,,,,,
08-06-2014,104.59,104.88,105.44,104.54,204.92K,-0.02%,,,,,
08-05-2014,104.61,105.5,105.65,104.07,209.18K,-0.76%,,,,,
08-04-2014,105.41,104.82,105.71,104.52,207.79K,0.54%,,,,,
08-01-2014,104.84,105.6,106.12,104.39,216.36K,-1.11%,,,,,
07/31/2014,106.02,106.06,106.59,105.41,234.55K,-0.46%,,,,,
07/30/2014,106.51,107.5,107.86,105.84,218.39K,-1.12%,,,,,
07/29/2014,107.72,107.46,108.05,107.13,176.64K,0.14%,,,,,
07/28/2014,107.57,108.3,108.38,107.01,139.52K,-0.76%,,,,,
07/25/2014,108.39,107.2,108.46,106.73,253.17K,1.23%,,,,,
07/24/2014,107.07,108.15,108.21,106.83,179.57K,-0.89%,,,,,
07/23/2014,108.03,106.87,108.25,106.87,207.15K,0.65%,,,,,
07/22/2014,107.33,107.8,108.4,106.83,183.10K,-0.33%,,,,,
07/21/2014,107.68,107.15,107.87,106.79,211.70K,0.41%,,,,,
07/18/2014,107.24,108.5,108.62,106.94,210.88K,-0.60%,,,,,
07/17/2014,107.89,107.13,108.6,106.8,296.51K,1.93%,,,,,
07/16/2014,105.85,105.9,106.58,105.72,11.52K,-0.16%,,,,,
07/15/2014,106.02,106.81,106.9,104.39,63.86K,-0.90%,,,,,
07/14/2014,106.98,106.42,107.5,106.21,99.20K,0.30%,,,,,
07-11-2014,106.66,108.58,108.74,106.27,171.04K,-1.85%,,,,,
07-10-2014,108.67,108.15,108.88,107.76,152.47K,0.36%,,,,,
07-09-2014,108.28,108.97,109,108.12,173.18K,-0.61%,,,,,
07-08-2014,108.94,110,110.16,108.69,232.73K,-1.18%,,,,,
07-07-2014,110.24,110.65,110.92,109.88,152.51K,-0.36%,,,,,
07-04-2014,110.64,111.05,111.29,110.56,71.85K,-0.32%,,,,,
07-03-2014,111,111,111.17,110.53,218.98K,-0.22%,,,,,
07-02-2014,111.24,112.19,112.42,110.92,269.76K,-0.94%,,,,,
07-01-2014,112.29,112.5,112.83,111.85,229.19K,-0.06%,,,,,
06/30/2014,112.36,113.3,113.3,112.16,221.84K,-0.83%,,,,,
06/27/2014,113.3,113.07,113.71,112.9,135.71K,0.08%,,,,,
06/26/2014,113.21,114.24,114.29,113,180.86K,-0.69%,,,,,
06/25/2014,114,114.31,114.65,113.23,211.91K,-0.40%,,,,,
06/24/2014,114.46,113.9,114.83,113.55,230.49K,0.30%,,,,,
06/23/2014,114.12,114.99,115.66,113.86,220.72K,-0.60%,,,,,
06/20/2014,114.81,114.92,115.11,114.43,198.84K,-0.22%,,,,,
06/19/2014,115.06,114.22,115.71,114.15,250.24K,0.70%,,,,,
06/18/2014,114.26,113.46,114.54,113.05,240.75K,0.71%,,,,,
06/17/2014,113.45,112.97,113.8,112.16,240.52K,0.45%,,,,,
06/16/2014,112.94,112.73,113.28,112.33,175.90K,-0.41%,,,,,
06/13/2014,113.41,113.75,114.69,112.75,16.05K,0.35%,,,,,
06-12-2014,113.02,110.09,113.34,110,133.07K,2.79%,,,,,
06-11-2014,109.95,109.61,110.25,109.44,131.57K,0.39%,,,,,
06-10-2014,109.52,109.95,110.32,109.1,214.92K,-0.43%,,,,,
06-09-2014,109.99,108.68,110.16,108.55,189.21K,1.27%,,,,,
06-06-2014,108.61,108.85,109.31,108.46,155.00K,-0.17%,,,,,
06-05-2014,108.79,108.13,108.96,107.77,193.33K,0.36%,,,,,
06-04-2014,108.4,108.89,109.5,108.07,211.09K,-0.39%,,,,,
06-03-2014,108.82,108.8,108.98,108.32,177.67K,-0.01%,,,,,
06-02-2014,108.83,109.7,109.87,108.62,194.25K,-0.53%,,,,,
05/30/2014,109.41,110.02,110.13,109.22,175.05K,-0.51%,,,,,
05/29/2014,109.97,109.89,110.46,109.72,174.68K,0.15%,,,,,
05/28/2014,109.81,110.22,110.4,109.41,175.31K,-0.19%,,,,,
05/27/2014,110.02,110.35,110.8,109.71,173.41K,-0.27%,,,,,
05/26/2014,110.32,110.4,110.55,109.75,29.31K,-0.20%,,,,,
05/23/2014,110.54,110.38,110.7,110.25,143.66K,0.16%,,,,,
05/22/2014,110.36,110.49,111.04,110.17,200.09K,-0.17%,,,,,
05/21/2014,110.55,109.76,110.73,109.7,220.00K,0.78%,,,,,
05/20/2014,109.69,109.33,110,109.1,172.79K,0.29%,,,,,
05/19/2014,109.37,109.82,110.33,109.3,171.71K,-0.35%,,,,,
05/16/2014,109.75,108.96,110.05,108.88,229.93K,-0.62%,,,,,
05/15/2014,110.44,110.21,110.6,109.75,20.37K,0.23%,,,,,
05/14/2014,110.19,109.39,110.41,109.32,115.26K,0.87%,,,,,
05/13/2014,109.24,108.37,109.46,108.05,130.64K,0.77%,,,,,
05-12-2014,108.41,107.94,108.77,107.94,145.65K,0.48%,,,,,
05-09-2014,107.89,108.08,109.02,107.64,179.23K,-0.14%,,,,,
05-08-2014,108.04,108.07,108.15,107.38,163.88K,-0.08%,,,,,
05-07-2014,108.13,107.17,108.25,106.96,217.14K,1.00%,,,,,
05-06-2014,107.06,107.53,108.21,106.97,194.54K,-0.61%,,,,,
05-05-2014,107.72,108.92,108.92,107.05,139.53K,-0.80%,,,,,
05-02-2014,108.59,107.72,108.99,107.6,215.15K,0.77%,,,,,
05-01-2014,107.76,108.08,108.12,106.85,186.88K,-0.29%,,,,,
04/30/2014,108.07,108.8,108.8,107.55,213.56K,-0.84%,,,,,
04/29/2014,108.98,108.13,109.37,108,206.50K,0.80%,,,,,
04/28/2014,108.12,109.5,110.2,107.86,246.47K,-1.33%,,,,,
04/25/2014,109.58,110.33,110.63,109.25,216.21K,-0.68%,,,,,
04/24/2014,110.33,109.22,110.65,109.07,215.43K,1.12%,,,,,
04/23/2014,109.11,109.5,109.54,108.6,181.74K,-0.15%,,,,,
04/22/2014,109.27,109.94,109.99,108.53,201.11K,-0.62%,,,,,
04/21/2014,109.95,109.76,110.05,108.89,71.87K,0.38%,,,,,
04/17/2014,109.53,109.6,110.19,109.08,163.99K,-0.06%,,,,,
04/16/2014,109.6,109.43,110.36,109,229.36K,0.79%,,,,,
04/15/2014,108.74,108.92,109.11,108.27,19.55K,-0.30%,,,,,
04/14/2014,109.07,107.42,109.12,107.26,95.83K,1.62%,,,,,
04-11-2014,107.33,107.35,107.87,106.98,105.40K,-0.12%,,,,,
04-10-2014,107.46,107.9,107.92,107.26,124.82K,-0.48%,,,,,
04-09-2014,107.98,107.5,108.14,107.12,144.72K,0.29%,,,,,
04-08-2014,107.67,105.97,107.85,105.78,193.36K,1.75%,,,,,
04-07-2014,105.82,106.35,106.63,105.13,215.20K,-0.84%,,,,,
04-04-2014,106.72,106.17,107.04,106.1,184.07K,0.54%,,,,,
04-03-2014,106.15,104.59,106.32,104.45,220.54K,1.30%,,,,,
04-02-2014,104.79,105.32,105.85,103.95,271.60K,-0.79%,,,,,
04-01-2014,105.62,107.66,107.8,105.1,195.03K,-1.99%,,,,,
03/31/2014,107.76,108,108.33,107.05,145.63K,-0.29%,,,,,
03/28/2014,108.07,107.73,108.39,107.62,140.35K,0.22%,,,,,
03/27/2014,107.83,107,107.99,106.77,184.83K,0.75%,,,,,
03/26/2014,107.03,106.97,107.35,106.48,166.38K,0.04%,,,,,
03/25/2014,106.99,106.59,107.48,106.44,167.09K,0.17%,,,,,
03/24/2014,106.81,107.01,107.5,106.45,142.79K,-0.10%,,,,,
03/21/2014,106.92,106.22,107.77,106.01,167.80K,0.44%,,,,,
03/20/2014,106.45,105.9,106.75,105.41,205.21K,0.57%,,,,,
03/19/2014,105.85,106.6,106.87,105.71,188.48K,-0.88%,,,,,
03/18/2014,106.79,106.4,106.85,105.85,170.58K,0.52%,,,,,
03/17/2014,106.24,108.55,108.6,106.16,166.23K,-2.15%,,,,,
03/14/2014,108.57,107.25,108.69,107.24,12.88K,1.10%,,,,,
03/13/2014,107.39,108.26,108.51,106.98,86.26K,-0.58%,,,,,
03-12-2014,108.02,108.41,108.55,107.61,159.23K,-0.49%,,,,,
03-11-2014,108.55,107.88,108.7,107.83,146.85K,0.43%,,,,,
03-10-2014,108.08,108.73,108.85,107.75,149.34K,-0.84%,,,,,
03-07-2014,109,108.3,109.09,107.82,172.05K,0.83%,,,,,
03-06-2014,108.1,107.66,108.54,107.37,228.72K,0.32%,,,,,
03-05-2014,107.76,109.17,109.36,107.55,220.18K,-1.41%,,,,,
03-04-2014,109.3,111.16,111.32,109,218.50K,-1.71%,,,,,
03-03-2014,111.2,109.44,112.39,109.26,291.31K,1.95%,,,,,
02/28/2014,109.07,108.85,109.34,108.4,189.56K,0.10%,,,,,
02/27/2014,108.96,109.41,109.45,108.65,192.91K,-0.51%,,,,,
02/26/2014,109.52,109.56,109.97,109.2,186.71K,0.01%,,,,,
02/25/2014,109.51,110.64,110.64,109.42,198.16K,-1.02%,,,,,
02/24/2014,110.64,109.65,110.77,109.5,202.52K,0.72%,,,,,
02/21/2014,109.85,110.5,110.5,109.35,154.90K,-0.41%,,,,,
02/20/2014,110.3,110.39,110.49,109.58,151.21K,-0.15%,,,,,
02/19/2014,110.47,110.55,110.82,110.02,163.34K,0.01%,,,,,
02/18/2014,110.46,109.07,110.7,108.84,150.35K,1.17%,,,,,
02/17/2014,109.18,109.13,109.4,108.64,56.87K,0.09%,,,,,
02/14/2014,109.08,108.58,109.25,107.85,146.75K,0.32%,,,,,
02/13/2014,108.73,108.68,108.84,108.09,18.08K,-0.06%,,,,,
02-12-2014,108.79,108.78,109.5,108.47,105.89K,0.10%,,,,,
02-11-2014,108.68,108.52,109.24,108.47,137.26K,0.05%,,,,,
02-10-2014,108.63,109.75,109.75,108.4,162.66K,-0.86%,,,,,
02-07-2014,109.57,107.32,109.74,106.88,215.63K,2.22%,,,,,
02-06-2014,107.19,106.28,107.48,106.15,205.08K,0.88%,,,,,
02-05-2014,106.25,106.09,106.44,105.58,193.78K,0.44%,,,,,
02-04-2014,105.78,105.85,106.23,105.49,186.44K,-0.25%,,,,,
02-03-2014,106.04,106.4,106.72,105.4,264.73K,-0.34%,,,,,
01/31/2014,106.4,107.75,107.94,106.3,231.46K,-1.44%,,,,,
01/30/2014,107.95,107.85,108.4,107.65,188.73K,0.09%,,,,,
01/29/2014,107.85,107.36,108.05,106.93,207.31K,0.41%,,,,,
01/28/2014,107.41,106.86,107.79,106.76,188.30K,0.67%,,,,,
01/27/2014,106.69,107.91,108.09,106.45,203.30K,-1.10%,,,,,
01/24/2014,107.88,107.58,108.03,106.23,244.56K,0.28%,,,,,
01/23/2014,107.58,108.14,108.28,107.37,241.80K,-0.64%,,,,,
01/22/2014,108.27,106.9,108.33,106.78,184.00K,1.44%,,,,,
01/21/2014,106.73,106.35,108,106.28,254.31K,0.36%,,,,,
01/20/2014,106.35,106.28,106.65,105.81,103.66K,-0.12%,,,,,
01/17/2014,106.48,105.55,106.95,105.44,198.42K,-0.57%,,,,,
01/16/2014,107.09,106.82,107.35,106.44,14.56K,-0.04%,,,,,
01/15/2014,107.13,106.17,107.55,105.8,70.78K,0.70%,,,,,
01/14/2014,106.39,106.62,107.14,106.06,111.28K,-0.34%,,,,,
01/13/2014,106.75,107.25,107.64,106.36,151.80K,-0.47%,,,,,
01-10-2014,107.25,106.44,107.58,106.03,198.57K,0.81%,,,,,
01-09-2014,106.39,107.35,108.2,106.12,175.37K,-0.71%,,,,,
01-08-2014,107.15,107.49,107.95,107,185.54K,-0.19%,,,,,
01-07-2014,107.35,107.03,107.72,106.88,188.20K,0.58%,,,,,
01-06-2014,106.73,106.8,107.96,106.58,181.82K,-0.15%,,,,,
01-03-2014,106.89,107.88,108.64,106.79,191.13K,-0.83%,,,,,
01-02-2014,107.78,111,111.35,107.65,200.65K,-2.83%,,,,,
01-01-2014,110.92,110.92,110.92,110.92,,0.11%,,,,,
12/31/2013,110.8,111.18,111.52,110.4,84.99K,-0.37%,,,,,
12/30/2013,111.21,112.2,112.64,110.9,111.07K,-0.86%,,,,,
12/27/2013,112.18,111.95,112.8,111.5,126.91K,0.18%,,,,,
12/26/2013,111.98,111.99,112.12,111.46,43.62K,0.07%,,,,,
12/24/2013,111.9,111.61,112.06,111.42,52.16K,0.30%,,,,,
12/23/2013,111.56,111.55,111.93,111.27,103.72K,-0.19%,,,,,
12/20/2013,111.77,110.09,111.89,109.87,169.48K,1.34%,,,,,
12/19/2013,110.29,109.25,110.53,109.14,159.79K,0.60%,,,,,
12/18/2013,109.63,108.33,109.73,107.8,187.96K,1.10%,,,,,
12/17/2013,108.44,109.2,109.41,108.2,149.78K,-1.84%,,,,,
12/16/2013,110.47,109.15,110.8,109,23.61K,1.51%,,,,,
12/13/2013,108.83,108.53,109,108.02,98.10K,0.15%,,,,,
12-12-2013,108.67,109.52,109.98,108.44,128.31K,-0.94%,,,,,
12-11-2013,109.7,109.45,109.89,108.62,158.72K,0.29%,,,,,
12-10-2013,109.38,109.31,110.45,108.55,230.62K,-0.01%,,,,,
12-09-2013,109.39,111.69,111.79,109,202.96K,-1.99%,,,,,
12-06-2013,111.61,111.07,112.06,110.94,155.52K,0.57%,,,,,
12-05-2013,110.98,111.65,112.23,110.76,191.81K,-0.80%,,,,,
12-04-2013,111.88,112.91,113.02,111.46,235.35K,-0.66%,,,,,
12-03-2013,112.62,111.53,112.93,111.04,217.61K,1.05%,,,,,
12-02-2013,111.45,109.6,112.34,109.28,266.98K,1.60%,,,,,
11/29/2013,109.69,111.04,111.5,109.62,126.88K,-1.06%,,,,,
11/28/2013,110.86,111.4,111.55,110.61,61.68K,-0.40%,,,,,
11/27/2013,111.31,111,111.65,110.51,193.98K,0.39%,,,,,
11/26/2013,110.88,111.08,111.49,110.41,199.75K,-0.11%,,,,,
11/25/2013,111,109,111.66,108.05,278.78K,-0.05%,,,,,
11/22/2013,111.05,110.07,111.4,109.65,276.25K,0.88%,,,,,
11/21/2013,110.08,107.76,110.25,107.62,253.96K,1.87%,,,,,
11/20/2013,108.06,107.2,108.38,106.51,220.19K,1.07%,,,,,
11/19/2013,106.92,108.3,108.63,106.81,224.43K,-1.43%,,,,,
11/18/2013,108.47,108.5,108.73,107.53,185.49K,-0.03%,,,,,
11/15/2013,108.5,108.38,108.65,107.69,198.64K,-0.04%,,,,,
11/14/2013,108.54,107.17,108.96,107.15,20.85K,1.33%,,,,,
11/13/2013,107.12,105.93,107.45,105.89,114.00K,1.24%,,,,,
11-12-2013,105.81,106.4,107.38,105.51,156.69K,-0.55%,,,,,
11-11-2013,106.4,105.17,106.56,105.15,172.68K,1.22%,,,,,
11-08-2013,105.12,103.53,105.38,102.98,242.70K,1.60%,,,,,
11-07-2013,103.46,105,105.21,103.24,291.12K,-1.69%,,,,,
11-06-2013,105.24,105.64,106.41,104.82,243.84K,-0.09%,,,,,
11-05-2013,105.33,106.25,106.53,105.19,186.82K,-0.85%,,,,,
11-04-2013,106.23,105.78,106.58,105.13,230.57K,0.30%,,,,,
11-01-2013,105.91,109.05,109.41,105.78,298.58K,-2.69%,,,,,
10/31/2013,108.84,109.69,109.87,108.55,238.84K,-0.93%,,,,,
10/30/2013,109.86,108.76,110.16,108.59,234.60K,0.78%,,,,,
10/29/2013,109.01,109.41,109.46,108.45,185.01K,-0.55%,,,,,
10/28/2013,109.61,107.04,109.68,106.85,266.18K,2.51%,,,,,
10/25/2013,106.93,107.09,107.39,106.27,212.28K,-0.06%,,,,,
10/24/2013,106.99,107.65,108.26,106.9,242.32K,-0.75%,,,,,
10/23/2013,107.8,109.99,110.06,107.35,324.61K,-1.97%,,,,,
10/22/2013,109.97,109.76,110.94,109.57,238.66K,0.30%,,,,,
10/21/2013,109.64,109.96,110.19,109.21,190.11K,-0.27%,,,,,
10/18/2013,109.94,109.13,110.24,108.95,181.54K,0.76%,,,,,
10/17/2013,109.11,110.57,110.66,108.71,233.73K,-1.58%,,,,,
10/16/2013,110.86,109.45,111.23,109.45,15.37K,0.82%,,,,,
10/15/2013,109.96,111.08,111.27,109.53,93.75K,-0.97%,,,,,
10/14/2013,111.04,110.87,111.41,109.87,106.79K,-0.22%,,,,,
10-11-2013,111.28,111.65,111.85,110.51,141.37K,-0.47%,,,,,
10-10-2013,111.8,109.04,112,108.92,212.36K,2.51%,,,,,
10-09-2013,109.06,110.16,110.25,108.12,171.14K,-1.00%,,,,,
10-08-2013,110.16,109.64,110.8,109.38,163.85K,0.44%,,,,,
10-07-2013,109.68,109.21,110.17,107.89,227.74K,0.20%,,,,,
10-04-2013,109.46,108.69,109.77,108.61,144.47K,0.42%,,,,,
10-03-2013,109,108.9,109.85,108.58,212.25K,-0.17%,,,,,
10-02-2013,109.19,107.55,109.48,107.44,177.15K,1.16%,,,,,
10-01-2013,107.94,108.38,108.41,106.81,189.68K,-0.40%,,,,,
09/30/2013,108.37,108.2,108.68,107.22,149.04K,-0.24%,,,,,
09/27/2013,108.63,109,109.67,108.1,190.35K,-0.53%,,,,,
09/26/2013,109.21,108,109.26,108,143.12K,0.82%,,,,,
09/25/2013,108.32,108.73,110.09,107.89,211.60K,-0.29%,,,,,
09/24/2013,108.64,107.96,108.9,107.43,197.99K,0.44%,,,,,
09/23/2013,108.16,109.22,109.45,107.76,169.12K,-0.97%,,,,,
09/20/2013,109.22,108.62,109.67,108.4,160.65K,0.42%,,,,,
09/19/2013,108.76,110.92,111.26,108.52,201.58K,-1.66%,,,,,
09/18/2013,110.6,107.85,111.06,107.64,200.71K,2.23%,,,,,
09/17/2013,108.19,109.5,110,107.41,214.35K,-1.71%,,,,,
09/16/2013,110.07,111.25,111.49,108.73,249.44K,-2.40%,,,,,
09/13/2013,112.78,112.87,112.91,111.6,18.64K,0.13%,,,,,
09-12-2013,112.63,111.51,113.05,111.33,93.45K,1.01%,,,,,
09-11-2013,111.5,111.52,112.49,111.02,109.34K,0.22%,,,,,
09-10-2013,111.25,113,113.55,110.59,176.16K,-2.17%,,,,,
09-09-2013,113.72,115.93,116.18,113,200.57K,-2.07%,,,,,
09-06-2013,116.12,115.35,116.56,115.02,168.83K,0.75%,,,,,
09-05-2013,115.26,114.95,115.55,114.29,151.29K,0.30%,,,,,
09-04-2013,114.91,115.65,116.09,114.4,209.65K,-0.67%,,,,,
09-03-2013,115.68,114.45,116,114.06,234.73K,1.18%,,,,,
09-02-2013,114.33,114,114.57,112.2,90.95K,0.28%,,,,,
08/30/2013,114.01,114.2,115.53,113.63,245.06K,-1.00%,,,,,
08/29/2013,115.16,115.86,117.04,114.18,248.52K,-1.24%,,,,,
08/28/2013,116.61,115.3,117.34,114.81,286.09K,1.97%,,,,,
08/27/2013,114.36,111.16,115.29,110.73,288.71K,3.28%,,,,,
08/26/2013,110.73,111.15,111.68,110.5,92.72K,-0.28%,,,,,
08/23/2013,111.04,109.9,111.23,109.77,219.41K,1.04%,,,,,
08/22/2013,109.9,109.7,110.15,109.4,154.99K,0.08%,,,,,
08/21/2013,109.81,110.11,110.28,109.23,195.77K,-0.31%,,,,,
08/20/2013,110.15,109.67,110.73,108.61,233.19K,0.23%,,,,,
08/19/2013,109.9,110.53,111,109.59,188.06K,-0.45%,,,,,
08/16/2013,110.4,109.42,110.7,109.17,195.85K,-0.64%,,,,,
08/15/2013,111.11,110.35,111.53,110.35,19.27K,0.83%,,,,,
08/14/2013,110.2,109.51,110.36,109.05,97.93K,0.35%,,,,,
08/13/2013,109.82,109.08,110.06,108.95,112.23K,0.78%,,,,,
08-12-2013,108.97,108.13,109.13,107.43,147.83K,0.69%,,,,,
08-09-2013,108.22,106.81,108.32,106.6,148.43K,1.44%,,,,,
08-08-2013,106.68,107.39,107.86,105.85,175.73K,-0.71%,,,,,
08-07-2013,107.44,108.07,108.16,107.07,208.43K,-0.68%,,,,,
08-06-2013,108.18,108.74,109.23,107.46,229.16K,-0.48%,,,,,
08-05-2013,108.7,109.09,109.44,107.55,168.83K,-0.23%,,,,,
08-02-2013,108.95,109.52,110.09,108.38,160.76K,-0.54%,,,,,
08-01-2013,109.54,107.81,109.64,107.52,234.85K,1.71%,,,,,
07/31/2013,107.7,106.84,107.95,105.73,222.57K,0.74%,,,,,
07/30/2013,106.91,107.45,107.56,106.54,160.00K,-0.50%,,,,,
07/29/2013,107.45,107.19,107.89,106.6,178.93K,0.26%,,,,,
07/26/2013,107.17,107.59,107.79,106.53,119.94K,-0.45%,,,,,
07/25/2013,107.65,107.11,107.87,106.54,176.11K,0.43%,,,,,
07/24/2013,107.19,108.44,108.6,106.25,197.80K,-1.13%,,,,,
07/23/2013,108.42,108.3,108.63,107.56,190.20K,0.25%,,,,,
07/22/2013,108.15,108.3,108.68,107.55,198.42K,0.07%,,,,,
07/19/2013,108.07,108.73,109.18,107.01,212.19K,-0.58%,,,,,
07/18/2013,108.7,108.63,108.87,108.03,196.44K,0.08%,,,,,
07/17/2013,108.61,107.9,108.74,107.3,183.57K,-0.72%,,,,,
07/16/2013,109.4,109.05,109.72,108.63,19.97K,0.28%,,,,,
07/15/2013,109.09,108.99,109.26,107.96,100.86K,0.26%,,,,,
07-12-2013,108.81,107.33,109.14,107.28,127.81K,1.00%,,,,,
07-11-2013,107.73,108.24,108.93,107.02,184.69K,-0.72%,,,,,
07-10-2013,108.51,108.12,108.69,107.71,199.70K,0.65%,,,,,
07-09-2013,107.81,107.27,108.26,106.85,163.66K,0.35%,,,,,
07-08-2013,107.43,108,108.04,106.79,185.82K,-0.27%,,,,,
07-05-2013,107.72,105.54,107.88,105.38,233.34K,2.07%,,,,,
07-04-2013,105.54,105.85,105.99,104.91,81.37K,-0.21%,,,,,
07-03-2013,105.76,104.18,106.03,104.18,258.39K,1.69%,,,,,
07-02-2013,104,102.92,104.12,102.91,186.52K,0.97%,,,,,
07-01-2013,103,101.9,103.71,101.63,230.92K,0.82%,,,,,
06/28/2013,102.16,102.76,103.44,101.87,230.25K,-0.64%,,,,,
06/27/2013,102.82,101.66,103.34,101.66,190.61K,1.14%,,,,,
06/26/2013,101.66,101.1,101.89,100.25,195.23K,0.40%,,,,,
06/25/2013,101.26,101,102.08,100.7,182.09K,0.10%,,,,,
06/24/2013,101.16,100.61,101.64,99.67,254.19K,0.25%,,,,,
06/21/2013,100.91,102.1,103.09,100.04,263.37K,-1.21%,,,,,
06/20/2013,102.15,105.62,105.62,101.75,301.24K,-3.74%,,,,,
06/19/2013,106.12,106.1,106.59,105.45,164.86K,0.09%,,,,,
06/18/2013,106.02,105.66,106.24,105.11,150.87K,0.52%,,,,,
06/17/2013,105.47,105.77,106.67,105.28,160.18K,-0.43%,,,,,
06/14/2013,105.93,104.95,106.64,104.46,197.14K,1.61%,,,,,
06/13/2013,104.25,103.33,104.26,102.75,21.31K,0.73%,,,,,
06-12-2013,103.49,102.56,104.1,102.23,94.92K,0.51%,,,,,
06-11-2013,102.96,103.89,103.89,101.82,156.14K,-0.95%,,,,,
06-10-2013,103.95,104.56,104.76,103.66,159.65K,-0.58%,,,,,
06-07-2013,104.56,103.65,105.01,102.89,234.18K,0.92%,,,,,
06-06-2013,103.61,102.94,103.95,102.81,173.41K,0.55%,,,,,
06-05-2013,103.04,103.48,104.07,102.85,202.95K,-0.19%,,,,,
06-04-2013,103.24,102.02,103.58,101.47,300.89K,1.16%,,,,,
06-03-2013,102.06,100.15,102.48,99.66,255.71K,1.66%,,,,,
05/31/2013,100.39,102.12,102.38,100.03,215.28K,-1.76%,,,,,
05/30/2013,102.19,102.4,102.85,101.08,232.91K,-0.23%,,,,,
05/29/2013,102.43,104.32,104.37,102.17,209.65K,-1.73%,,,,,
05/28/2013,104.23,102.51,104.69,102.48,195.12K,1.57%,,,,,
05/27/2013,102.62,102.52,102.65,102.1,21.12K,-0.02%,,,,,
05/24/2013,102.64,102.55,102.79,101.65,136.63K,0.20%,,,,,
05/23/2013,102.44,102.25,102.68,100.64,230.37K,-0.16%,,,,,
05/22/2013,102.6,103.52,103.79,102.22,207.42K,-1.26%,,,,,
05/21/2013,103.91,104.78,105.15,103.51,179.06K,-0.85%,,,,,
05/20/2013,104.8,104.75,105.31,103.83,164.96K,0.15%,,,,,
05/17/2013,104.64,103.87,104.87,103.35,193.73K,0.81%,,,,,
05/16/2013,103.8,103.74,104.4,102.95,26.35K,0.12%,,,,,
05/15/2013,103.68,102.7,103.82,101.2,106.54K,1.05%,,,,,
05/14/2013,102.6,102.82,103.1,101.96,160.03K,-0.21%,,,,,
05/13/2013,102.82,103.26,103.86,102.25,173.55K,-1.05%,,,,,
05-10-2013,103.91,104.35,104.45,101.56,215.45K,-0.54%,,,,,
05-09-2013,104.47,104.44,104.6,103.45,197.07K,0.12%,,,,,
05-08-2013,104.34,104.11,104.8,103.53,229.32K,-0.06%,,,,,
05-07-2013,104.4,105.4,105.94,104,264.56K,-1.01%,,,,,
05-06-2013,105.46,104.25,105.54,103.89,135.08K,1.22%,,,,,
05-03-2013,104.19,102.8,104.92,102.37,257.17K,1.30%,,,,,
05-02-2013,102.85,99.82,102.98,99.51,287.67K,2.90%,,,,,
05-01-2013,99.95,101.82,102.33,98.76,267.10K,-2.36%,,,,,
04/30/2013,102.37,103.78,104,101.48,253.92K,-1.39%,,,,,
04/29/2013,103.81,102.79,103.94,102.57,200.11K,0.63%,,,,,
04/26/2013,103.16,103.2,103.48,102.25,196.48K,-0.24%,,,,,
04/25/2013,103.41,101.8,103.49,101.35,280.40K,1.65%,,,,,
04/24/2013,101.73,100.34,101.99,100.22,204.01K,1.42%,,,,,
04/23/2013,100.31,100.56,100.59,98.78,242.74K,-0.08%,,,,,
04/22/2013,100.39,99.56,101.04,99.2,210.04K,0.74%,,,,,
04/19/2013,99.65,99.54,100.33,99.04,175.36K,0.52%,,,,,
04/18/2013,99.13,97.46,99.85,96.75,306.94K,1.47%,,,,,
04/17/2013,97.69,100.11,100.46,97.26,292.12K,-2.22%,,,,,
04/16/2013,99.91,99.43,100.37,98,328.74K,-0.48%,,,,,
04/15/2013,100.39,103.03,103.09,100.02,23.65K,-2.64%,,,,,
04-12-2013,103.11,104.29,104.39,101.09,121.49K,-1.11%,,,,,
04-11-2013,104.27,105.5,105.94,103.7,116.87K,-1.44%,,,,,
04-10-2013,105.79,106.19,106.47,105.16,136.06K,-0.41%,,,,,
04-09-2013,106.23,104.78,106.5,104.27,173.29K,1.50%,,,,,
04-08-2013,104.66,104.28,105.55,103.4,245.68K,0.52%,,,,,
04-05-2013,104.12,106.49,106.65,103.62,273.97K,-2.09%,,,,,
04-04-2013,106.34,107.07,108.06,105.29,284.41K,-0.72%,,,,,
04-03-2013,107.11,110.28,110.43,106.78,304.65K,-3.23%,,,,,
04-02-2013,110.69,111.07,111.79,110,205.64K,-0.35%,,,,,
04-01-2013,111.08,110.15,111.33,109.38,102.14K,0.96%,,,,,
03/28/2013,110.02,109.85,110.1,108.98,164.97K,0.30%,,,,,
03/27/2013,109.69,109.4,109.98,108.85,217.52K,0.30%,,,,,
03/26/2013,109.36,108.11,109.59,107.71,207.41K,1.10%,,,,,
03/25/2013,108.17,106.86,109.07,106.8,199.23K,0.47%,,,,,
03/22/2013,107.66,107.31,107.96,106.9,174.36K,0.18%,,,,,
03/21/2013,107.47,108.48,108.75,107.08,190.90K,-1.15%,,,,,
03/20/2013,108.72,107.59,108.92,107.55,169.06K,1.18%,,,,,
03/19/2013,107.45,109.41,109.54,107.25,226.68K,-1.88%,,,,,
03/18/2013,109.51,109.83,109.83,107.78,180.93K,-0.28%,,,,,
03/15/2013,109.82,109.32,110.53,109.02,186.11K,0.37%,,,,,
03/14/2013,109.42,108.36,109.98,108.18,18.27K,0.83%,,,,,
03/13/2013,108.52,109.7,109.89,107.91,106.23K,-1.03%,,,,,
03-12-2013,109.65,110.13,111.2,109.3,146.00K,-0.52%,,,,,
03-11-2013,110.22,110.67,110.72,109.53,164.82K,-0.57%,,,,,
03-08-2013,110.85,110.9,111.33,109.14,228.95K,-0.27%,,,,,
03-07-2013,111.15,111.08,111.4,110.41,213.07K,0.08%,,,,,
03-06-2013,111.06,111.83,112.23,110.46,201.77K,-0.49%,,,,,
03-05-2013,111.61,110.1,111.93,110.1,233.65K,1.38%,,,,,
03-04-2013,110.09,110.58,110.89,109.58,226.78K,-0.28%,,,,,
03-01-2013,110.4,110.9,111.36,109.82,251.90K,-0.88%,,,,,
02/28/2013,111.38,111.95,112.57,110.87,224.45K,-0.44%,,,,,
02/27/2013,111.87,112.8,113.35,111.65,220.01K,-0.75%,,,,,
02/26/2013,112.71,113.64,114.34,112.41,257.23K,-1.51%,,,,,
02/25/2013,114.44,114.19,115.87,113.31,190.54K,0.30%,,,,,
02/22/2013,114.1,113.6,114.79,113.6,173.50K,0.50%,,,,,
02/21/2013,113.53,115.2,115.31,113.32,248.79K,-1.79%,,,,,
02/20/2013,115.6,117.35,117.66,115.02,219.24K,-1.63%,,,,,
02/19/2013,117.52,117.48,117.6,116.55,134.90K,0.12%,,,,,
02/18/2013,117.38,117.81,118.19,116.92,60.36K,-0.24%,,,,,
02/15/2013,117.66,117.96,118.11,116.28,216.48K,-0.29%,,,,,
02/14/2013,118,117.9,118.29,117.25,186.86K,-0.61%,,,,,
02/13/2013,118.72,118.66,119.12,118.39,27.82K,0.05%,,,,,
02-12-2013,118.66,118.27,118.9,117.81,98.00K,0.45%,,,,,
02-11-2013,118.13,118.9,119.07,117.54,141.28K,-0.65%,,,,,
02-08-2013,118.9,117.48,119.17,117.31,206.48K,1.42%,,,,,
02-07-2013,117.24,116.9,117.83,116.71,242.30K,0.44%,,,,,
02-06-2013,116.73,116.45,117.05,115.72,207.78K,0.18%,,,,,
02-05-2013,116.52,115.47,117.23,115.01,227.10K,0.80%,,,,,
02-04-2013,115.6,116.5,116.67,115.32,214.96K,-0.99%,,,,,
02-01-2013,116.76,115.77,117.07,115.4,245.85K,1.05%,,,,,
01/31/2013,115.55,114.91,115.76,114.28,195.49K,0.57%,,,,,
01/30/2013,114.9,114.28,115.24,114.07,200.61K,0.47%,,,,,
01/29/2013,114.36,113.48,114.49,113.07,208.91K,0.78%,,,,,
01/28/2013,113.48,113.45,113.8,112.6,172.16K,0.18%,,,,,
01/25/2013,113.28,113.28,113.84,112.83,204.35K,0.00%,,,,,
01/24/2013,113.28,112.76,113.65,112.4,211.58K,0.43%,,,,,
01/23/2013,112.8,112.42,113.15,112.06,239.71K,0.34%,,,,,
01/22/2013,112.42,111.71,112.65,111.35,207.85K,0.64%,,,,,
01/21/2013,111.71,111.67,111.99,111.41,74.58K,-0.16%,,,,,
01/18/2013,111.89,111.1,111.97,110.47,182.51K,0.71%,,,,,
01/17/2013,111.1,109.74,111.38,109.45,206.29K,0.44%,,,,,
01/16/2013,110.61,110.52,110.84,110.24,19.71K,0.28%,,,,,
01/15/2013,110.3,111.93,112.46,110.19,101.26K,-1.41%,,,,,
01/14/2013,111.88,110.62,112.15,110.31,110.23K,1.12%,,,,,
01-11-2013,110.64,111.95,111.95,109.6,168.07K,-1.12%,,,,,
01-10-2013,111.89,111.68,113.29,111.6,196.97K,0.12%,,,,,
01-09-2013,111.76,111.9,112.23,111.11,171.95K,-0.16%,,,,,
01-08-2013,111.94,111.42,112.47,111.12,194.00K,0.48%,,,,,
01-07-2013,111.4,111.42,111.69,110.54,203.50K,0.08%,,,,,
01-04-2013,111.31,111.72,111.78,110.38,191.33K,-0.74%,,,,,
01-03-2013,112.14,112.2,112.42,111.63,190.29K,-0.29%,,,,,
01-02-2013,112.47,111.5,112.9,111.27,183.14K,1.22%,,,,,
12/31/2012,111.11,110.35,111.34,109.38,98.68K,0.44%,,,,,
12/28/2012,110.62,111.24,111.38,109.83,117.89K,-0.16%,,,,,
12/27/2012,110.8,110.78,111.33,110.1,104.80K,-0.24%,,,,,
12/26/2012,111.07,109.15,111.52,109,75.29K,2.09%,,,,,
12/24/2012,108.8,109.02,109.22,108.13,49.45K,-0.16%,,,,,
12/21/2012,108.97,110.2,110.28,108.66,132.66K,-1.12%,,,,,
12/20/2012,110.2,110.1,110.66,109.7,136.54K,-0.14%,,,,,
12/19/2012,110.36,108.9,110.48,108.74,162.39K,1.40%,,,,,
12/18/2012,108.84,107.98,108.98,107.93,137.27K,1.11%,,,,,
12/17/2012,107.64,108.3,108.5,107.58,129.07K,-1.38%,,,,,
12/14/2012,109.15,108.2,109.58,108.2,16.50K,1.15%,,,,,
12/13/2012,107.91,109.36,109.52,107.8,77.62K,-1.45%,,,,,
12-12-2012,109.5,108.14,110.5,108.14,169.43K,1.38%,,,,,
12-11-2012,108.01,107.45,108.37,107.09,160.06K,0.63%,,,,,
12-10-2012,107.33,107.3,108.54,107.01,168.70K,0.29%,,,,,
12-07-2012,107.02,107.05,107.89,106.66,181.18K,-0.01%,,,,,
12-06-2012,107.03,108.63,109.16,106.63,215.28K,-1.64%,,,,,
12-05-2012,108.81,109.87,110.57,108.64,184.65K,-0.94%,,,,,
12-04-2012,109.84,110.92,110.92,109.15,213.91K,-0.97%,,,,,
12-03-2012,110.92,110.96,112.33,110.6,195.73K,-0.28%,,,,,
11/30/2012,111.23,110.35,111.34,110.25,162.85K,0.42%,,,,,
11/29/2012,110.76,109.7,111.3,109.45,254.91K,1.14%,,,,,
11/28/2012,109.51,109.95,110.17,108.44,192.92K,-0.33%,,,,,
11/27/2012,109.87,111,111.36,109.31,178.24K,-0.95%,,,,,
11/26/2012,110.92,111.16,111.48,110.27,134.49K,-0.41%,,,,,
11/23/2012,111.38,110.47,111.54,110.1,103.82K,0.75%,,,,,
11/22/2012,110.55,110.97,111.17,110.11,55.28K,-0.28%,,,,,
11/21/2012,110.86,110.49,111.46,109.55,192.52K,0.94%,,,,,
11/20/2012,109.83,111.8,111.85,109.01,236.77K,-1.67%,,,,,
11/19/2012,111.7,109.2,112.2,109.19,232.66K,2.52%,,,,,
11/16/2012,108.95,107.69,109.25,107.66,200.90K,-1.83%,,,,,
11/15/2012,110.98,109.68,111.12,109.66,21.03K,1.25%,,,,,
11/14/2012,109.61,108.12,110.35,107.8,113.91K,1.25%,,,,,
11/13/2012,108.26,108.7,108.98,107.38,140.01K,-0.74%,,,,,
11-12-2012,109.07,109.59,110.39,108.56,180.99K,-0.30%,,,,,
11-09-2012,109.4,107.15,109.78,106.25,201.02K,2.00%,,,,,
11-08-2012,107.25,106.92,108.17,106.12,200.13K,0.40%,,,,,
11-07-2012,106.82,110.83,111.64,106.53,265.33K,-3.83%,,,,,
11-06-2012,111.07,107.93,111.31,107.13,259.93K,3.10%,,,,,
11-05-2012,107.73,105.55,108.18,104.76,217.32K,1.94%,,,,,
11-02-2012,105.68,108.07,108.8,105.5,234.75K,-2.30%,,,,,
11-01-2012,108.17,108.49,109.03,107.75,205.33K,-0.49%,,,,,
10/31/2012,108.7,109.14,109.8,108.3,174.27K,-0.35%,,,,,
10/30/2012,109.08,109.36,110.1,108.65,147.69K,-0.33%,,,,,
10/29/2012,109.44,109.65,110.26,108.51,170.60K,-0.10%,,,,,
10/26/2012,109.55,108.49,109.7,107.4,210.56K,0.98%,,,,,
10/25/2012,108.49,107.59,109.28,107.46,216.60K,0.59%,,,,,
10/24/2012,107.85,108.31,109.34,106.8,233.37K,-0.37%,,,,,
10/23/2012,108.25,109.52,109.8,107.31,254.99K,-1.09%,,,,,
10/22/2012,109.44,109.95,110.97,109.12,218.73K,-0.64%,,,,,
10/19/2012,110.14,112.26,113.27,109.9,231.13K,-2.03%,,,,,
10/18/2012,112.42,113.13,113.63,111.57,212.56K,-0.71%,,,,,
10/17/2012,113.22,113.93,114.31,112.8,197.96K,-1.61%,,,,,
10/16/2012,115.07,115.72,116.2,114.5,20.62K,-0.63%,,,,,
10/15/2012,115.8,114.64,115.91,113.58,108.78K,1.03%,,,,,
10-12-2012,114.62,115.96,115.96,113.94,119.85K,-0.94%,,,,,
10-11-2012,115.71,114.56,116.02,114.42,144.68K,1.21%,,,,,
10-10-2012,114.33,114.23,115.59,113.77,180.31K,-0.15%,,,,,
10-09-2012,114.5,112.22,114.72,111.97,213.79K,2.40%,,,,,
10-08-2012,111.82,111.99,112.35,110.54,168.66K,-0.18%,,,,,
10-05-2012,112.02,112.45,113.05,110.54,237.74K,-0.50%,,,,,
10-04-2012,112.58,108.2,112.69,108.02,240.03K,4.08%,,,,,
10-03-2012,108.17,111.36,111.36,107.67,240.50K,-3.05%,,,,,
10-02-2012,111.57,112.28,112.45,111.27,152.72K,-0.55%,,,,,
10-01-2012,112.19,112.34,113.27,111.47,161.82K,-0.18%,,,,,
09/28/2012,112.39,112.53,113.4,111.52,184.80K,0.34%,,,,,
09/27/2012,112.01,110.17,112.5,109.68,226.56K,1.79%,,,,,
09/26/2012,110.04,109.88,110.23,108.45,198.47K,-0.37%,,,,,
09/25/2012,110.45,109.93,111.47,109.44,195.94K,0.58%,,,,,
09/24/2012,109.81,111.5,111.56,108.78,187.25K,-1.44%,,,,,
09/21/2012,111.42,110.5,111.7,110.08,161.97K,1.26%,,,,,
09/20/2012,110.03,108.18,110.65,107.1,250.45K,1.70%,,,,,
09/19/2012,108.19,111.71,112.98,107.4,298.80K,-3.43%,,,,,
09/18/2012,112.03,113.45,114.42,111.61,212.11K,-1.55%,,,,,
09/17/2012,113.79,116.67,117.02,111.5,212.97K,-2.46%,,,,,
09/14/2012,116.66,115.66,117.95,115.58,181.37K,-0.21%,,,,,
09/13/2012,116.9,115.6,117.48,115.45,25.03K,0.81%,,,,,
09-12-2012,115.96,115,116.67,115,135.26K,0.49%,,,,,
09-11-2012,115.4,114.65,115.46,114.37,151.87K,0.51%,,,,,
09-10-2012,114.81,114.55,115.05,113.92,149.70K,0.49%,,,,,
09-07-2012,114.25,112.8,114.65,112.34,227.68K,0.67%,,,,,
09-06-2012,113.49,113.67,115.15,112.55,234.05K,0.35%,,,,,
09-05-2012,113.09,114.1,114.38,112.73,229.60K,-0.95%,,,,,
09-04-2012,114.18,115.51,116.65,113.93,216.75K,-1.38%,,,,,
09-03-2012,115.78,114.7,115.98,114.03,76.84K,1.06%,,,,,
08/31/2012,114.57,112.48,114.93,112.36,209.50K,1.70%,,,,,
08/30/2012,112.65,112.5,113.44,112.25,157.32K,0.10%,,,,,
08/29/2012,112.54,112.34,113.3,111.5,181.93K,-0.04%,,,,,
08/28/2012,112.58,112.68,113.1,111.71,191.61K,0.29%,,,,,
08/27/2012,112.26,113.8,115.5,111.56,171.39K,-1.17%,,,,,
08/24/2012,113.59,114.59,115.28,113,215.53K,-1.23%,,,,,
08/23/2012,115.01,114.84,116.38,114.33,196.03K,0.09%,,,,,
08/22/2012,114.91,114.71,115.27,113.53,203.76K,0.24%,,,,,
08/21/2012,114.64,113.65,115.58,113.65,172.40K,0.83%,,,,,
08/20/2012,113.7,113.83,114.7,112.87,162.57K,-0.01%,,,,,
08/17/2012,113.71,114.48,114.77,112.7,178.79K,-2.73%,,,,,
08/16/2012,116.9,116.55,117.03,115.5,14.43K,0.56%,,,,,
08/15/2012,116.25,113.94,116.72,113.49,83.42K,1.95%,,,,,
08/14/2012,114.03,113.47,114.3,113.22,103.78K,0.38%,,,,,
08/13/2012,113.6,113.4,115.11,113.09,146.51K,0.58%,,,,,
08-10-2012,112.95,113.28,113.54,111.31,139.05K,-0.24%,,,,,
08-09-2012,113.22,111.99,113.53,111.6,141.86K,0.96%,,,,,
08-08-2012,112.14,111.58,113.27,110.85,188.64K,0.12%,,,,,
08-07-2012,112,109.43,112.56,109.13,177.35K,2.24%,,,,,
08-06-2012,109.55,108.6,109.77,107.9,149.98K,0.56%,,,,,
08-03-2012,108.94,105.93,109.13,105.8,215.45K,2.87%,,,,,
08-02-2012,105.9,105.8,107.3,104.97,259.59K,-0.06%,,,,,
08-01-2012,105.96,104.4,106.92,104.06,206.85K,0.99%,,,,,
07/31/2012,104.92,106.12,106.52,104.1,210.36K,-1.21%,,,,,
07/30/2012,106.2,106.37,106.99,105.58,128.63K,-0.25%,,,,,
07/27/2012,106.47,105.19,106.73,105.02,185.60K,1.15%,,,,,
07/26/2012,105.26,104.15,106.18,103.47,218.01K,0.84%,,,,,
07/25/2012,104.38,103.16,104.71,102.1,217.39K,0.93%,,,,,
07/24/2012,103.42,103.09,104.48,102.53,221.46K,0.15%,,,,,
07/23/2012,103.26,106.9,106.94,102.42,215.64K,-3.34%,,,,,
07/20/2012,106.83,107.5,107.7,105.6,168.46K,-0.90%,,,,,
07/19/2012,107.8,105.32,108.18,105.28,199.49K,2.51%,,,,,
07/18/2012,105.16,103.58,105.6,103.22,198.74K,1.12%,,,,,
07/17/2012,104,103.32,104.75,102.77,186.28K,0.43%,,,,,
07/16/2012,103.55,102.76,103.69,102.07,18.63K,1.12%,,,,,
07/13/2012,102.4,100.53,103.44,100.51,110.86K,1.32%,,,,,
07-12-2012,101.07,100.64,101.36,98.51,175.04K,0.84%,,,,,
07-11-2012,100.23,97.97,100.83,97.83,171.82K,2.31%,,,,,
07-10-2012,97.97,99.5,99.65,97.73,201.85K,-2.34%,,,,,
07-09-2012,100.32,98.15,101.06,97.92,225.17K,2.17%,,,,,
07-06-2012,98.19,100.4,100.4,97.73,223.92K,-2.49%,,,,,
07-05-2012,100.7,99.75,102.34,99.3,314.93K,0.93%,,,,,
07-04-2012,99.77,100.75,100.95,99.26,79.56K,-0.90%,,,,,
07-03-2012,100.68,97.24,101.58,97.12,289.69K,3.43%,,,,,
07-02-2012,97.34,97.6,97.87,95.3,245.47K,-0.47%,,,,,
06/29/2012,97.8,92.06,98.29,91.73,275.79K,7.05%,,,,,
06/28/2012,91.36,93.32,93.85,90.88,235.16K,-2.29%,,,,,
06/27/2012,93.5,92.81,93.95,91.7,231.83K,0.52%,,,,,
06/26/2012,93.02,91.3,93.25,90.7,236.48K,2.21%,,,,,
06/25/2012,91.01,91.65,91.75,89.6,211.66K,0.03%,,,,,
06/22/2012,90.98,89.38,91.7,88.49,238.67K,1.96%,,,,,
06/21/2012,89.23,92.55,92.76,88.9,351.70K,-3.73%,,,,,
06/20/2012,92.69,95.71,96.04,92.38,328.77K,-3.21%,,,,,
06/19/2012,95.76,95.91,96.8,94.44,276.73K,-0.30%,,,,,
06/18/2012,96.05,98.04,99.5,95.38,233.81K,-1.60%,,,,,
06/15/2012,97.61,97.9,98.1,96.97,148.88K,0.60%,,,,,
06/14/2012,97.03,97.2,97.8,96.33,35.17K,-0.10%,,,,,
06/13/2012,97.13,97.24,98.38,96.67,138.29K,-0.01%,,,,,
06-12-2012,97.14,96.81,97.97,96.62,245.70K,-0.88%,,,,,
06-11-2012,98,100.24,102.21,96.46,233.78K,-1.48%,,,,,
06-08-2012,99.47,99.3,99.99,97.19,252.95K,-0.46%,,,,,
06-07-2012,99.93,100.91,102.45,99.07,284.01K,-0.71%,,,,,
06-06-2012,100.64,98.9,101.39,98.71,238.42K,1.82%,,,,,
06-05-2012,98.84,99.16,99.63,97.68,145.83K,-0.01%,,,,,
06-04-2012,98.85,98.43,99.15,95.63,174.17K,0.43%,,,,,
06-01-2012,98.43,101.69,101.95,97.54,324.33K,-3.38%,,,,,
05/31/2012,101.87,103.23,104.16,101.27,258.76K,-1.55%,,,,,
05/30/2012,103.47,106.82,106.82,102.85,225.43K,-3.01%,,,,,
05/29/2012,106.68,107.45,107.95,106.06,223.91K,-0.40%,,,,,
05/28/2012,107.11,106.83,108.04,106.8,55.58K,0.26%,,,,,
05/25/2012,106.83,106.55,107.24,106.02,145.99K,0.26%,,,,,
05/24/2012,106.55,106.1,107.25,105.03,191.10K,0.94%,,,,,
05/23/2012,105.56,108.11,108.16,105.39,239.76K,-2.63%,,,,,
05/22/2012,108.41,109.25,109.36,107.79,180.21K,-0.37%,,,,,
05/21/2012,108.81,107.4,109.43,106.75,171.29K,1.56%,,,,,
05/18/2012,107.14,106.75,107.99,106.4,206.50K,-0.33%,,,,,
05/17/2012,107.49,109.43,110.15,106.58,293.24K,-3.78%,,,,,
05/16/2012,111.71,112.02,112.1,110.41,22.42K,-0.47%,,,,,
05/15/2012,112.24,111.17,112.67,110.93,151.54K,0.60%,,,,,
05/14/2012,111.57,112.07,112.07,110.04,199.08K,-0.61%,,,,,
05-11-2012,112.26,112.05,112.8,111.4,189.45K,-0.42%,,,,,
05-10-2012,112.73,112.72,113.64,112.12,198.34K,-0.42%,,,,,
05-09-2012,113.2,113.05,113.27,111.31,239.78K,0.42%,,,,,
05-08-2012,112.73,113.16,113.64,110.53,252.43K,-0.38%,,,,,
05-07-2012,113.16,112.8,113.5,110.34,159.88K,-0.02%,,,,,
05-04-2012,113.18,115.91,116.29,111.76,323.77K,-2.50%,,,,,
05-03-2012,116.08,118.2,118.45,115.92,231.99K,-1.79%,,,,,
05-02-2012,118.2,119.7,119.8,117.64,216.22K,-1.22%,,,,,
05-01-2012,119.66,119.28,120.02,118.8,160.25K,0.16%,,,,,
04/30/2012,119.47,119.7,119.79,118.73,174.06K,-0.30%,,,,,
04/27/2012,119.83,119.6,119.95,119.06,173.89K,-0.08%,,,,,
04/26/2012,119.92,119.05,120.17,118.78,225.24K,0.67%,,,,,
04/25/2012,119.12,118.38,119.25,117.45,242.12K,0.81%,,,,,
04/24/2012,118.16,118.75,118.94,117.85,173.51K,-0.46%,,,,,
04/23/2012,118.71,118.7,118.91,117.21,203.51K,-0.04%,,,,,
04/20/2012,118.76,118.01,119.69,117.87,178.70K,0.64%,,,,,
04/19/2012,118,118.15,119.15,117.68,204.71K,0.03%,,,,,
04/18/2012,117.97,118.45,118.85,116.7,251.11K,-0.68%,,,,,
04/17/2012,118.78,118.53,119.34,117.98,248.48K,0.08%,,,,,
04/16/2012,118.68,121,121,118.2,232.83K,-2.59%,,,,,
04/13/2012,121.83,121.88,122,120.77,15.61K,0.10%,,,,,
04-12-2012,121.71,120.14,121.92,119.28,125.98K,1.27%,,,,,
04-11-2012,120.18,119.87,120.8,119.05,178.71K,0.25%,,,,,
04-10-2012,119.88,122.53,122.83,119.49,223.01K,-2.27%,,,,,
04-09-2012,122.67,122.85,122.86,121.02,91.96K,-0.62%,,,,,
04-05-2012,123.43,122.54,123.54,121.8,183.56K,0.89%,,,,,
04-04-2012,122.34,124.88,124.99,122.3,250.19K,-2.02%,,,,,
04-03-2012,124.86,125.3,125.97,124.3,197.65K,-0.45%,,,,,
04-02-2012,125.43,122.94,125.63,121.7,229.53K,2.08%,,,,,
03/30/2012,122.88,122.6,124.07,122.58,185.19K,0.40%,,,,,
03/29/2012,122.39,124.23,124.64,121.37,224.42K,-1.43%,,,,,
03/28/2012,124.16,125.18,125.18,123.53,212.67K,-1.10%,,,,,
03/27/2012,125.54,125.74,126.18,124.91,211.60K,-0.09%,,,,,
03/26/2012,125.65,125.04,125.89,124.58,128.77K,0.42%,,,,,
03/23/2012,125.13,123.3,127.06,123.1,207.43K,1.62%,,,,,
03/22/2012,123.14,124.04,124.25,122.3,189.19K,-0.85%,,,,,
03/21/2012,124.2,124.21,124.8,123.76,152.41K,0.06%,,,,,
03/20/2012,124.12,125.27,125.44,123.2,185.59K,-1.26%,,,,,
03/19/2012,125.71,125.6,126.05,124.82,128.75K,-0.08%,,,,,
03/16/2012,125.81,122.55,126.16,122.45,159.88K,1.83%,,,,,
03/15/2012,123.55,125.12,125.35,120.97,20.33K,-1.14%,,,,,
03/14/2012,124.97,126.12,126.68,124.64,106.67K,-0.99%,,,,,
03/13/2012,126.22,125.5,126.79,125,133.81K,0.70%,,,,,
03-12-2012,125.34,125.84,125.98,124.2,151.69K,-0.51%,,,,,
03-09-2012,125.98,125.48,126.37,124.69,140.59K,0.43%,,,,,
03-08-2012,125.44,124.05,126.34,123.8,191.53K,1.06%,,,,,
03-07-2012,124.12,122.19,124.45,121.99,199.25K,1.75%,,,,,
03-06-2012,121.98,124.39,124.39,121.59,233.27K,-1.47%,,,,,
03-05-2012,123.8,123.37,124.66,122.66,166.57K,0.12%,,,,,
03-02-2012,123.65,126.16,126.16,123.12,196.63K,-2.02%,,,,,
03-01-2012,126.2,123,128.4,122.49,260.75K,2.89%,,,,,
02/29/2012,122.66,121.61,123.2,120.5,243.68K,0.91%,,,,,
02/28/2012,121.55,123.39,123.95,121.5,195.25K,-2.11%,,,,,
02/27/2012,124.17,125.25,125.51,123,177.94K,-1.04%,,,,,
02/24/2012,125.47,124.01,125.55,123.3,146.86K,1.50%,,,,,
02/23/2012,123.62,122.73,124.5,122.1,214.76K,0.59%,,,,,
02/22/2012,122.9,121.5,123.23,121,180.94K,1.02%,,,,,
02/21/2012,121.66,120.07,121.88,119.21,156.16K,1.34%,,,,,
02/20/2012,120.05,120,121.15,119.8,64.82K,0.39%,,,,,
02/17/2012,119.58,120.13,120.7,118.85,183.83K,-0.44%,,,,,
02/16/2012,120.11,118.9,120.38,118.32,205.13K,0.99%,,,,,
02/15/2012,118.93,117.44,119.99,117.4,223.57K,0.65%,,,,,
02/14/2012,118.16,117.64,118.28,117,24.28K,0.20%,,,,,
02/13/2012,117.93,117.69,118.61,117.35,120.61K,0.53%,,,,,
02-10-2012,117.31,118.61,118.61,116.29,169.31K,-1.08%,,,,,
02-09-2012,118.59,117.7,118.79,117.28,189.77K,1.19%,,,,,
02-08-2012,117.2,116.01,117.97,115.9,217.97K,0.83%,,,,,
02-07-2012,116.23,116.64,117.5,115.6,245.84K,0.26%,,,,,
02-06-2012,115.93,114.58,116.68,113.65,212.32K,1.18%,,,,,
02-03-2012,114.58,112.5,114.71,111.93,235.99K,2.24%,,,,,
02-02-2012,112.07,111.51,112.56,111.04,213.05K,0.46%,,,,,
02-01-2012,111.56,111.3,112.82,111.02,210.93K,0.52%,,,,,
01/31/2012,110.98,110.98,113.9,110.5,238.21K,0.21%,,,,,
01/30/2012,110.75,111.5,111.78,110.25,163.79K,-0.64%,,,,,
01/27/2012,111.46,111,111.99,110.49,218.69K,0.60%,,,,,
01/26/2012,110.79,110.45,111.89,110.27,195.03K,0.89%,,,,,
01/25/2012,109.81,110.22,110.89,108.91,234.59K,-0.20%,,,,,
01/24/2012,110.03,110.84,111.11,109.7,178.43K,-0.50%,,,,,
01/23/2012,110.58,110.04,111.36,109.23,143.54K,0.66%,,,,,
01/20/2012,109.86,111.53,112.06,109.42,161.67K,-1.52%,,,,,
01/19/2012,111.55,111.1,111.75,110.37,173.95K,0.80%,,,,,
01/18/2012,110.66,111.46,112.2,110.33,213.90K,-0.78%,,,,,
01/17/2012,111.53,111.42,112.76,110.56,189.96K,0.30%,,,,,
01/16/2012,111.2,110.7,111.67,110.49,15.27K,0.69%,,,,,
01/13/2012,110.44,111.21,112.5,109.71,108.35K,-0.74%,,,,,
01-12-2012,111.26,112.84,115.12,110.31,148.85K,-0.87%,,,,,
01-11-2012,112.24,113.12,113.76,112.11,191.80K,-0.92%,,,,,
01-10-2012,113.28,112.5,114.01,112.43,186.77K,0.74%,,,,,
01-09-2012,112.45,113.42,113.88,111.8,203.39K,-0.54%,,,,,
01-06-2012,113.06,112.85,113.68,112.03,190.83K,0.28%,,,,,
01-05-2012,112.74,113.5,114.64,112.1,205.41K,-0.84%,,,,,
01-04-2012,113.7,112.1,113.97,111.27,221.27K,1.40%,,,,,
01-03-2012,112.13,108.35,112.44,108.35,178.62K,4.42%,,,,,
12/30/2011,107.38,108,108.25,106.62,93.57K,-0.58%,,,,,
12/29/2011,108.01,107.41,108.1,106.5,108.32K,0.42%,,,,,
12/28/2011,107.56,108.93,109.5,106.77,114.94K,-1.56%,,,,,
12/27/2011,109.27,108.16,109.5,107.85,50.68K,1.21%,,,,,
12/23/2011,107.96,107.77,108.55,107.4,64.61K,0.06%,,,,,
12/22/2011,107.89,107.92,108.5,107.29,111.16K,0.17%,,,,,
12/21/2011,107.71,107.15,108.17,106.16,145.09K,0.92%,,,,,
12/20/2011,106.73,104.3,107.27,103.91,170.24K,2.98%,,,,,
12/19/2011,103.64,103.63,104.57,102.37,147.88K,0.28%,,,,,
12/16/2011,103.35,103.51,104.56,102.46,140.08K,-1.66%,,,,,
12/15/2011,105.09,104.88,106.5,104.88,14.33K,0.07%,,,,,
12/14/2011,105.02,109.47,109.5,104.36,98.85K,-4.09%,,,,,
12/13/2011,109.5,107.23,111.1,107.07,156.39K,2.09%,,,,,
12-12-2011,107.26,108.75,108.75,107,141.32K,-1.25%,,,,,
12-09-2011,108.62,107.66,108.99,107.11,159.31K,0.47%,,,,,
12-08-2011,108.11,109.6,110.67,107.28,172.10K,-1.30%,,,,,
12-07-2011,109.53,110.7,111.49,109,167.44K,-1.16%,,,,,
12-06-2011,110.81,109.19,110.96,109.04,135.06K,0.91%,,,,,
12-05-2011,109.81,110.36,111.62,109.2,145.85K,-0.12%,,,,,
12-02-2011,109.94,109.09,110.41,108.62,156.65K,0.87%,,,,,
12-01-2011,108.99,110.75,111.24,108.18,187.09K,-1.38%,,,,,
11/30/2011,110.52,110.8,112.03,109.65,231.07K,-0.27%,,,,,
11/29/2011,110.82,108.52,111,108.39,223.51K,1.67%,,,,,
11/28/2011,109,106.73,109.49,106.63,209.09K,2.44%,,,,,
11/25/2011,106.4,107.5,107.79,105.85,128.59K,-1.28%,,,,,
11/24/2011,107.78,107.2,108.09,107.04,66.69K,0.71%,,,,,
11/23/2011,107.02,108.61,108.85,106.82,193.01K,-1.84%,,,,,
11/22/2011,109.03,106.62,109.45,106.62,215.45K,2.01%,,,,,
11/21/2011,106.88,107.46,107.74,105.65,183.50K,-0.63%,,,,,
11/18/2011,107.56,107.53,109.99,106.97,207.45K,-0.61%,,,,,
11/17/2011,108.22,110.85,111.98,107.56,269.90K,-3.27%,,,,,
11/16/2011,111.88,112.2,112.5,110.14,271.00K,-0.45%,,,,,
11/15/2011,112.39,112.03,113.14,111.62,20.24K,0.45%,,,,,
11/14/2011,111.89,114.63,114.83,111.32,122.95K,-1.99%,,,,,
11-11-2011,114.16,113.07,114.91,113.06,132.50K,0.40%,,,,,
11-10-2011,113.71,112.33,114.13,111.3,223.77K,1.25%,,,,,
11-09-2011,112.31,115.42,115.75,111.78,271.93K,-2.34%,,,,,
11-08-2011,115,114.6,116.48,114.2,224.85K,0.38%,,,,,
11-07-2011,114.56,112.41,115.23,111.26,186.13K,2.31%,,,,,
11-04-2011,111.97,110.79,112.48,110.3,178.39K,1.03%,,,,,
11-03-2011,110.83,109.65,111.24,107.83,224.72K,1.36%,,,,,
11-02-2011,109.34,108.87,111.47,108.56,238.27K,-0.18%,,,,,
11-01-2011,109.54,109.09,109.68,106.1,239.03K,-0.02%,,,,,
10/31/2011,109.56,110.13,110.33,108.2,169.59K,-0.32%,,,,,
10/28/2011,109.91,112.13,112.23,109.65,187.75K,-1.94%,,,,,
10/27/2011,112.08,109.5,112.79,109.5,238.41K,2.91%,,,,,
10/26/2011,108.91,110.85,111.78,108.76,205.83K,-1.81%,,,,,
10/25/2011,110.92,111.55,112.15,109.47,256.19K,-0.48%,,,,,
10/24/2011,111.45,109.32,111.6,109.32,188.01K,1.73%,,,,,
10/21/2011,109.56,109.91,111.88,109.25,190.68K,-0.18%,,,,,
10/20/2011,109.76,108.5,110.17,107.31,277.56K,1.26%,,,,,
10/19/2011,108.39,111.07,111.85,108.12,250.46K,-2.48%,,,,,
10/18/2011,111.15,110.16,111.89,108.45,267.36K,0.90%,,,,,
10/17/2011,110.16,112.46,113.86,109.72,203.73K,-3.94%,,,,,
10/14/2011,114.68,111.15,114.8,110.96,19.21K,3.21%,,,,,
10/13/2011,111.11,111.1,111.87,109.07,59.12K,-0.22%,,,,,
10-12-2011,111.36,110.31,113,109.89,126.97K,0.57%,,,,,
10-11-2011,110.73,108.85,111.24,107.45,180.79K,1.63%,,,,,
10-10-2011,108.95,106.01,109.5,105.65,162.62K,2.90%,,,,,
10-07-2011,105.88,105.4,106.64,104.37,170.25K,0.14%,,,,,
10-06-2011,105.73,102.65,105.88,101.53,192.57K,2.92%,,,,,
10-05-2011,102.73,101.81,102.84,100.66,215.94K,2.95%,,,,,
10-04-2011,99.79,100.65,102.41,99.11,264.83K,-1.89%,,,,,
10-03-2011,101.71,102,102.8,100.59,203.33K,-1.02%,,,,,
09/30/2011,102.76,104.91,104.91,101.78,243.64K,-1.14%,,,,,
09/29/2011,103.95,103,105.82,102.35,220.41K,0.13%,,,,,
09/28/2011,103.81,106.75,107.41,103.23,207.77K,-3.11%,,,,,
09/27/2011,107.14,104.77,107.54,104.5,219.79K,3.08%,,,,,
09/26/2011,103.94,103.61,105.34,101.66,200.58K,-0.03%,,,,,
09/23/2011,103.97,105.36,107,103.43,244.21K,-1.44%,,,,,
09/22/2011,105.49,109.5,109.5,104.85,305.83K,-4.41%,,,,,
09/21/2011,110.36,110.25,112.44,108.92,207.91K,-0.16%,,,,,
09/20/2011,110.54,109.2,111.59,108.7,183.67K,1.28%,,,,,
09/19/2011,109.14,111.71,112.11,108.7,166.60K,-2.74%,,,,,
09/16/2011,112.22,112.46,114.25,111.51,219.61K,-2.71%,,,,,
09/15/2011,115.34,112.41,116.1,111.75,17.01K,2.62%,,,,,
09/14/2011,112.4,111.93,112.7,110.83,85.04K,0.46%,,,,,
09/13/2011,111.89,112.85,113.3,111.28,133.94K,-0.32%,,,,,
09-12-2011,112.25,112.43,113.76,110.42,159.20K,-0.46%,,,,,
09-09-2011,112.77,114.26,115.17,110.93,202.67K,-1.55%,,,,,
09-08-2011,114.55,116.05,116.6,113.95,190.73K,-1.08%,,,,,
09-07-2011,115.8,113.41,116.5,112.7,193.49K,2.58%,,,,,
09-06-2011,112.89,109.89,113.61,109.85,188.94K,2.55%,,,,,
09-05-2011,110.08,112.5,112.5,109.9,78.91K,-2.00%,,,,,
09-02-2011,112.33,114.18,114.58,111.36,227.68K,-1.71%,,,,,
09-01-2011,114.29,114.85,115.36,113.61,179.42K,-0.49%,,,,,
08/31/2011,114.85,113.85,115.19,113.52,212.63K,0.73%,,,,,
08/30/2011,114.02,112.36,114.25,111.16,184.91K,1.91%,,,,,
08/29/2011,111.88,110.77,112.73,110.53,92.60K,0.47%,,,,,
08/26/2011,111.36,110.57,111.7,109.3,194.49K,0.67%,,,,,
08/25/2011,110.62,110.32,111.45,109,220.39K,0.43%,,,,,
08/24/2011,110.15,109.66,111,108.71,204.41K,0.77%,,,,,
08/23/2011,109.31,108.1,110.2,107.2,233.27K,0.88%,,,,,
08/22/2011,108.36,108.5,108.75,105.15,245.43K,-0.24%,,,,,
08/19/2011,108.62,106.27,109.4,105.06,253.16K,1.52%,,,,,
08/18/2011,106.99,110.55,110.75,106.27,260.63K,-3.26%,,,,,
08/17/2011,110.6,109.58,111.74,109.09,178.71K,1.03%,,,,,
08/16/2011,109.47,109.48,109.94,108.23,29.20K,-0.40%,,,,,
08/15/2011,109.91,108.1,110,107.4,114.74K,1.74%,,,,,
08-12-2011,108.03,107.94,109.16,106.86,176.27K,0.01%,,,,,
08-11-2011,108.02,105,108.22,104.43,223.11K,1.26%,,,,,
08-10-2011,106.68,104.2,107.11,103.41,260.96K,4.01%,,,,,
08-09-2011,102.57,103.15,105.95,98.74,307.86K,-1.13%,,,,,
08-08-2011,103.74,108.5,108.5,102.7,243.24K,-5.15%,,,,,
08-05-2011,109.37,107.25,110.26,104.3,290.61K,1.98%,,,,,
08-04-2011,107.25,113.5,113.73,107,322.55K,-5.28%,,,,,
08-03-2011,113.23,116.19,116.29,112.84,240.05K,-2.77%,,,,,
08-02-2011,116.46,117,118.4,115.53,210.26K,-0.30%,,,,,
08-01-2011,116.81,117,120.4,114.78,247.67K,0.06%,,,,,
07/29/2011,116.74,117.17,117.7,115.75,196.46K,-0.53%,,,,,
07/28/2011,117.36,117.3,118.71,117.05,187.59K,-0.06%,,,,,
07/27/2011,117.43,118.15,118.5,117.18,177.13K,-0.72%,,,,,
07/26/2011,118.28,117.65,119.05,116.53,177.47K,0.29%,,,,,
07/25/2011,117.94,118.36,118.45,116.92,129.31K,-0.62%,,,,,
07/22/2011,118.67,118.03,118.8,117.35,119.58K,0.99%,,,,,
07/21/2011,117.51,118.35,119.25,116.62,184.00K,-0.54%,,,,,
07/20/2011,118.15,117.45,118.86,117.06,161.92K,0.93%,,,,,
07/19/2011,117.06,116.5,118.45,116.09,192.54K,0.87%,,,,,
07/18/2011,116.05,117.55,117.8,114.66,152.09K,-1.03%,,,,,
07/15/2011,117.26,116.23,117.75,115.16,143.92K,-0.90%,,,,,
07/14/2011,118.32,118.53,119.4,117.73,17.51K,-0.39%,,,,,
07/13/2011,118.78,116.95,119.86,116.71,107.67K,0.87%,,,,,
07-12-2011,117.75,117.22,117.83,114.95,150.99K,0.44%,,,,,
07-11-2011,117.24,118.27,118.4,115.22,179.64K,-0.92%,,,,,
07-08-2011,118.33,118.51,119.87,116.88,217.55K,-0.22%,,,,,
07-07-2011,118.59,114.4,118.7,113.75,215.11K,4.37%,,,,,
07-06-2011,113.62,113.51,114.32,111.91,183.53K,0.01%,,,,,
07-05-2011,113.61,111.55,114.44,110.45,188.86K,1.99%,,,,,
07-04-2011,111.39,111.3,112.16,111.02,44.89K,-0.34%,,,,,
07-01-2011,111.77,111.8,112.48,109.5,158.45K,-0.63%,,,,,
06/30/2011,112.48,112.3,113.24,110.72,193.59K,0.07%,,,,,
06/29/2011,112.4,108.65,112.67,108.1,230.75K,3.33%,,,,,
06/28/2011,108.78,106.76,109.05,105.35,212.67K,2.63%,,,,,
06/27/2011,105.99,105.36,106.74,102.28,204.81K,0.83%,,,,,
06/24/2011,105.12,108.59,108.7,103.62,264.61K,-2.00%,,,,,
06/23/2011,107.26,113.19,113.4,105.72,463.81K,-6.09%,,,,,
06/22/2011,114.21,110.97,114.48,110.35,220.84K,2.94%,,,,,
06/21/2011,110.95,111.54,113.1,109.92,230.17K,-0.66%,,,,,
06/20/2011,111.69,112.96,113.38,111.23,180.22K,-1.34%,,,,,
06/17/2011,113.21,114.21,114.31,111.05,213.26K,-0.71%,,,,,
06/16/2011,114.02,113.72,114.94,112.55,229.65K,-2.63%,,,,,
06/15/2011,117.1,120.22,121.47,116.8,23.99K,-2.55%,,,,,
06/14/2011,120.16,118.7,120.75,118.56,155.48K,0.89%,,,,,
06/13/2011,119.1,118.46,120.25,117.12,232.15K,0.27%,,,,,
06-10-2011,118.78,119.53,120.07,117.63,186.22K,-0.66%,,,,,
06-09-2011,119.57,117.8,119.86,117.37,233.05K,1.46%,,,,,
06-08-2011,117.85,116.89,118.59,115.75,252.41K,0.92%,,,,,
06-07-2011,116.78,114.3,117.43,113.8,237.25K,2.01%,,,,,
06-06-2011,114.48,115.96,116.14,113.96,154.18K,-1.17%,,,,,
06-03-2011,115.84,115.66,116.25,113.4,194.13K,0.26%,,,,,
06-02-2011,115.54,114.33,115.95,113.74,217.54K,0.88%,,,,,
06-01-2011,114.53,117.07,117.28,113.84,191.59K,-1.88%,,,,,
05/31/2011,116.73,114.52,117.49,114.5,168.24K,1.79%,,,,,
05/30/2011,114.68,114.87,115,114.24,18.83K,-0.30%,,,,,
05/27/2011,115.03,114.94,115.68,114.4,136.99K,-0.02%,,,,,
05/26/2011,115.05,114.73,115.47,114.1,193.65K,0.10%,,,,,
05/25/2011,114.93,112,115.07,111.14,225.72K,2.13%,,,,,
05/24/2011,112.53,109.54,112.65,109.5,193.63K,2.21%,,,,,
05/23/2011,110.1,112.12,112.23,108.58,191.50K,-2.04%,,,,,
05/20/2011,112.39,111.66,112.88,108.6,214.85K,0.87%,,,,,
05/19/2011,111.42,112.5,113.04,111.16,163.74K,-0.78%,,,,,
05/18/2011,112.3,110.56,113.1,110.42,182.84K,2.10%,,,,,
05/17/2011,109.99,110.42,111.82,108.07,226.25K,-2.43%,,,,,
05/16/2011,112.73,113.56,114,112,28.09K,-0.97%,,,,,
05/13/2011,113.83,113.1,114.92,111.72,165.42K,0.75%,,,,,
05-12-2011,112.98,113.23,114.56,110.15,247.29K,0.36%,,,,,
05-11-2011,112.57,117.87,118.43,111.95,282.89K,-4.30%,,,,,
05-10-2011,117.63,115.4,117.95,113.58,267.71K,1.49%,,,,,
05-09-2011,115.9,110.2,116.52,109.05,326.04K,6.20%,,,,,
05-06-2011,109.13,111.77,114.24,105.15,427.37K,-1.51%,,,,,
05-05-2011,110.8,120.5,121.96,109.02,403.81K,-8.57%,,,,,
05-04-2011,121.19,122.14,123.06,120.49,221.79K,-1.03%,,,,,
05-03-2011,122.45,124.3,125.02,121.75,194.44K,-2.13%,,,,,
05-02-2011,125.12,126.1,126.54,121.67,131.02K,-0.61%,,,,,
04/29/2011,125.89,124.9,126.1,124.25,78.86K,0.70%,,,,,
04/28/2011,125.02,125.3,126.66,124.07,192.58K,-0.09%,,,,,
04/27/2011,125.13,123.9,125.8,123.25,209.51K,0.80%,,,,,
04/26/2011,124.14,123.45,124.4,122.78,143.81K,0.39%,,,,,
04/25/2011,123.66,123.99,124.75,122.71,71.95K,-0.27%,,,,,
04/21/2011,123.99,123.85,124.81,123.2,133.92K,0.11%,,,,,
04/20/2011,123.85,121.22,124.23,121.1,168.57K,2.08%,,,,,
04/19/2011,121.33,121.77,122.29,119.03,228.89K,-0.23%,,,,,
04/18/2011,121.61,123.15,123.66,121,158.61K,-1.49%,,,,,
04/15/2011,123.45,122.4,124.02,121.59,143.88K,0.89%,,,,,
04/14/2011,122.36,123.21,123.4,121.9,28.24K,-0.42%,,,,,
04/13/2011,122.88,120.8,123.26,120.2,118.99K,1.62%,,,,,
04-12-2011,120.92,123.34,125.38,120,207.26K,-2.47%,,,,,
04-11-2011,123.98,126.58,127.02,123,169.92K,-2.11%,,,,,
04-08-2011,126.65,122.45,126.91,122.28,153.92K,3.24%,,,,,
04-07-2011,122.67,122.35,122.89,121.38,155.32K,0.30%,,,,,
04-06-2011,122.3,121.72,123.37,121.36,154.92K,0.07%,,,,,
04-05-2011,122.22,120.81,122.89,119.95,199.75K,0.96%,,,,,
04-04-2011,121.06,119.05,121.29,118.75,172.88K,1.99%,,,,,
04-01-2011,118.7,117.61,119.14,116.75,184.82K,1.14%,,,,,
03/31/2011,117.36,115.3,117.7,115.11,178.84K,1.94%,,,,,
03/30/2011,115.13,115.11,115.7,114.5,123.19K,-0.03%,,,,,
03/29/2011,115.16,114.68,115.64,113.52,155.80K,0.31%,,,,,
03/28/2011,114.8,115.75,116,114.55,138.66K,-0.68%,,,,,
03/25/2011,115.59,115.73,116.13,115.2,114.22K,-0.11%,,,,,
03/24/2011,115.72,115.38,115.92,114.5,165.37K,0.15%,,,,,
03/23/2011,115.55,115.9,116.4,115.07,133.35K,-0.13%,,,,,
03/22/2011,115.7,114.98,116.09,114.15,149.46K,0.64%,,,,,
03/21/2011,114.96,114.75,116.22,114.6,161.34K,0.90%,,,,,
03/18/2011,113.93,115.5,117.29,113.07,235.37K,-0.84%,,,,,
03/17/2011,114.9,110.24,115.5,109.45,184.24K,3.87%,,,,,
03/16/2011,110.62,108.25,111.76,107.35,23.23K,1.94%,,,,,
03/15/2011,108.52,113.82,113.82,107.88,101.15K,-4.53%,,,,,
03/14/2011,113.67,113.6,114.18,111.16,125.65K,-0.15%,,,,,
03-11-2011,113.84,115.01,115.68,112.25,165.97K,-1.38%,,,,,
03-10-2011,115.43,116.12,116.55,113.52,201.42K,-0.44%,,,,,
03-09-2011,115.94,112.95,116.18,112.16,191.32K,2.55%,,,,,
03-08-2011,113.06,114.8,115.29,112.13,227.05K,-1.72%,,,,,
03-07-2011,115.04,116.12,118.5,114.5,205.26K,-0.80%,,,,,
03-04-2011,115.97,114.85,116.49,114.79,167.59K,1.03%,,,,,
03-03-2011,114.79,116.65,116.9,113.09,213.74K,-1.34%,,,,,
03-02-2011,116.35,116.2,117.81,114.53,208.29K,0.81%,,,,,
03-01-2011,115.42,111.9,116.76,111.8,194.43K,3.24%,,,,,
02/28/2011,111.8,112.5,114.5,111.25,172.91K,-0.30%,,,,,
02/25/2011,112.14,111.4,113.91,110.52,178.32K,0.70%,,,,,
02/24/2011,111.36,111.98,119.79,109.6,305.89K,0.10%,,,,,
02/23/2011,111.25,106.1,112.46,105.97,258.62K,5.17%,,,,,
02/22/2011,105.78,107.9,108.57,105.56,248.65K,0.04%,,,,,
02/21/2011,105.74,102.96,108.7,102.93,128.96K,3.14%,,,,,
02/18/2011,102.52,102.97,103.5,100.73,209.58K,-0.07%,,,,,
02/17/2011,102.59,104.16,104.3,102.37,210.88K,-1.15%,,,,,
02/16/2011,103.78,101.75,104.52,101.73,208.42K,2.11%,,,,,
02/15/2011,101.64,103.11,104.04,101.3,184.71K,-1.40%,,,,,
02/14/2011,103.08,101.13,104.3,100.91,191.74K,1.63%,,,,,
02-11-2011,101.43,101.56,102.03,100.43,18.90K,0.56%,,,,,
02-10-2011,100.87,101.95,102.88,100.48,130.45K,-0.93%,,,,,
02-09-2011,101.82,100.34,102.25,100.03,136.43K,1.90%,,,,,
02-08-2011,99.92,99.3,100.42,97.51,202.99K,0.68%,,,,,
02-07-2011,99.25,99.83,100.9,98.77,193.65K,-0.58%,,,,,
02-04-2011,99.83,101.86,102.48,99.48,173.53K,-1.90%,,,,,
02-03-2011,101.76,102.62,103.37,101.41,162.56K,-0.57%,,,,,
02-02-2011,102.34,101.7,102.59,101.29,182.25K,0.59%,,,,,
02-01-2011,101.74,101.01,102.08,100.19,181.78K,0.72%,,,,,
01/31/2011,101.01,99.61,101.73,98.5,197.71K,1.60%,,,,,
01/28/2011,99.42,97.44,99.74,97.14,234.92K,2.08%,,,,,
01/27/2011,97.39,98.15,98.95,97.15,201.58K,-0.53%,,,,,
01/26/2011,97.91,95.39,98.34,95.29,205.11K,2.79%,,,,,
01/25/2011,95.25,96.39,96.68,94.75,229.71K,-1.41%,,,,,
01/24/2011,96.61,97.59,98.17,96.23,193.78K,-1.01%,,,,,
01/21/2011,97.6,96.34,97.86,96.26,161.78K,1.06%,,,,,
01/20/2011,96.58,97.88,98.14,95.43,218.21K,-1.61%,,,,,
01/19/2011,98.16,97.75,98.6,97.55,181.44K,0.37%,,,,,
01/18/2011,97.8,97.4,98.37,96.6,203.40K,0.38%,,,,,
01/17/2011,97.43,98.33,98.75,97.4,85.29K,-1.27%,,,,,
01/14/2011,98.68,98.44,99.2,97.74,20.65K,0.63%,,,,,
01/13/2011,98.06,98.22,98.67,97.3,96.06K,-0.06%,,,,,
01-12-2011,98.12,97.64,98.85,97.28,158.64K,0.52%,,,,,
01-11-2011,97.61,95.63,97.82,95.08,160.42K,2.00%,,,,,
01-10-2011,95.7,93.8,95.88,93.6,165.99K,2.54%,,,,,
01-07-2011,93.33,94.38,94.58,92.59,165.97K,-1.26%,,,,,
01-06-2011,94.52,95.7,96.12,94.01,217.45K,-1.03%,,,,,
01-05-2011,95.5,93.35,95.86,92.37,212.40K,2.11%,,,,,
01-04-2011,93.53,94.92,95.74,92.58,184.63K,-1.38%,,,,,
01-03-2011,94.84,94.75,96.17,94.5,82.67K,0.09%,,,,,
,,,,,,,,,,,
12/31/2010,94.75,92.87,95.2,92.18,71.72K,1.78%,,,,,
12/30/2010,93.09,94.18,94.42,92.34,110.40K,-1.12%,,,,,
12/29/2010,94.14,94.34,94.38,93.62,78.32K,-0.25%,,,,,
12/28/2010,94.38,93.9,94.42,93.66,35.35K,0.56%,,,,,
12/27/2010,93.85,93.76,94.52,93.08,38.03K,0.09%,,,,,
12/24/2010,93.77,94.45,94.74,93.18,23.32K,-0.51%,,,,,
12/23/2010,94.25,93.8,94.54,93.28,96.20K,0.64%,,,,,
12/22/2010,93.65,93.48,93.94,93.25,109.91K,0.48%,,,,,
12/21/2010,93.2,92.7,93.5,92.35,107.66K,0.50%,,,,,
12/20/2010,92.74,91.65,92.9,91.02,106.86K,1.17%,,,,,
12/17/2010,91.67,91.89,92.39,90.9,125.78K,-0.04%,,,,,
12/16/2010,91.71,92.04,92.29,91.66,20.78K,-0.53%,,,,,
12/15/2010,92.2,90.98,92.42,90.34,111.13K,1.09%,,,,,
12/14/2010,91.21,91.05,91.73,90.68,119.10K,0.02%,,,,,
12/13/2010,91.19,90.65,92.3,90.33,128.04K,0.78%,,,,,
12-10-2010,90.48,91.06,91.57,89.86,121.14K,-0.56%,,,,,
12-09-2010,90.99,91.27,91.64,90.27,131.08K,0.24%,,,,,
12-08-2010,90.77,90.85,91.74,90.15,170.41K,-0.68%,,,,,
12-07-2010,91.39,90.97,92.86,90.71,202.01K,-0.07%,,,,,
12-06-2010,91.45,91.46,92.03,90.86,142.25K,0.03%,,,,,
12-03-2010,91.42,90.47,91.85,90.1,195.91K,0.80%,,,,,
12-02-2010,90.69,88.81,90.84,88.41,185.73K,2.05%,,,,,
12-01-2010,88.87,85.71,89.02,85.41,180.27K,3.43%,,,,,
11/30/2010,85.92,87.55,87.55,85.43,172.89K,-1.63%,,,,,
11/29/2010,87.34,85.5,87.55,85.5,176.88K,2.06%,,,,,
11/26/2010,85.58,85.89,85.95,84.75,114.25K,-0.60%,,,,,
11/25/2010,86.1,85.83,86.5,85.4,65.18K,0.30%,,,,,
11/24/2010,85.84,83.3,86.25,83.3,183.97K,3.11%,,,,,
11/23/2010,83.25,83.75,84,82.43,181.85K,-0.85%,,,,,
11/22/2010,83.96,84.34,85.45,83.11,148.05K,-0.45%,,,,,
11/19/2010,84.34,85.2,86.15,83.87,207.66K,-0.83%,,,,,
11/18/2010,85.05,83.5,85.5,83.5,183.98K,2.13%,,,,,
11/17/2010,83.28,84.7,85.06,82.96,215.57K,-1.71%,,,,,
11/16/2010,84.73,86.5,86.71,84.5,198.21K,-2.27%,,,,,
11/15/2010,86.7,86.44,87.37,86.35,28.41K,0.42%,,,,,
11-12-2010,86.34,88.69,88.74,85.76,160.87K,-2.78%,,,,,
11-11-2010,88.81,89.16,89.7,88.62,165.06K,-0.17%,,,,,
11-10-2010,88.96,88.05,89.32,87.73,182.37K,0.71%,,,,,
11-09-2010,88.33,88.01,89.02,87.17,200.88K,-0.15%,,,,,
11-08-2010,88.46,88.3,88.72,87.3,127.02K,0.40%,,,,,
11-05-2010,88.11,88.28,88.8,87.31,130.63K,0.13%,,,,,
11-04-2010,88,86.75,88.29,86.63,150.41K,1.88%,,,,,
11-03-2010,86.38,85.88,86.89,85.24,195.89K,1.14%,,,,,
11-02-2010,85.41,84.62,85.89,84.53,176.79K,0.93%,,,,,
11-01-2010,84.62,83.13,85.54,82.82,212.00K,1.77%,,,,,
10/29/2010,83.15,83.47,83.59,82.21,197.77K,-0.53%,,,,,
10/28/2010,83.59,83.35,83.85,82.97,167.93K,0.43%,,,,,
10/27/2010,83.23,83.59,83.67,81.85,187.59K,-0.51%,,,,,
10/26/2010,83.66,83.3,83.89,82.96,153.05K,0.14%,,,,,
10/25/2010,83.54,83.15,84.2,82.7,199.14K,0.70%,,,,,
10/22/2010,82.96,82.05,83.25,81.83,141.97K,1.38%,,,,,
10/21/2010,81.83,83.69,83.88,81.45,208.82K,-2.12%,,,,,
10/20/2010,83.6,80.92,83.7,80.75,212.20K,3.08%,,,,,
10/19/2010,81.1,84.36,84.45,80.76,245.99K,-3.88%,,,,,
10/18/2010,84.37,83.05,84.5,81.53,182.88K,2.33%,,,,,
10/15/2010,82.45,84.02,84.5,81.95,222.42K,-2.46%,,,,,
10/14/2010,84.53,84.75,85.46,83.84,27.96K,-0.13%,,,,,
10/13/2010,84.64,83.46,84.98,83.46,107.29K,1.37%,,,,,
10-12-2010,83.5,83.41,84,82.48,143.20K,-0.26%,,,,,
10-11-2010,83.72,84.33,84.68,83.3,108.24K,-0.37%,,,,,
10-08-2010,84.03,83.03,84.59,81.86,169.16K,0.72%,,,,,
10-07-2010,83.43,85.3,86.02,82.93,216.16K,-1.92%,,,,,
10-06-2010,85.06,84.78,85.88,84.26,155.27K,0.26%,,,,,
10-05-2010,84.84,83.19,84.93,82.93,153.86K,1.87%,,,,,
10-04-2010,83.28,83.81,84.41,82.9,141.04K,-0.56%,,,,,
10-01-2010,83.75,82.21,83.81,82.21,153.49K,1.75%,,,,,
09/30/2010,82.31,80.79,82.4,80.41,173.95K,1.91%,,,,,
09/29/2010,80.77,78.88,80.93,78.34,187.73K,2.62%,,,,,
09/28/2010,78.71,78.33,79.53,77.74,175.70K,0.18%,,,,,
09/27/2010,78.57,79.01,79.2,77.6,146.39K,-0.38%,,,,,
09/24/2010,78.87,78,79.4,77.69,143.20K,0.97%,,,,,
09/23/2010,78.11,77.93,78.48,76.75,169.29K,0.21%,,,,,
09/22/2010,77.95,78.2,78.84,77.5,157.46K,-0.60%,,,,,
09/21/2010,78.42,79.25,80,78,161.03K,-1.13%,,,,,
09/20/2010,79.32,78.2,79.92,77.63,145.67K,1.42%,,,,,
09/17/2010,78.21,78.46,79.47,77.25,155.05K,-0.34%,,,,,
09/16/2010,78.48,79.13,79.64,77.87,161.82K,-0.54%,,,,,
09/15/2010,78.91,79.12,79.15,78.18,17.66K,-0.32%,,,,,
09/14/2010,79.16,78.93,79.9,78.47,91.97K,0.16%,,,,,
09/13/2010,79.03,78.23,79.41,78.13,113.94K,1.11%,,,,,
09-10-2010,78.16,77.41,78.39,77.05,134.04K,0.89%,,,,,
09-09-2010,77.47,78.33,78.82,77,143.97K,-0.90%,,,,,
09-08-2010,78.17,77.7,78.85,76.78,204.52K,0.55%,,,,,
09-07-2010,77.74,76.99,78.32,75.56,205.67K,1.13%,,,,,
09-06-2010,76.87,76.62,77.18,76.18,62.90K,0.26%,,,,,
09-03-2010,76.67,76.71,77.46,75.33,164.46K,-0.34%,,,,,
09-02-2010,76.93,76.18,77.14,75.21,167.83K,0.76%,,,,,
09-01-2010,76.35,74.46,76.76,74.42,159.77K,2.29%,,,,,
08/31/2010,74.64,76.1,76.8,74.24,192.77K,-2.56%,,,,,
08/30/2010,76.6,76.65,77.05,75.91,74.83K,-0.07%,,,,,
08/27/2010,76.65,74.81,76.93,74.39,188.04K,2.17%,,,,,
08/26/2010,75.02,73.73,75.55,73.38,181.36K,2.10%,,,,,
08/25/2010,73.48,72.33,73.9,71.75,189.41K,1.52%,,,,,
08/24/2010,72.38,73.31,73.66,72.1,191.92K,-1.68%,,,,,
08/23/2010,73.62,74.46,74.9,73.25,132.87K,-0.86%,,,,,
08/20/2010,74.26,75.3,75.77,74,120.71K,-1.38%,,,,,
08/19/2010,75.3,76.3,77.17,75,146.84K,-1.53%,,,,,
08/18/2010,76.47,76.77,76.86,75.3,173.57K,-0.60%,,,,,
08/17/2010,76.93,75.31,77.69,75.31,167.82K,2.78%,,,,,
08/16/2010,74.85,75.12,75.75,74.53,22.08K,-0.35%,,,,,
08/13/2010,75.11,75.68,76.43,74.67,123.24K,-0.54%,,,,,
08-12-2010,75.52,77.1,77.56,75.25,170.68K,-2.73%,,,,,
08-11-2010,77.64,79.49,79.62,76.92,142.00K,-2.46%,,,,,
08-10-2010,79.6,81,81.13,78.5,181.38K,-1.72%,,,,,
08-09-2010,80.99,80.49,81.38,80.26,105.32K,1.04%,,,,,
08-06-2010,80.16,81.61,82.17,79.56,145.82K,-1.78%,,,,,
08-05-2010,81.61,82.2,82.28,81.05,119.31K,-0.72%,,,,,
08-04-2010,82.2,82.52,82.86,81.6,163.17K,-0.58%,,,,,
08-03-2010,82.68,81.05,82.8,80.64,197.73K,2.30%,,,,,
08-02-2010,80.82,78.11,81.2,78.1,152.06K,3.38%,,,,,
07/30/2010,78.18,77.42,78.31,76.2,156.38K,0.76%,,,,,
07/29/2010,77.59,75.98,78.16,75.6,209.06K,2.01%,,,,,
07/28/2010,76.06,75.86,76.4,74.8,159.86K,-0.09%,,,,,
07/27/2010,76.13,77.45,78.25,75.48,167.48K,-1.77%,,,,,
07/26/2010,77.5,77.45,77.91,76.54,98.28K,0.06%,,,,,
07/23/2010,77.45,77.66,78.1,76.92,119.51K,-0.48%,,,,,
07/22/2010,77.82,75.44,77.92,74.91,167.71K,3.25%,,,,,
07/21/2010,75.37,76.33,77.2,75.06,150.60K,-1.12%,,,,,
07/20/2010,76.22,75.8,76.5,74.75,150.78K,0.79%,,,,,
07/19/2010,75.62,75.13,77.2,74.77,146.29K,0.33%,,,,,
07/16/2010,75.37,76.38,76.48,74.64,124.97K,-1.08%,,,,,
07/15/2010,76.19,76.24,77.4,75.28,13.60K,-0.76%,,,,,
07/14/2010,76.77,76.96,77.79,76.05,70.92K,0.16%,,,,,
07/13/2010,76.65,74.49,76.98,73.67,124.02K,3.07%,,,,,
07-12-2010,74.37,75.19,75.72,73.85,109.33K,-1.39%,,,,,
07-09-2010,75.42,75.08,75.86,74.41,123.29K,0.95%,,,,,
07-08-2010,74.71,74.2,75.25,73.71,147.17K,1.63%,,,,,
07-07-2010,73.51,71.61,74.32,70.88,148.10K,2.88%,,,,,
07-06-2010,71.45,71.47,73.28,70.77,134.11K,-0.03%,,,,,
07-05-2010,71.47,71.56,72.28,71.06,46.92K,-0.25%,,,,,
07-02-2010,71.65,71.75,72.83,71.21,136.17K,-0.95%,,,,,
07-01-2010,72.34,74.65,74.65,71.5,211.21K,-3.56%,,,,,
06/30/2010,75.01,74.9,76.25,74.02,207.09K,-0.57%,,,,,
06/29/2010,75.44,77.75,77.75,74.82,168.85K,-2.77%,,,,,
06/28/2010,77.59,78.14,78.66,77.06,114.96K,-0.68%,,,,,
06/25/2010,78.12,76.42,78.5,75.72,158.18K,2.16%,,,,,
06/24/2010,76.47,76.03,76.7,75.4,146.53K,0.26%,,,,,
06/23/2010,76.27,77.99,78.18,75.54,164.56K,-2.27%,,,,,
06/22/2010,78.04,78.76,79.12,77.56,123.00K,-0.99%,,,,,
06/21/2010,78.82,78.49,79.86,77.73,149.05K,0.77%,,,,,
06/18/2010,78.22,78.46,78.86,77.25,119.76K,-0.58%,,,,,
06/17/2010,78.68,78.1,79.1,77.64,179.20K,0.69%,,,,,
06/16/2010,78.14,77.19,78.56,76.6,162.55K,2.55%,,,,,
06/15/2010,76.2,75.11,76.34,74.79,24.51K,1.33%,,,,,
06/14/2010,75.2,74.51,76.33,74.44,183.18K,1.14%,,,,,
06-11-2010,74.35,75.38,75.72,73.6,154.98K,-1.25%,,,,,
06-10-2010,75.29,73.92,75.88,73.68,160.43K,1.37%,,,,,
06-09-2010,74.27,72.5,74.75,72.01,142.45K,2.72%,,,,,
06-08-2010,72.3,71.51,72.7,71.26,154.49K,0.25%,,,,,
06-07-2010,72.12,71.55,72.95,70.5,140.83K,0.04%,,,,,
06-04-2010,72.09,75.25,76.55,71.48,177.34K,-4.40%,,,,,
06-03-2010,75.41,74.5,75.58,73.79,171.23K,2.25%,,,,,
06-02-2010,73.75,72.32,74.63,71.97,176.17K,1.43%,,,,,
06-01-2010,72.71,74.82,75.39,71.51,203.03K,-2.60%,,,,,
05/31/2010,74.65,74.02,74.72,74.02,14.78K,0.85%,,,,,
05/28/2010,74.02,74.7,75.74,73.28,142.58K,-0.86%,,,,,
05/27/2010,74.66,71.14,74.95,71.08,169.29K,4.07%,,,,,
05/26/2010,71.74,70.55,72.08,69.69,168.44K,3.15%,,,,,
05/25/2010,69.55,70.92,70.95,68.15,192.34K,-2.28%,,,,,
05/24/2010,71.17,71.8,72.26,70.89,137.70K,-0.71%,,,,,
05/21/2010,71.68,70.83,72.8,70.56,183.16K,-0.22%,,,,,
05/20/2010,71.84,73.75,74.23,70.2,243.99K,-2.51%,,,,,
05/19/2010,73.69,74.05,74.5,72.72,224.49K,-0.99%,,,,,
05/18/2010,74.43,75.77,76.6,74.01,216.55K,-0.89%,,,,,
05/17/2010,75.1,78.05,78.47,74.75,200.85K,-2.70%,,,,,
05/14/2010,77.18,79.73,80,76.8,27.81K,-3.66%,,,,,
05/13/2010,80.11,81.18,81.68,79.7,120.46K,-1.34%,,,,,
05-12-2010,81.2,80.2,81.72,79.93,120.96K,0.88%,,,,,
05-11-2010,80.49,80.22,81,78.91,153.99K,0.46%,,,,,
05-10-2010,80.12,78.9,81.76,78.89,173.96K,2.36%,,,,,
05-07-2010,78.27,79.87,80.65,77.58,230.38K,-1.95%,,,,,
05-06-2010,79.83,82.65,82.98,77.51,231.81K,-3.37%,,,,,
05-05-2010,82.61,85.2,85.95,82.13,224.32K,-3.57%,,,,,
05-04-2010,85.67,88.76,89.05,85.16,194.51K,-3.68%,,,,,
05-03-2010,88.94,87.44,89.58,87.16,94.35K,1.72%,,,,,
04/30/2010,87.44,87.09,87.72,86.75,162.74K,0.62%,,,,,
04/29/2010,86.9,86.24,87.66,85.88,157.01K,0.86%,,,,,
04/28/2010,86.16,85.29,86.3,84.88,187.87K,0.44%,,,,,
04/27/2010,85.78,86.83,87.15,85.2,189.60K,-1.21%,,,,,
04/26/2010,86.83,87.27,87.75,86.46,125.03K,-0.48%,,,,,
04/23/2010,87.25,85.5,87.33,85.21,150.14K,1.84%,,,,,
04/22/2010,85.67,85.68,86.3,84.15,220.27K,-0.04%,,,,,
04/21/2010,85.7,85.17,86.16,84.59,207.89K,1.06%,,,,,
04/20/2010,84.8,84.51,85.5,84.48,164.02K,0.68%,,,,,
04/19/2010,84.23,85.74,85.74,83.25,200.19K,-2.05%,,,,,
04/16/2010,85.99,87.48,87.57,85.12,200.56K,-1.35%,,,,,
04/15/2010,87.17,86.28,87.58,86.1,18.90K,1.18%,,,,,
04/14/2010,86.15,84.68,86.64,84.49,101.21K,1.69%,,,,,
04/13/2010,84.72,84.66,85,83.51,121.59K,-0.06%,,,,,
04-12-2010,84.77,84.87,85.74,84.48,139.42K,-0.07%,,,,,
04-09-2010,84.83,85.18,85.94,83.95,154.82K,0.02%,,,,,
04-08-2010,84.81,85.35,85.55,84.2,157.32K,-0.91%,,,,,
04-07-2010,85.59,85.97,86.47,85.16,152.66K,-0.65%,,,,,
04-06-2010,86.15,85.9,86.63,85.35,119.37K,0.31%,,,,,
04-05-2010,85.88,84.47,86.09,84.05,61.25K,2.23%,,,,,
04-01-2010,84.01,82.44,84.5,82.22,132.42K,1.58%,,,,,
03/31/2010,82.7,81.14,82.82,81.1,152.05K,1.75%,,,,,
03/30/2010,81.28,81.32,81.78,80.71,139.99K,0.14%,,,,,
03/29/2010,81.17,79.48,81.9,79.48,137.93K,2.37%,,,,,
03/26/2010,79.29,79.36,80.68,78.77,159.17K,-0.40%,,,,,
03/25/2010,79.61,79.43,80.46,79.2,167.68K,-0.01%,,,,,
03/24/2010,79.62,80.37,80.37,78.9,174.44K,-1.34%,,,,,
03/23/2010,80.7,80.74,81.17,79.85,147.44K,0.20%,,,,,
03/22/2010,80.54,79.61,80.8,78,159.63K,0.83%,,,,,
03/19/2010,79.88,81.42,81.42,79.2,170.94K,-1.96%,,,,,
03/18/2010,81.48,81.9,81.9,80.9,142.55K,-0.59%,,,,,
03/17/2010,81.96,80.92,82.08,80.53,160.97K,3.72%,,,,,
03/16/2010,79.02,77.6,79.86,77.25,17.22K,1.45%,,,,,
03/15/2010,77.89,79.09,79.53,77.27,77.79K,-1.89%,,,,,
03-12-2010,79.39,80.41,81.29,78.7,111.58K,-1.11%,,,,,
03-11-2010,80.28,80.25,80.67,79.65,137.06K,-0.25%,,,,,
03-10-2010,80.48,79.7,81.46,79.22,179.45K,0.71%,,,,,
03-09-2010,79.91,80.26,80.4,78.7,130.85K,-0.70%,,,,,
03-08-2010,80.47,80.21,80.92,79.45,143.12K,0.73%,,,,,
03-05-2010,79.89,78.93,80.53,78.8,153.68K,1.72%,,,,,
03-04-2010,78.54,79.32,79.42,78.15,186.73K,-0.90%,,,,,
03-03-2010,79.25,78.27,79.58,77.88,174.63K,1.37%,,,,,
03-02-2010,78.18,77.05,79.25,76.55,217.31K,1.68%,,,,,
03-01-2010,76.89,77.69,78.47,76.21,136.79K,-0.90%,,,,,
02/26/2010,77.59,76.45,77.99,75.91,145.25K,1.70%,,,,,
02/25/2010,76.29,77.74,78.42,75.29,174.40K,-2.31%,,,,,
02/24/2010,78.09,77.35,78.5,76.63,153.14K,1.09%,,,,,
02/23/2010,77.25,78.4,78.64,76.57,179.35K,-1.73%,,,,,
02/22/2010,78.61,78.44,78.94,77.85,142.73K,0.54%,,,,,
02/19/2010,78.19,76.99,78.45,76.45,165.17K,0.53%,,,,,
02/18/2010,77.78,75.85,78,75.27,186.46K,1.98%,,,,,
02/17/2010,76.27,75.75,76.48,75.4,178.80K,0.78%,,,,,
02/16/2010,75.68,72.62,76,72.55,149.99K,4.37%,,,,,
02/15/2010,72.51,73.12,73.15,72.29,48.13K,-0.53%,,,,,
02-12-2010,72.9,73.91,74,71.65,160.82K,-0.21%,,,,,
02-11-2010,73.05,72.8,73.58,72.02,21.16K,0.70%,,,,,
02-10-2010,72.54,71.89,73,70.83,141.05K,0.57%,,,,,
02-09-2010,72.13,69.63,72.47,69.61,178.41K,2.88%,,,,,
02-08-2010,70.11,70.36,70.82,69.21,160.46K,0.75%,,,,,
02-05-2010,69.59,72.13,72.52,67.87,282.11K,-3.52%,,,,,
02-04-2010,72.13,75.9,75.95,71.43,248.42K,-4.99%,,,,,
02-03-2010,75.92,75.8,76.99,75.46,229.63K,-0.18%,,,,,
02-02-2010,76.06,73.6,76.17,73,191.91K,4.04%,,,,,
02-01-2010,73.11,71.35,73.65,71.13,150.86K,2.31%,,,,,
01/29/2010,71.46,72.2,73.28,71.02,151.21K,-0.93%,,,,,
01/28/2010,72.13,72.36,73.11,71.51,159.04K,-0.15%,,,,,
01/27/2010,72.24,73.2,73.62,71.28,173.12K,-1.43%,,,,,
01/26/2010,73.29,73.69,73.7,72.45,143.56K,-0.54%,,,,,
01/25/2010,73.69,72.46,73.8,72.46,144.13K,1.18%,,,,,
01/22/2010,72.83,74.4,75.15,72.17,181.08K,-2.35%,,,,,
01/21/2010,74.58,76.06,76.82,74.23,176.44K,-2.28%,,,,,
01/20/2010,76.32,77.5,77.56,75.7,152.77K,-1.69%,,,,,
01/19/2010,77.63,77.23,77.85,75.37,202.06K,0.69%,,,,,
01/18/2010,77.1,76.91,77.59,76.39,67.29K,-0.01%,,,,,
01/15/2010,77.11,78.35,78.35,76.81,144.80K,-0.91%,,,,,
01/14/2010,77.82,78.55,78.98,77.49,22.48K,-0.63%,,,,,
01/13/2010,78.31,78.49,79.09,77.04,105.59K,-1.25%,,,,,
01-12-2010,79.3,80.55,80.86,78.49,149.36K,-2.06%,,,,,
01-11-2010,80.97,81.53,82.45,80.41,137.69K,-0.49%,,,,,
01-08-2010,81.37,81.51,82.05,80.59,157.49K,-0.17%,,,,,
01-07-2010,81.51,82,82.05,81.05,131.28K,-0.46%,,,,,
01-06-2010,81.89,80.38,82.21,79.77,157.87K,1.61%,,,,,
01-05-2010,80.59,80.29,80.84,79.75,131.75K,0.59%,,,,,
01-04-2010,80.12,78.49,80.48,78.34,122.64K,2.81%,,,,,
12/31/2009,77.93,78.65,78.94,77.77,56.43K,-0.13%,,,,,
12/30/2009,78.03,77.53,78.65,77.51,75.65K,0.50%,,,,,
12/29/2009,77.64,77.42,78.03,76.8,68.50K,0.41%,,,,,
12/28/2009,77.32,76.3,77.42,76.2,45.92K,1.32%,,,,,
12/24/2009,76.31,75.53,76.5,74.71,61.26K,1.14%,,,,,
12/23/2009,75.45,73.61,75.66,73.24,113.26K,2.71%,,,,,
12/22/2009,73.46,72.99,74,71.97,102.34K,0.64%,,,,,
12/21/2009,72.99,73.62,74.64,72.48,83.85K,-1.03%,,,,,
12/18/2009,73.75,73.2,74.84,72.76,156.21K,0.52%,,,,,
12/17/2009,73.37,74.78,74.78,72.35,134.13K,-0.24%,,,,,
12/16/2009,73.55,72.29,73.86,72.03,19.33K,2.08%,,,,,
12/15/2009,72.05,72.04,72.81,71.57,81.09K,0.22%,,,,,
12/14/2009,71.89,71.47,72.37,71.16,90.67K,0.01%,,,,,
12-11-2009,71.88,71.85,72.6,71.02,109.28K,0.03%,,,,,
12-10-2009,71.86,72.75,73.26,71.15,130.72K,-0.73%,,,,,
12-09-2009,72.39,75.47,76.19,72,216.40K,-3.72%,,,,,
12-08-2009,75.19,76.78,77.02,75.08,142.07K,-1.62%,,,,,
12-07-2009,76.43,77.83,78.25,76.28,144.24K,-1.41%,,,,,
12-04-2009,77.52,77.59,79.8,76.94,177.56K,-1.07%,,,,,
12-03-2009,78.36,78.09,78.95,77.41,151.56K,0.62%,,,,,
12-02-2009,77.88,79.34,79.67,77.48,150.41K,-1.85%,,,,,
12-01-2009,79.35,78.42,79.91,78.25,147.91K,1.12%,,,,,
11/30/2009,78.47,77.46,79.3,76.4,164.00K,1.67%,,,,,
11/27/2009,77.18,77.18,77.37,73.7,159.39K,0.25%,,,,,
11/26/2009,76.99,78.31,78.31,76.95,63.36K,-1.85%,,,,,
11/25/2009,78.44,76.6,78.63,76.31,164.22K,2.59%,,,,,
11/24/2009,76.46,77.46,77.84,76.01,190.78K,-1.29%,,,,,
11/23/2009,77.46,77.55,79.58,77.12,151.34K,0.34%,,,,,
11/20/2009,77.2,77.93,78.15,76.5,130.14K,-0.57%,,,,,
11/19/2009,77.64,79.4,79.79,77.2,154.69K,-2.30%,,,,,
11/18/2009,79.47,79.45,80.14,78.67,141.24K,0.63%,,,,,
11/17/2009,78.97,78.8,79.56,78.02,125.36K,0.27%,,,,,
11/16/2009,78.76,76.79,79.27,76.57,142.38K,4.25%,,,,,
11/13/2009,75.55,75.73,76.92,75.03,16.46K,-0.62%,,,,,
11-12-2009,76.02,77.95,78.26,75.63,133.14K,-2.48%,,,,,
11-11-2009,77.95,77.7,78.62,77.07,131.12K,0.58%,,,,,
11-10-2009,77.5,77.5,78.92,76.36,144.84K,-0.35%,,,,,
11-09-2009,77.77,76.26,78.52,76.26,133.92K,2.50%,,,,,
11-06-2009,75.87,78.29,78.81,75.25,174.37K,-2.72%,,,,,
11-05-2009,77.99,78.31,78.95,77.8,132.48K,-1.14%,,,,,
11-04-2009,78.89,77.79,79.45,77.67,148.88K,1.00%,,,,,
11-03-2009,78.11,76.55,78.32,75.08,165.68K,2.04%,,,,,
11-02-2009,76.55,75.24,77.08,74.98,153.81K,1.80%,,,,,
10/30/2009,75.2,78.19,78.23,75.09,162.91K,-3.64%,,,,,
10/29/2009,78.04,75.72,78.63,75.57,159.44K,2.87%,,,,,
10/28/2009,75.86,78,78.1,75.62,150.38K,-2.64%,,,,,
10/27/2009,77.92,77.23,78.45,76.42,166.28K,0.85%,,,,,
10/26/2009,77.26,78.49,80.1,76.62,146.75K,-2.10%,,,,,
10/23/2009,78.92,79.73,80.15,78.05,131.05K,-0.74%,,,,,
10/22/2009,79.51,79.41,79.93,78.3,130.33K,-0.23%,,,,,
10/21/2009,79.69,76.92,80.26,76.04,179.34K,3.17%,,,,,
10/20/2009,77.24,77.72,78.18,76.45,144.63K,-0.68%,,,,,
10/19/2009,77.77,77.09,77.87,76.51,118.85K,1.01%,,,,,
10/16/2009,76.99,76.6,77.22,75.39,128.57K,3.41%,,,,,
10/15/2009,74.45,73.4,74.65,72.84,15.07K,1.85%,,,,,
10/14/2009,73.1,72.75,73.45,72.32,102.06K,0.97%,,,,,
10/13/2009,72.4,71.13,72.83,70.84,119.86K,1.46%,,,,,
10-12-2009,71.36,70.29,72.02,70.29,112.41K,1.94%,,,,,
10-09-2009,70,69.35,70.56,68.85,127.86K,0.33%,,,,,
10-08-2009,69.77,67.4,70.49,67.07,166.60K,3.82%,,,,,
10-07-2009,67.2,69.12,69.45,66.65,141.29K,-1.98%,,,,,
10-06-2009,68.56,68.11,69.74,67.66,122.94K,0.76%,,,,,
10-05-2009,68.04,67.45,68.69,65.9,130.13K,-0.04%,,,,,
10-02-2009,68.07,68.65,68.74,66.74,127.70K,-1.62%,,,,,
10-01-2009,69.19,68.92,69.79,67.61,151.68K,0.17%,,,,,
09/30/2009,69.07,65.35,69.34,65,174.47K,5.47%,,,,,
09/29/2009,65.49,65.93,66,64.66,111.26K,-0.08%,,,,,
09/28/2009,65.54,65.42,66.29,64.49,98.63K,0.66%,,,,,
09/25/2009,65.11,64.81,65.85,64.08,132.66K,0.45%,,,,,
09/24/2009,64.82,67.56,67.98,64.58,195.59K,-4.66%,,,,,
09/23/2009,67.99,70.39,70.48,67.3,161.41K,-3.60%,,,,,
09/22/2009,70.53,68.84,70.75,68.82,108.24K,2.68%,,,,,
09/21/2009,68.69,71.17,71.45,68.07,140.56K,-3.69%,,,,,
09/18/2009,71.32,71.53,71.79,70.51,102.66K,-0.32%,,,,,
09/17/2009,71.55,71.63,72.2,70.92,130.08K,-0.17%,,,,,
09/16/2009,71.67,69.56,71.72,69.01,143.59K,6.41%,,,,,
09/15/2009,67.35,67.55,67.93,66.68,20.73K,-0.13%,,,,,
09/14/2009,67.44,67.68,68,66.66,100.68K,-0.37%,,,,,
09-11-2009,67.69,69.95,70.77,67.05,132.60K,-3.11%,,,,,
09-10-2009,69.86,70.06,70.7,69.11,133.77K,0.04%,,,,,
09-09-2009,69.83,69.45,70.88,69.09,140.77K,0.59%,,,,,
09-08-2009,69.42,66.79,70.1,66.79,150.72K,4.34%,,,,,
09-07-2009,66.53,66.69,68.05,66.38,46.68K,-0.43%,,,,,
09-04-2009,66.82,67.4,67.67,65.96,120.76K,-0.45%,,,,,
09-03-2009,67.12,67.51,68.7,66.95,124.38K,-0.80%,,,,,
09-02-2009,67.66,67.99,68.55,66.76,133.66K,-0.10%,,,,,
09-01-2009,67.73,69.65,71.05,67.61,150.67K,-2.76%,,,,,
08/31/2009,69.65,72.79,72.95,68.85,98.85K,-4.31%,,,,,
08/28/2009,72.79,72.96,73.35,71.9,118.04K,0.39%,,,,,
08/27/2009,72.51,71.55,72.94,70.42,129.52K,1.20%,,,,,
08/26/2009,71.65,71.28,72.48,70.6,131.46K,-0.24%,,,,,
08/25/2009,71.82,73.95,74.23,71.04,132.86K,-3.29%,,,,,
08/24/2009,74.26,74.21,74.75,73.82,87.63K,0.09%,,,,,
08/21/2009,74.19,73.55,74.97,72.65,96.71K,1.17%,,,,,
08/20/2009,73.33,74.74,74.78,73.1,96.09K,-1.69%,,,,,
08/19/2009,74.59,73.13,74.9,71.17,154.56K,3.07%,,,,,
08/18/2009,72.37,70.61,73.2,69.46,123.65K,2.59%,,,,,
08/17/2009,70.54,71.35,71.44,69.21,109.86K,-2.58%,,,,,
08/14/2009,72.41,74.28,74.47,71.86,9.76K,-1.46%,,,,,
08/13/2009,73.48,73.24,74.72,72.96,63.69K,0.81%,,,,,
08-12-2009,72.89,72.49,73.52,71.68,78.30K,0.59%,,,,,
08-11-2009,72.46,73.5,74.19,71.91,86.31K,-1.41%,,,,,
08-10-2009,73.5,73.23,74.26,73.04,77.50K,-0.12%,,,,,
08-07-2009,73.59,74.69,75.55,73.13,103.29K,-1.66%,,,,,
08-06-2009,74.83,75.18,76,74,126.86K,-0.90%,,,,,
08-05-2009,75.51,74.65,75.62,73.2,117.95K,1.66%,,,,,
08-04-2009,74.28,73.31,74.89,72.24,93.96K,0.99%,,,,,
08-03-2009,73.55,71.98,73.95,71.5,112.16K,2.58%,,,,,
07/31/2009,71.7,69.79,72.12,68.06,146.25K,2.27%,,,,,
07/30/2009,70.11,66.37,70.37,66.36,131.17K,5.38%,,,,,
07/29/2009,66.53,69.42,69.89,66.14,152.82K,-4.79%,,,,,
07/28/2009,69.88,70.57,71.36,69.07,118.35K,-1.31%,,,,,
07/27/2009,70.81,70.06,71.28,69.96,108.50K,0.70%,,,,,
07/24/2009,70.32,68.78,70.46,68.69,88.10K,1.55%,,,,,
07/23/2009,69.25,66.87,69.78,66.7,139.82K,3.04%,,,,,
07/22/2009,67.21,66.37,67.48,65.5,117.20K,0.51%,,,,,
07/21/2009,66.87,66.63,67.92,65.69,108.42K,0.65%,,,,,
07/20/2009,66.44,65.03,66.76,65.03,105.90K,1.62%,,,,,
07/17/2009,65.38,63.8,65.93,62.81,121.08K,4.19%,,,,,
07/16/2009,62.75,63.23,63.3,61.99,8.45K,-0.54%,,,,,
07/15/2009,63.09,61.35,63.83,61.33,51.88K,3.66%,,,,,
07/14/2009,60.86,61.09,62.26,60.48,73.72K,0.28%,,,,,
07/13/2009,60.69,60.66,61.59,59.49,90.25K,0.28%,,,,,
07-10-2009,60.52,61.43,61.44,59.53,83.35K,-0.95%,,,,,
07-09-2009,61.1,60.9,62.17,59.76,111.45K,1.11%,,,,,
07-08-2009,60.43,62.5,63.13,60.3,155.15K,-4.43%,,,,,
07-07-2009,63.23,64.36,64.89,62.59,135.05K,-1.28%,,,,,
07-06-2009,64.05,65.2,65.46,63.26,109.85K,-2.38%,,,,,
07-03-2009,65.61,66.25,67.13,65.25,47.66K,-1.56%,,,,,
07-02-2009,66.65,68.9,69.19,66.21,137.41K,-3.11%,,,,,
07-01-2009,68.79,69.9,71.32,68.08,146.08K,-0.74%,,,,,
06/30/2009,69.3,71.3,73.5,68.4,166.26K,-2.38%,,,,,
06/29/2009,70.99,68.95,71.42,68.1,102.02K,3.00%,,,,,
06/26/2009,68.92,70,70.81,68.5,105.71K,-1.23%,,,,,
06/25/2009,69.78,68.11,70.51,68.05,128.02K,2.12%,,,,,
06/24/2009,68.33,68.41,69.31,67.58,121.48K,-0.68%,,,,,
06/23/2009,68.8,66.89,69.25,65.9,137.45K,2.72%,,,,,
06/22/2009,66.98,69.47,69.62,66.12,139.24K,-3.19%,,,,,
06/19/2009,69.19,71.37,71.96,68.63,102.73K,-2.63%,,,,,
06/18/2009,71.06,70.99,71.49,69.8,104.85K,0.30%,,,,,
06/17/2009,70.85,70,71.12,69.02,111.36K,0.87%,,,,,
06/16/2009,70.24,69.89,72.4,69.55,108.24K,1.15%,,,,,
06/15/2009,69.44,70.93,70.93,68.56,22.93K,-2.09%,,,,,
06-12-2009,70.92,71.64,71.64,69.99,74.56K,-1.21%,,,,,
06-11-2009,71.79,70.87,72.27,70.63,93.93K,1.40%,,,,,
06-10-2009,70.8,70,71.2,69.92,95.63K,1.69%,,,,,
06-09-2009,69.62,68.66,70.06,68.24,100.86K,2.56%,,,,,
06-08-2009,67.88,67.79,68.79,66.88,101.28K,-0.67%,,,,,
06-05-2009,68.34,68.66,69.91,67.35,109.83K,-0.54%,,,,,
06-04-2009,68.71,65.94,69.5,65.84,119.55K,4.30%,,,,,
06-03-2009,65.88,67.75,68.65,64.91,132.92K,-3.36%,,,,,
06-02-2009,68.17,67.44,68.55,67.05,113.24K,0.29%,,,,,
06-01-2009,67.97,65.77,68.03,65.49,100.75K,3.74%,,,,,
05/29/2009,65.52,64.02,65.8,63.96,105.96K,1.75%,,,,,
05/28/2009,64.39,61.86,64.68,61.78,110.87K,3.02%,,,,,
05/27/2009,62.5,61.43,62.75,60.99,102.96K,2.06%,,,,,
05/26/2009,61.24,60.03,61.35,58.41,109.11K,1.71%,,,,,
05/25/2009,60.21,61,61.16,59.85,12.30K,-0.94%,,,,,
05/22/2009,60.78,60.12,60.94,59.61,75.69K,1.42%,,,,,
05/21/2009,59.93,60.37,60.68,58.83,97.16K,-1.09%,,,,,
05/20/2009,60.59,58.9,60.8,58.76,111.01K,2.83%,,,,,
05/19/2009,58.92,58.5,59.65,57.69,121.96K,0.77%,,,,,
05/18/2009,58.47,56.17,58.86,55.91,110.78K,4.45%,,,,,
05/15/2009,55.98,58.45,58.91,55.85,113.75K,-1.25%,,,,,
05/14/2009,56.69,57.21,57.28,56,19.36K,-1.13%,,,,,
05/13/2009,57.34,58.36,59.05,56.88,73.00K,-1.04%,,,,,
05-12-2009,57.94,57.3,58.91,56.87,107.74K,0.80%,,,,,
05-11-2009,57.48,57.8,58.09,56.31,100.99K,-1.14%,,,,,
05-08-2009,58.14,56.64,58.5,56.64,88.85K,2.96%,,,,,
05-07-2009,56.47,56.3,58.22,55.43,124.38K,0.57%,,,,,
05-06-2009,56.15,54.38,56.3,53.86,117.95K,3.75%,,,,,
05-05-2009,54.12,54.62,54.91,53.64,96.87K,-0.84%,,,,,
05-04-2009,54.58,52.6,54.78,52.36,56.19K,3.27%,,,,,
05-01-2009,52.85,50.7,53.05,49.96,95.99K,4.04%,,,,,
04/30/2009,50.8,51.17,51.39,50,118.44K,0.04%,,,,,
04/29/2009,50.78,49.57,51.28,49.25,113.51K,1.58%,,,,,
04/28/2009,49.99,50.08,50.42,48.88,85.77K,-0.66%,,,,,
04/27/2009,50.32,51.04,51.19,48.4,129.74K,-2.61%,,,,,
04/24/2009,51.67,50.13,52.09,49.5,108.07K,3.11%,,,,,
04/23/2009,50.11,49.32,50.51,49.25,92.64K,0.60%,,,,,
04/22/2009,49.81,49.82,50.32,48.85,111.41K,-0.02%,,,,,
04/21/2009,49.82,49.86,50.63,48.31,111.49K,-0.08%,,,,,
04/20/2009,49.86,53.06,53.06,49.6,124.20K,-6.54%,,,,,
04/17/2009,53.35,53.05,53.97,52.63,82.58K,0.55%,,,,,
04/16/2009,53.06,53.25,53.91,52.53,100.24K,2.45%,,,,,
04/15/2009,51.79,51.86,52.87,51.35,14.72K,-0.33%,,,,,
04/14/2009,51.96,52.25,53.56,51.21,64.86K,-0.35%,,,,,
04/13/2009,52.14,53.98,54.12,50.9,29.33K,-3.55%,,,,,
04-09-2009,54.06,52.05,54.27,51.85,79.25K,4.79%,,,,,
04-08-2009,51.59,50.56,53.59,49.8,126.63K,0.72%,,,,,
04-07-2009,51.22,52.44,53.18,50.65,98.28K,-1.95%,,,,,
04-06-2009,52.24,53.5,54.31,51.15,108.00K,-2.30%,,,,,
04-03-2009,53.47,52.34,54.26,51.48,95.95K,1.36%,,,,,
04-02-2009,52.75,48.59,53.06,48.59,129.67K,8.90%,,,,,
04-01-2009,48.44,48.37,48.7,47.26,118.27K,-1.60%,,,,,
03/31/2009,49.23,48.5,49.81,47.47,112.92K,2.58%,,,,,
03/30/2009,47.99,51.5,51.6,47.66,127.39K,-7.68%,,,,,
03/27/2009,51.98,53.31,53.44,51.17,85.10K,-2.77%,,,,,
03/26/2009,53.46,52.39,53.8,52.3,87.88K,3.30%,,,,,
03/25/2009,51.75,53.04,53.48,51.17,110.51K,-3.27%,,,,,
03/24/2009,53.5,53.23,53.61,52.42,87.13K,0.06%,,,,,
03/23/2009,53.47,51.3,53.86,51.1,103.66K,4.39%,,,,,
03/20/2009,51.22,50.38,51.7,49.74,84.98K,1.09%,,,,,
03/19/2009,50.67,48.21,51.64,48.16,113.96K,6.32%,,,,,
03/18/2009,47.66,47.4,48.94,46.05,114.23K,-1.20%,,,,,
03/17/2009,48.24,45.9,48.65,45.22,108.60K,9.69%,,,,,
03/16/2009,43.98,44.25,44.57,42.59,13.50K,-2.11%,,,,,
03/13/2009,44.93,44.8,46.36,44.13,91.94K,-0.35%,,,,,
03-12-2009,45.09,41.83,45.48,41.48,74.01K,8.91%,,,,,
03-11-2009,41.4,43.81,44.44,41.3,89.25K,-5.82%,,,,,
03-10-2009,43.96,44.4,45.77,43.61,93.91K,-0.39%,,,,,
03-09-2009,44.13,45.42,45.74,43.07,130.05K,-1.61%,,,,,
03-06-2009,44.85,44.28,45.24,43.06,100.86K,2.77%,,,,,
03-05-2009,43.64,46.28,46.42,42.85,114.03K,-5.38%,,,,,
03-04-2009,46.12,43.3,46.54,43.1,113.65K,5.54%,,,,,
03-03-2009,43.7,42.16,44.1,41.6,101.14K,3.53%,,,,,
03-02-2009,42.21,45.56,45.65,41.9,116.67K,-8.93%,,,,,
02/27/2009,46.35,46.29,46.48,44.52,108.40K,-0.34%,,,,,
02/26/2009,46.51,44.4,46.63,44.15,112.67K,5.01%,,,,,
02/25/2009,44.29,42.35,44.5,41.85,126.55K,4.21%,,,,,
02/24/2009,42.5,40.63,42.6,40.43,115.31K,3.68%,,,,,
02/23/2009,40.99,41.66,43.45,40.3,110.19K,-2.15%,,,,,
02/20/2009,41.89,41.41,42.1,39.78,104.74K,-0.24%,,,,,
02/19/2009,41.99,39.91,42.19,39.64,110.21K,6.17%,,,,,
02/18/2009,39.55,40.41,41.77,39.35,104.20K,-3.61%,,,,,
02/17/2009,41.03,43.66,44,40.23,96.93K,-5.20%,,,,,
02/16/2009,43.28,44.3,45.5,43.15,43.74K,-3.41%,,,,,
02/13/2009,44.81,45.97,46.5,44.32,106.41K,0.36%,,,,,
02-12-2009,44.65,44.65,45.14,43.92,12.52K,0.84%,,,,,
02-11-2009,44.28,45.11,45.68,43.93,86.27K,-0.74%,,,,,
02-10-2009,44.61,46.02,48.22,44.38,114.12K,-3.06%,,,,,
02-09-2009,46.02,46.06,48.42,45.53,101.03K,-0.41%,,,,,
02-06-2009,46.21,47,47.48,44.21,106.13K,-0.54%,,,,,
02-05-2009,46.46,44.22,46.6,44.05,93.62K,5.23%,,,,,
02-04-2009,44.15,44.23,45.1,43.7,104.16K,0.16%,,,,,
02-03-2009,44.08,44.51,44.92,43.84,82.59K,0.59%,,,,,
02-02-2009,43.82,46.06,46.56,43.77,89.02K,-4.49%,,,,,
01/30/2009,45.88,45.5,47.75,45.1,106.66K,1.06%,,,,,
01/29/2009,45.4,44.51,46.06,44,119.21K,1.11%,,,,,
01/28/2009,44.9,44.2,46.19,43.76,117.88K,2.68%,,,,,
01/27/2009,43.73,46.94,48.4,43.55,133.76K,-6.88%,,,,,
01/26/2009,46.96,47.46,49.65,46.67,107.58K,-2.92%,,,,,
01/23/2009,48.37,44.66,48.61,43.9,105.14K,6.57%,,,,,
01/22/2009,45.39,45.12,46.64,43.4,143.53K,0.82%,,,,,
01/21/2009,45.02,43.89,45.76,42.85,97.81K,3.21%,,,,,
01/20/2009,43.62,44.6,45.64,42.96,148.69K,-1.98%,,,,,
01/19/2009,44.5,46.3,46.5,43.8,69.63K,-4.44%,,,,,
01/16/2009,46.57,48,49.12,45.94,139.68K,4.21%,,,,,
01/15/2009,44.69,44.97,47.2,43.8,12.98K,-0.87%,,,,,
01/14/2009,45.08,45.08,46,43.74,53.71K,0.56%,,,,,
01/13/2009,44.83,43.1,45.59,41.84,72.20K,4.47%,,,,,
01-12-2009,42.91,44.57,44.7,42.12,74.73K,-3.40%,,,,,
01-09-2009,44.42,45.23,45.67,42.79,90.98K,-0.56%,,,,,
01-08-2009,44.67,46.02,47.36,43.75,118.25K,-2.59%,,,,,
01-07-2009,45.86,50.53,51.4,45.67,130.44K,-9.24%,,,,,
01-06-2009,50.53,48.8,52.21,48.6,119.83K,1.83%,,,,,
01-05-2009,49.62,48.2,50.05,46.31,109.47K,5.78%,,,,,
01-02-2009,46.91,43.85,47.33,41.6,85.07K,2.90%,,,,,
12/31/2008,45.59,40.11,46.31,38.1,72.06K,13.55%,,,,,
12/30/2008,40.15,40.8,40.88,38.58,74.02K,-0.99%,,,,,
12/29/2008,40.55,39.78,43.18,38.15,64.31K,5.68%,,,,,
12/26/2008,38.37,36.58,38.74,36.58,12.38K,4.81%,,,,,
12/24/2008,36.61,40.6,40.6,36.2,55.65K,-9.29%,,,,,
12/23/2008,40.36,41.05,42.02,39.2,79.57K,-2.63%,,,,,
12/22/2008,41.45,44.65,44.77,41.03,75.36K,-5.80%,,,,,
12/19/2008,44,43.42,45.15,43.03,92.71K,1.48%,,,,,
12/18/2008,43.36,45.35,46.68,43.2,107.26K,-4.77%,,,,,
12/17/2008,45.53,47.79,48.91,45.3,131.50K,2.18%,,,,,
12/16/2008,44.56,44.76,46.48,43.9,10.26K,-0.09%,,,,,
12/15/2008,44.6,46,49.96,44.25,81.01K,-3.90%,,,,,
12-12-2008,46.41,46.63,47.2,43.3,85.98K,-2.07%,,,,,
12-11-2008,47.39,42.6,48.36,42,98.17K,11.77%,,,,,
12-10-2008,42.4,42.44,45.27,40.92,115.13K,2.09%,,,,,
12-09-2008,41.53,43.87,44.17,41.25,82.40K,-4.35%,,,,,
12-08-2008,43.42,40.48,44.63,40.48,94.49K,9.26%,,,,,
12-05-2008,39.74,42.35,43.19,39.35,99.20K,-6.01%,,,,,
12-04-2008,42.28,45.1,45.68,41.8,98.34K,-6.95%,,,,,
12-03-2008,45.44,45.9,46.59,44.87,98.71K,0.00%,,,,,
12-02-2008,45.44,47.7,48.97,45.3,121.08K,-5.27%,,,,,
12-01-2008,47.97,53,53,47.5,118.00K,-10.32%,,,,,
11/28/2008,53.49,53.42,54.9,50.8,74.93K,0.68%,,,,,
11/27/2008,53.13,53.75,53.91,51.98,45.54K,-1.47%,,,,,
11/26/2008,53.92,50.69,54.45,49.81,130.19K,7.09%,,,,,
11/25/2008,50.35,53.7,53.86,50.1,137.80K,-6.64%,,,,,
11/24/2008,53.93,50,54.5,48,109.65K,9.64%,,,,,
11/21/2008,49.19,47.8,50.14,47.4,101.49K,2.31%,,,,,
11/20/2008,48.08,51,51.3,47.46,129.50K,-7.04%,,,,,
11/19/2008,51.72,51.88,52.95,50.61,114.70K,-0.23%,,,,,
11/18/2008,51.84,52.42,53.06,51.25,109.99K,-0.90%,,,,,
11/17/2008,52.31,53.37,56.15,52.04,112.77K,-3.56%,,,,,
11/14/2008,54.24,56.8,56.8,53.42,112.10K,4.33%,,,,,
11/13/2008,51.99,51.96,53.26,50.6,18.63K,-0.73%,,,,,
11-12-2008,52.37,55.62,55.92,51.64,95.87K,-6.00%,,,,,
11-11-2008,55.71,57.53,57.58,54.92,95.23K,-5.70%,,,,,
11-10-2008,59.08,58.38,61.98,56.18,109.30K,3.02%,,,,,
11-07-2008,57.35,56.9,59.43,56.62,89.12K,-0.14%,,,,,
11-06-2008,57.43,61.56,62,56.44,118.29K,-7.18%,,,,,
11-05-2008,61.87,65.95,66,61.13,138.01K,-6.88%,,,,,
11-04-2008,66.44,60.5,67.76,58.38,157.32K,9.85%,,,,,
11-03-2008,60.48,64.3,66.7,60.18,121.34K,-7.41%,,,,,
10/31/2008,65.32,62.52,66.47,60.62,121.10K,2.53%,,,,,
10/30/2008,63.71,66.18,68.35,61.93,122.03K,-2.69%,,,,,
10/29/2008,65.47,62.88,67.12,61.24,146.68K,8.59%,,,,,
10/28/2008,60.29,60.49,62.95,59.47,112.06K,-1.82%,,,,,
10/27/2008,61.41,61.93,63.59,59.02,103.17K,-1.03%,,,,,
10/24/2008,62.05,67.33,67.33,61,119.43K,-5.87%,,,,,
10/23/2008,65.92,65.21,67.7,64,128.47K,2.17%,,,,,
10/22/2008,64.52,68.87,68.87,63.96,118.94K,-7.46%,,,,,
10/21/2008,69.72,73.2,73.29,67.91,105.84K,-3.21%,,,,,
10/20/2008,72.03,70.65,73.61,69.41,123.28K,3.49%,,,,,
10/17/2008,69.6,70.32,71.9,67.4,122.22K,4.95%,,,,,
10/16/2008,66.32,69.5,70.15,65.45,15.39K,-6.33%,,,,,
10/15/2008,70.8,74.3,75.04,69.97,63.77K,-5.00%,,,,,
10/14/2008,74.53,78.46,80.74,74.26,72.70K,-3.78%,,,,,
10/13/2008,77.46,77,78.42,75.54,74.26K,4.55%,,,,,
10-10-2008,74.09,80.5,80.55,73.14,116.79K,-10.37%,,,,,
10-09-2008,82.66,83.62,85.07,80.4,75.42K,-2.02%,,,,,
10-08-2008,84.36,83.94,85.6,81,116.75K,-0.35%,,,,,
10-07-2008,84.66,83.91,87.99,82.84,107.68K,1.17%,,,,,
10-06-2008,83.68,88.3,88.65,83.36,105.24K,-7.28%,,,,,
10-03-2008,90.25,90.48,92.46,88,100.64K,-0.34%,,,,,
10-02-2008,90.56,96.1,97.03,90.26,102.21K,-5.00%,,,,,
10-01-2008,95.33,99.45,100.31,92.87,116.72K,-2.89%,,,,,
09/30/2008,98.17,93.3,99.87,91.1,136.13K,4.46%,,,,,
09/29/2008,93.98,103.29,103.29,92.64,124.82K,-9.23%,,,,,
09/26/2008,103.54,103.77,104,101.2,79.26K,-1.01%,,,,,
09/25/2008,104.6,102.56,105.27,100.01,115.89K,2.10%,,,,,
09/24/2008,102.45,103.48,105.94,101.63,113.89K,-0.61%,,,,,
09/23/2008,103.08,106.09,106.09,100.57,131.24K,-2.79%,,,,,
09/22/2008,106.04,99.5,107.11,99.5,144.30K,6.46%,,,,,
09/19/2008,99.61,95,100.5,94.85,128.50K,4.64%,,,,,
09/18/2008,95.19,94.85,99.69,93.29,128.15K,0.37%,,,,,
09/17/2008,94.84,91.95,95.13,89.03,142.85K,6.30%,,,,,
09/16/2008,89.22,91.57,92.13,88.9,142.74K,-3.42%,,,,,
09/15/2008,92.38,95.99,96.59,91.17,23.33K,-5.33%,,,,,
09-12-2008,97.58,98.01,99.44,96.33,73.12K,-0.06%,,,,,
09-11-2008,97.64,99.2,100.2,96.99,90.89K,-1.34%,,,,,
09-10-2008,98.97,100,102.06,98.1,105.33K,-1.37%,,,,,
09-09-2008,100.34,103.58,103.79,98.94,100.89K,-3.00%,,,,,
09-08-2008,103.44,105.74,106.9,102.34,85.37K,-0.62%,,,,,
09-05-2008,104.09,105.97,106.65,103.43,96.97K,-2.08%,,,,,
09-04-2008,106.3,108.39,109.16,105.16,82.23K,-1.63%,,,,,
09-03-2008,108.06,108.33,108.4,106.17,111.31K,-0.26%,,,,,
09-02-2008,108.34,110.45,110.45,104.14,133.18K,-0.98%,,,,,
09-01-2008,109.41,115.5,115.56,109.17,60.99K,-4.07%,,,,,
08/29/2008,114.05,114.97,116.75,113.5,100.53K,-0.11%,,,,,
08/28/2008,114.17,116.42,118.26,112.81,129.23K,-1.76%,,,,,
08/27/2008,116.22,114.32,117.25,114.32,99.54K,1.39%,,,,,
08/26/2008,114.63,114.45,116.52,111.65,138.78K,0.53%,,,,,
08/25/2008,114.03,113,115.6,113,53.12K,0.10%,,,,,
08/22/2008,113.92,120.16,120.91,113.38,102.59K,-5.19%,,,,,
08/21/2008,120.16,114.75,120.93,114.55,129.45K,5.07%,,,,,
08/20/2008,114.36,113.85,115.59,111.61,108.48K,0.98%,,,,,
08/19/2008,113.25,111.94,115.38,110.7,99.98K,1.17%,,,,,
08/18/2008,111.94,112.3,114.15,110.85,86.28K,-0.54%,,,,,
08/15/2008,112.55,112.78,113.05,110.31,87.53K,-0.08%,,,,,
08/14/2008,112.64,114.41,114.89,111.88,19.16K,-0.73%,,,,,
08/13/2008,113.47,111.55,114.93,111.01,64.64K,2.09%,,,,,
08-12-2008,111.15,112.88,114.31,110.47,77.21K,-1.35%,,,,,
08-11-2008,112.67,113.85,115.32,111.07,82.15K,-0.58%,,,,,
08-08-2008,113.33,117.8,118.1,112.8,88.58K,-3.84%,,,,,
08-07-2008,117.86,117.2,119.75,116.25,112.80K,0.74%,,,,,
08-06-2008,117,116.98,118.77,115.6,107.92K,-0.59%,,,,,
08-05-2008,117.7,119.99,120.05,116.91,107.54K,-2.47%,,,,,
08-04-2008,120.68,125.3,125.3,118.8,103.23K,-2.82%,,,,,
08-01-2008,124.18,123.42,127.94,121.94,101.29K,0.16%,,,,,
07/31/2008,123.98,126.9,127.52,122.92,103.41K,-2.45%,,,,,
07/30/2008,127.1,122.59,127.61,121.42,117.27K,3.58%,,,,,
07/29/2008,122.71,126.12,126.79,120.88,116.65K,-2.49%,,,,,
07/28/2008,125.84,124.4,126.49,124.05,92.68K,1.06%,,,,,
07/25/2008,124.52,126.56,127.51,123.39,91.80K,-1.52%,,,,,
07/24/2008,126.44,125.23,127.25,124.1,110.83K,0.92%,,,,,
07/23/2008,125.29,129.4,129.5,124.61,116.75K,-3.29%,,,,,
07/22/2008,129.55,132.69,133.75,127.6,111.92K,-2.31%,,,,,
07/21/2008,132.61,131.04,133.57,130.19,85.10K,1.86%,,,,,
07/18/2008,130.19,131.59,133.69,129.66,106.51K,-0.67%,,,,,
07/17/2008,131.07,136.31,137.85,130.73,122.82K,-3.76%,,,,,
07/16/2008,136.19,138.76,139.26,132.5,18.02K,-1.85%,,,,,
07/15/2008,138.75,143.85,145.55,134.96,71.87K,-3.59%,,,,,
07/14/2008,143.92,144.37,145.45,142.25,65.25K,-0.39%,,,,,
07-11-2008,144.49,142.14,147.5,141.62,113.26K,1.73%,,,,,
07-10-2008,142.03,136.8,142.41,136.18,91.02K,3.99%,,,,,
07-09-2008,136.58,136.02,138.91,135.9,95.67K,0.11%,,,,,
07-08-2008,136.43,141.86,142.96,135.5,120.48K,-3.83%,,,,,
07-07-2008,141.87,144.4,144.86,140.33,97.76K,-1.77%,,,,,
07-04-2008,144.42,146.3,146.62,144.25,32.44K,-1.14%,,,,,
07-03-2008,146.08,144.76,146.69,144.18,76.77K,1.26%,,,,,
07-02-2008,144.26,141.7,144.95,140.4,96.34K,2.55%,,,,,
07-01-2008,140.67,140.44,143.31,140.11,84.34K,0.60%,,,,,
06/30/2008,139.83,141.29,143.91,139.54,109.03K,-0.34%,,,,,
06/27/2008,140.31,139.2,142.97,138.99,115.53K,0.34%,,,,,
06/26/2008,139.83,134.25,140.56,133.52,119.94K,4.09%,,,,,
06/25/2008,134.33,137,137.22,132,113.46K,-1.56%,,,,,
06/24/2008,136.46,136.38,137.76,135.46,96.12K,0.40%,,,,,
06/23/2008,135.91,134.56,137.34,133.65,99.88K,0.78%,,,,,
06/20/2008,134.86,132,136.8,131.48,97.15K,2.17%,,,,,
06/19/2008,132,136.22,137.4,131.73,130.19K,-3.25%,,,,,
06/18/2008,136.44,133,136.6,132.14,95.40K,2.03%,,,,,
06/17/2008,133.72,134.25,135.28,132,102.51K,-0.73%,,,,,
06/16/2008,134.71,134.79,139.32,132.82,112.99K,0.34%,,,,,
06/13/2008,134.25,136.17,136.21,133.09,8.32K,-1.35%,,,,,
06-12-2008,136.09,135,136.8,131.35,62.79K,0.79%,,,,,
06-11-2008,135.02,131.75,137.3,131.65,100.52K,3.05%,,,,,
06-10-2008,131.02,134.47,137.74,130.5,112.49K,-2.16%,,,,,
06-09-2008,133.91,137.25,137.51,131.6,94.85K,-2.75%,,,,,
06-06-2008,137.69,127.6,138.12,127.23,132.67K,7.96%,,,,,
06-05-2008,127.54,121.75,127.9,121.32,100.94K,4.46%,,,,,
06-04-2008,122.1,124.18,124.9,121.7,108.25K,-1.99%,,,,,
06-03-2008,124.58,127.88,128.09,124.18,116.83K,-2.69%,,,,,
06-02-2008,128.02,127.22,129.25,125.62,124.20K,0.19%,,,,,
05/30/2008,127.78,127,129,125,117.34K,0.70%,,,,,
05/29/2008,126.89,131.55,132.85,126.09,135.17K,-3.09%,,,,,
05/28/2008,130.93,128.19,131.29,126.04,141.51K,2.04%,,,,,
05/27/2008,128.31,132.97,133.41,127.83,112.66K,-3.07%,,,,,
05/26/2008,132.37,131.25,133.16,131.25,8.09K,0.61%,,,,,
05/23/2008,131.57,130.51,133.74,130.07,95.02K,0.81%,,,,,
05/22/2008,130.51,133.67,135.14,130,152.45K,-1.65%,,,,,
05/21/2008,132.7,127.8,133.67,127.8,140.06K,3.80%,,,,,
05/20/2008,127.84,125.2,128.07,124.5,122.45K,2.22%,,,,,
05/19/2008,125.06,125.28,126,123.59,98.56K,0.06%,,,,,
05/16/2008,124.99,123.05,126.34,122.71,124.13K,3.08%,,,,,
05/15/2008,121.25,120.1,124.1,120.1,11.50K,-0.50%,,,,,
05/14/2008,121.86,123.85,124.29,121.45,82.53K,-1.80%,,,,,
05/13/2008,124.1,122.85,124.99,121.95,94.50K,0.97%,,,,,
05-12-2008,122.91,125.63,125.63,122.47,101.93K,-1.99%,,,,,
05-09-2008,125.4,123.5,125.9,123.3,137.56K,2.08%,,,,,
05-08-2008,122.84,122.39,123.93,120.89,137.01K,0.43%,,,,,
05-07-2008,122.32,120.15,122.78,119.34,119.57K,1.67%,,,,,
05-06-2008,120.31,118.13,120.99,117.69,111.12K,1.97%,,,,,
05-05-2008,117.99,114.54,118.58,114.21,63.41K,2.99%,,,,,
05-02-2008,114.56,110.36,114.8,109.8,111.59K,3.67%,,,,,
05-01-2008,110.5,112.74,112.74,108.42,125.55K,-0.77%,,,,,
04/30/2008,111.36,113.5,114.66,111.17,142.25K,-1.82%,,,,,
04/29/2008,113.43,116.74,116.74,113.01,142.96K,-2.84%,,,,,
04/28/2008,116.74,117.32,117.51,116.07,101.96K,0.34%,,,,,
04/25/2008,116.34,113.8,117.56,112.49,148.78K,1.75%,,,,,
04/24/2008,114.34,116.05,116.87,112.57,159.37K,-1.82%,,,,,
04/23/2008,116.46,115.9,116.63,114.58,104.59K,0.44%,,,,,
04/22/2008,115.95,114.35,116.75,113.94,104.72K,1.33%,,,,,
04/21/2008,114.43,113.85,114.86,113.03,98.95K,0.45%,,,,,
04/18/2008,113.92,112.51,114.22,110.62,103.52K,1.33%,,,,,
04/17/2008,112.43,112.83,113.38,111.74,99.01K,-0.20%,,,,,
04/16/2008,112.66,111.33,112.83,110.15,111.08K,1.21%,,,,,
04/15/2008,111.31,109.95,112.08,109.68,12.12K,1.34%,,,,,
04/14/2008,109.84,108.26,110.01,108.09,69.26K,1.00%,,,,,
04-11-2008,108.75,107.88,109.17,107.69,80.66K,0.51%,,,,,
04-10-2008,108.2,108.54,109.98,106.86,90.32K,-0.25%,,,,,
04-09-2008,108.47,106.8,109.5,105.75,110.60K,2.00%,,,,,
04-08-2008,106.34,106.83,107.78,105.72,111.95K,-0.75%,,,,,
04-07-2008,107.14,104.68,107.5,104.6,119.04K,2.14%,,,,,
04-04-2008,104.9,102.85,105.08,102.7,87.07K,2.32%,,,,,
04-03-2008,102.52,103.88,104.5,102.01,105.77K,-1.19%,,,,,
04-02-2008,103.75,100.41,103.98,99.1,119.65K,3.57%,,,,,
04-01-2008,100.17,100.5,101.47,98.99,115.24K,-0.13%,,,,,
03/31/2008,100.3,103.36,105.32,99.14,132.20K,-3.34%,,,,,
03/28/2008,103.77,104.4,105.42,103.05,89.59K,-1.17%,,,,,
03/27/2008,105,104.22,105.6,103.41,119.59K,0.97%,,,,,
03/26/2008,103.99,100.9,104.18,100.75,133.06K,3.37%,,,,,
03/25/2008,100.6,98.97,101.1,98.7,104.97K,0.74%,,,,,
03/24/2008,99.86,99.75,101.28,98.92,45.33K,-0.52%,,,,,
03/20/2008,100.38,100.07,100.81,98,119.44K,-0.34%,,,,,
03/19/2008,100.72,104.93,105.1,100.16,144.15K,-4.59%,,,,,
03/18/2008,105.56,102.31,106.18,101.7,132.09K,3.74%,,,,,
03/17/2008,101.75,106,107.97,99.5,165.41K,-5.39%,,,,,
03/14/2008,107.55,106.64,108.02,106.24,28.28K,0.01%,,,,,
03/13/2008,107.54,106.31,107.88,105.56,71.56K,1.20%,,,,,
03-12-2008,106.27,105.43,106.45,104,80.91K,0.97%,,,,,
03-11-2008,105.25,104.21,105.82,103.3,104.60K,1.05%,,,,,
03-10-2008,104.16,102.3,104.45,101.2,105.13K,1.74%,,,,,
03-07-2008,102.38,102.69,103.98,101.36,117.16K,-0.22%,,,,,
03-06-2008,102.61,101.67,102.95,100.28,120.77K,0.95%,,,,,
03-05-2008,101.64,97.75,102.07,97.52,137.13K,4.22%,,,,,
03-04-2008,97.52,100.6,101.31,96.92,147.81K,-2.95%,,,,,
03-03-2008,100.48,100.12,102.29,99.2,120.13K,0.38%,,,,,
02/29/2008,100.1,101.2,101.27,99.66,114.44K,-0.79%,,,,,
02/28/2008,100.9,98.54,101.27,97.45,125.96K,2.68%,,,,,
02/27/2008,98.27,100,100.53,97.98,126.38K,-1.21%,,,,,
02/26/2008,99.47,98.05,100.03,97.05,116.31K,1.82%,,,,,
02/25/2008,97.69,97.23,98.16,96.34,101.80K,0.70%,,,,,
02/22/2008,97.01,95.9,97.65,95.66,108.15K,0.80%,,,,,
02/21/2008,96.24,98.35,99,95.42,134.02K,-2.21%,,,,,
02/20/2008,98.42,97.82,99.22,96.77,101.34K,-0.14%,,,,,
02/19/2008,98.56,94.84,98.7,94.81,113.11K,3.85%,,,,,
02/18/2008,94.91,94.9,95.44,94.44,36.80K,0.30%,,,,,
02/15/2008,94.63,94.95,95.8,94.02,115.83K,-0.48%,,,,,
02/14/2008,95.09,93.47,95.49,93.38,23.92K,1.90%,,,,,
02/13/2008,93.32,92.99,94,92.39,84.00K,0.50%,,,,,
02-12-2008,92.86,93.29,94.13,92.08,98.87K,-0.72%,,,,,
02-11-2008,93.53,92.68,94.52,91.09,116.17K,1.73%,,,,,
02-08-2008,91.94,88.78,92.32,88.78,130.33K,3.88%,,,,,
02-07-2008,88.51,87.6,88.77,86.83,102.48K,0.83%,,,,,
02-06-2008,87.78,88.5,89.6,87.53,113.07K,-1.17%,,,,,
02-05-2008,88.82,90.06,90.4,88.05,107.93K,-1.82%,,,,,
02-04-2008,90.47,89.1,91.12,88.63,112.22K,1.15%,,,,,
02-01-2008,89.44,91.5,92.49,88.95,143.04K,-3.00%,,,,,
01/31/2008,92.21,91.6,92.83,90.16,158.23K,-0.35%,,,,,
01/30/2008,92.53,92.45,92.8,91.48,99.22K,0.58%,,,,,
01/29/2008,92,91.55,92.53,91.03,112.44K,0.68%,,,,,
01/28/2008,91.38,90.7,91.75,89.33,111.52K,0.53%,,,,,
01/25/2008,90.9,89.44,91.4,89.32,113.13K,2.05%,,,,,
01/24/2008,89.07,87.4,89.42,86.88,120.66K,2.83%,,,,,
01/23/2008,86.62,88.25,88.67,86.4,130.07K,-2.07%,,,,,
01/22/2008,88.45,87.38,88.86,85,147.86K,1.07%,,,,,
01/21/2008,87.51,89.57,89.65,87.36,62.56K,-1.93%,,,,,
01/18/2008,89.23,88.5,89.98,88.4,106.29K,0.54%,,,,,
01/17/2008,88.75,89.6,90.69,88.21,103.87K,-1.11%,,,,,
01/16/2008,89.75,90.94,91,88.71,14.81K,-1.35%,,,,,
01/15/2008,90.98,92.9,93.25,90.35,70.55K,-2.09%,,,,,
01/14/2008,92.92,91.07,93.05,91.01,79.12K,2.03%,,,,,
01-11-2008,91.07,92.85,93.24,90.83,98.94K,-1.25%,,,,,
01-10-2008,92.22,94.49,95.09,92.13,107.37K,-2.28%,,,,,
01-09-2008,94.37,95.55,96.7,94.1,136.03K,-1.22%,,,,,
01-08-2008,95.54,94.77,96.69,94.47,121.23K,1.22%,,,,,
01-07-2008,94.39,96.69,97.48,93.72,106.50K,-2.48%,,,,,
01-04-2008,96.79,97.77,98,96.18,98.47K,-0.83%,,,,,
01-03-2008,97.6,97.45,98.5,97.04,84.86K,-0.25%,,,,,
01-02-2008,97.84,94.47,98,94.15,83.71K,4.25%,,,,,
12/31/2007,93.85,94.29,95.29,93.25,44.18K,-0.03%,,,,,
12/28/2007,93.88,94.96,95.86,93.8,66.12K,-0.95%,,,,,
12/27/2007,94.78,94,95.87,93.27,68.55K,0.89%,,,,,
12/26/2007,93.94,93,95.06,92.8,44.73K,1.34%,,,,,
12/24/2007,92.7,92.29,92.82,91.35,19.85K,0.26%,,,,,
12/21/2007,92.46,91,92.95,90.61,71.77K,1.74%,,,,,
12/20/2007,90.88,91.91,92.48,90.66,71.70K,-0.66%,,,,,
12/19/2007,91.48,90.5,92.27,89.75,98.55K,1.51%,,,,,
12/18/2007,90.12,91.58,92.89,89.33,111.71K,-1.28%,,,,,
12/17/2007,91.29,91.69,92.42,90.12,87.89K,-1.49%,,,,,
12/14/2007,92.67,92.5,93.66,91.38,15.50K,0.60%,,,,,
12/13/2007,92.12,93.65,94.36,91.92,71.08K,-2.02%,,,,,
12-12-2007,94.02,89.59,94.44,89.34,94.24K,4.48%,,,,,
12-11-2007,89.99,88.28,90.35,88.15,85.22K,2.21%,,,,,
12-10-2007,88.04,88.77,89.85,87.51,83.17K,-0.68%,,,,,
12-07-2007,88.64,90.35,90.79,87.47,87.47K,-1.71%,,,,,
12-06-2007,90.18,88,90.68,86.56,106.54K,1.91%,,,,,
12-05-2007,88.49,89.75,91.91,87.85,118.35K,-1.16%,,,,,
12-04-2007,89.53,89.9,90.45,88.97,104.87K,-0.30%,,,,,
12-03-2007,89.8,88.74,90.43,86.93,113.25K,1.74%,,,,,
11/30/2007,88.26,90.25,90.79,87.55,142.59K,-2.17%,,,,,
11/29/2007,90.22,90.45,92.82,89.73,160.73K,0.46%,,,,,
11/28/2007,89.81,92.36,93.39,89.56,156.21K,-2.93%,,,,,
11/27/2007,92.52,94.47,95.05,92.4,113.70K,-2.94%,,,,,
11/26/2007,95.32,95.9,96.65,94.26,92.86K,-0.46%,,,,,
11/23/2007,95.76,94.42,95.95,93.81,54.07K,1.33%,,,,,
11/22/2007,94.5,95.1,95.29,93.98,30.96K,-0.36%,,,,,
11/21/2007,94.84,95.87,96.53,94.05,115.03K,-0.68%,,,,,
11/20/2007,95.49,92.08,96.24,91.76,118.16K,3.48%,,,,,
11/19/2007,92.28,91.87,92.81,90.98,90.49K,0.72%,,,,,
11/16/2007,91.62,90.25,91.95,90,100.83K,0.75%,,,,,
11/15/2007,90.94,91.24,92.14,89.92,24.31K,-0.46%,,,,,
11/14/2007,91.36,88.99,91.58,88.99,90.89K,2.85%,,,,,
11/13/2007,88.83,91.48,91.95,87.88,108.41K,-3.42%,,,,,
11-12-2007,91.98,92.54,93.46,90.96,98.16K,-1.29%,,,,,
11-09-2007,93.18,93.3,93.8,91.8,88.09K,0.42%,,,,,
11-08-2007,92.79,92.45,94.76,92.27,92.23K,-0.48%,,,,,
11-07-2007,93.24,93.59,95.19,91.74,111.86K,-0.02%,,,,,
11-06-2007,93.26,91.05,93.56,91.05,119.77K,3.06%,,,,,
11-05-2007,90.49,91.84,92.31,90.18,91.89K,-1.73%,,,,,
11-02-2007,92.08,90.2,92.21,89.64,88.15K,2.63%,,,,,
11-01-2007,89.72,90.94,91.71,88.57,127.41K,-1.00%,,,,,
10/31/2007,90.63,86.92,91.18,86.13,117.53K,3.65%,,,,,
10/30/2007,87.44,90.25,90.25,86.64,114.71K,-3.19%,,,,,
10/29/2007,90.32,88.69,90.49,88.69,99.40K,1.84%,,,,,
10/26/2007,88.69,87.55,89.3,87.46,111.33K,1.38%,,,,,
10/25/2007,87.48,85.04,87.59,84.7,113.36K,3.69%,,,,,
10/24/2007,84.37,82.55,85.08,82.41,94.59K,1.83%,,,,,
10/23/2007,82.85,83,84.04,82.35,93.88K,-0.50%,,,,,
10/22/2007,83.27,83.66,84.09,81.63,108.41K,-0.62%,,,,,
10/19/2007,83.79,84.48,84.85,83.08,100.17K,-0.96%,,,,,
10/18/2007,84.6,83,84.88,82.77,111.30K,1.77%,,,,,
10/17/2007,83.13,83.4,84.43,82.65,134.76K,-1.22%,,,,,
10/16/2007,84.16,82.85,84.49,82.84,16.35K,1.70%,,,,,
10/15/2007,82.75,80,83,80,52.77K,2.73%,,,,,
10-12-2007,80.55,80.07,80.92,79.65,54.83K,0.50%,,,,,
10-11-2007,80.15,78.8,80.68,78.69,85.81K,1.97%,,,,,
10-10-2007,78.6,77.38,78.67,77.02,79.15K,1.43%,,,,,
10-09-2007,77.49,76.41,78.15,75.64,97.52K,1.19%,,,,,
10-08-2007,76.58,78.42,78.65,76.15,77.26K,-2.94%,,,,,
10-05-2007,78.9,78.85,79.21,78.17,68.28K,-0.09%,,,,,
10-04-2007,78.97,76.9,79.28,76.56,80.01K,2.31%,,,,,
10-03-2007,77.19,77.45,77.86,76.85,90.71K,-0.25%,,,,,
10-02-2007,77.38,77.56,77.74,76.31,100.38K,-0.33%,,,,,
10-01-2007,77.64,79.25,79.54,76.92,108.14K,-1.93%,,,,,
09/28/2007,79.17,80.25,81.05,78.84,106.64K,-1.07%,,,,,
09/27/2007,80.03,77.77,80.2,77.65,115.41K,3.36%,,,,,
09/26/2007,77.43,77.7,78.29,76.36,132.07K,-0.24%,,,,,
09/25/2007,77.62,78.54,78.63,77.17,103.13K,-1.63%,,,,,
09/24/2007,78.91,78.9,79.48,78.23,84.08K,-0.49%,,,,,
09/21/2007,79.3,79.13,79.94,78.47,98.96K,0.27%,,,,,
09/20/2007,79.09,78.2,79.28,77.76,103.82K,0.79%,,,,,
09/19/2007,78.47,78.29,78.57,77.45,110.80K,1.13%,,,,,
09/18/2007,77.59,77.2,78.6,76.29,116.71K,0.79%,,,,,
09/17/2007,76.98,76.2,77.24,75.52,126.93K,1.00%,,,,,
09/14/2007,76.22,77,77.28,76.07,108.22K,-1.52%,,,,,
09/13/2007,77.4,77.62,77.86,77.18,31.68K,-0.36%,,,,,
09-12-2007,77.68,76.39,77.93,76.09,45.36K,1.70%,,,,,
09-11-2007,76.38,75.95,76.49,75,71.45K,1.19%,,,,,
09-10-2007,75.48,74.83,76.39,73.86,66.58K,0.55%,,,,,
09-07-2007,75.07,74.81,75.22,74.18,73.07K,0.40%,,,,,
09-06-2007,74.77,74.5,75.7,73.74,107.14K,0.58%,,,,,
09-05-2007,74.34,74.25,74.48,73.74,69.18K,0.57%,,,,,
09-04-2007,73.92,73.41,74.05,72.78,90.15K,0.69%,,,,,
09-03-2007,73.41,72.69,73.51,72.69,32.39K,0.99%,,,,,
08/31/2007,72.69,72.03,73.09,71.83,72.64K,1.10%,,,,,
08/30/2007,71.9,72.13,72.47,71.37,84.64K,-0.32%,,,,,
08/29/2007,72.13,70.55,72.28,70.23,106.16K,2.24%,,,,,
08/28/2007,70.55,71.05,71.25,70.21,82.94K,-0.56%,,,,,
08/27/2007,70.95,70.55,71.1,69.49,53.42K,0.47%,,,,,
08/24/2007,70.62,70.04,70.84,69.5,71.23K,1.09%,,,,,
08/23/2007,69.86,69.02,70,68.75,102.48K,1.69%,,,,,
08/22/2007,68.7,68.8,69.45,68.2,89.99K,0.01%,,,,,
08/21/2007,68.69,70.17,70.5,68.14,94.87K,-1.66%,,,,,
08/20/2007,69.85,69.7,70.34,68.93,72.31K,-0.84%,,,,,
08/17/2007,70.44,70.09,71.1,69.39,62.66K,1.47%,,,,,
08/16/2007,69.42,71.25,71.25,68.87,18.15K,-3.10%,,,,,
08/15/2007,71.64,70.9,72.24,70.46,48.31K,1.60%,,,,,
08/14/2007,70.51,70.05,70.9,69.6,59.06K,0.40%,,,,,
08/13/2007,70.23,70.4,71.85,69.89,58.27K,-0.23%,,,,,
08-10-2007,70.39,70.25,70.5,68.95,69.77K,0.26%,,,,,
08-09-2007,70.21,71,71.21,69.25,94.93K,-1.10%,,,,,
08-08-2007,70.99,71.49,72.04,70.61,85.89K,-1.13%,,,,,
08-07-2007,71.8,71.14,72,70.2,91.71K,0.89%,,,,,
08-06-2007,71.17,74.45,74.73,70.87,119.77K,-4.79%,,,,,
08-03-2007,74.75,75.9,76.07,74.45,76.27K,-1.33%,,,,,
08-02-2007,75.76,75.5,76.23,74.24,94.14K,0.54%,,,,,
08-01-2007,75.35,76.95,77.16,74.85,104.82K,-2.21%,,,,,
07/31/2007,77.05,75.6,77.18,75.47,85.50K,1.73%,,,,,
07/30/2007,75.74,76.06,76.51,75.42,78.40K,-0.68%,,,,,
07/27/2007,76.26,75.3,76.4,74.55,77.27K,1.44%,,,,,
07/26/2007,75.18,76.47,77.16,74.81,96.50K,-1.49%,,,,,
07/25/2007,76.32,74.7,76.54,74.23,102.30K,1.65%,,,,,
07/24/2007,75.08,76.85,76.85,74.85,120.19K,-2.32%,,,,,
07/23/2007,76.86,77.32,77.5,76.42,68.29K,-1.00%,,,,,
07/20/2007,77.64,77.98,77.98,77.19,61.90K,-0.04%,,,,,
07/19/2007,77.67,76.74,77.78,76.6,95.49K,1.19%,,,,,
07/18/2007,76.76,75.68,76.84,75.32,90.83K,1.63%,,,,,
07/17/2007,75.53,76.33,76.65,75.03,100.73K,-2.33%,,,,,
07/16/2007,77.33,77.55,78.4,76.48,15.62K,-0.31%,,,,,
07/13/2007,77.57,76.35,77.7,76.1,34.34K,1.53%,,,,,
07-12-2007,76.4,75.44,77.07,75.31,49.75K,1.27%,,,,,
07-11-2007,75.44,76.25,76.44,75.3,53.24K,-1.26%,,,,,
07-10-2007,76.4,75.67,76.63,75.06,46.83K,0.82%,,,,,
07-09-2007,75.78,75.46,76.34,74.91,58.15K,0.21%,,,,,
07-06-2007,75.62,74.59,76.01,74.27,67.99K,1.16%,,,,,
07-05-2007,74.75,72.85,74.93,72.85,103.43K,2.33%,,,,,
07-04-2007,73.05,72.85,73.12,72.43,28.31K,0.16%,,,,,
07-03-2007,72.93,72.69,73.1,72.13,55.70K,0.41%,,,,,
07-02-2007,72.63,71.22,72.77,70.92,96.24K,1.71%,,,,,
06/29/2007,71.41,70.41,71.6,70.41,65.64K,1.26%,,,,,
06/28/2007,70.52,70.49,71.15,70.32,90.00K,-0.01%,,,,,
06/27/2007,70.53,70.13,71.03,69.4,116.06K,0.51%,,,,,
06/26/2007,70.17,70.9,71.23,70.11,86.33K,-1.67%,,,,,
06/25/2007,71.36,70.75,71.5,69.8,90.83K,0.25%,,,,,
06/22/2007,71.18,70.1,71.5,69.61,86.13K,1.37%,,,,,
06/21/2007,70.22,70.49,71.6,70,86.13K,-0.28%,,,,,
06/20/2007,70.42,71.7,71.96,69.56,135.77K,-1.98%,,,,,
06/19/2007,71.84,72.1,72.25,71.61,86.16K,-0.47%,,,,,
06/18/2007,72.18,71.59,72.25,70.72,94.63K,0.99%,,,,,
06/15/2007,71.47,71.36,71.88,70.7,82.95K,0.72%,,,,,
06/14/2007,70.96,69.95,71.33,69.91,14.66K,1.46%,,,,,
06/13/2007,69.94,68.7,70.36,68.34,42.49K,1.67%,,,,,
06-12-2007,68.79,69.4,69.62,68.3,44.97K,-1.11%,,,,,
06-11-2007,69.56,68.69,69.65,68.2,53.67K,1.40%,,,,,
06-08-2007,68.6,70.9,71.1,68.41,84.12K,-3.68%,,,,,
06-07-2007,71.22,71.05,71.72,70.51,85.11K,0.28%,,,,,
06-06-2007,71.02,70.51,71.4,70.09,92.73K,0.81%,,,,,
06-05-2007,70.45,70.25,70.67,69.85,96.29K,0.07%,,,,,
06-04-2007,70.4,68.94,70.63,68.7,84.61K,1.93%,,,,,
06-01-2007,69.07,68.15,69.25,67.61,103.73K,1.51%,,,,,
05/31/2007,68.04,67.99,68.2,66.8,101.82K,0.29%,,,,,
05/30/2007,67.84,68.32,68.64,67.15,107.18K,-0.43%,,,,,
05/29/2007,68.13,69.84,70.24,67.59,101.98K,-2.27%,,,,,
05/28/2007,69.71,70.5,70.5,69.51,10.82K,-1.39%,,,,,
05/25/2007,70.69,70.85,71.22,69.83,85.44K,-0.04%,,,,,
05/24/2007,70.72,70.65,71.8,70.39,106.83K,0.17%,,,,,
05/23/2007,70.6,69.69,70.84,69.45,119.38K,1.55%,,,,,
05/22/2007,69.52,70.43,70.6,69.46,96.47K,-1.38%,,,,,
05/21/2007,70.49,69.44,70.83,69.1,106.34K,1.54%,,,,,
05/18/2007,69.42,70.35,70.35,69.27,97.42K,-1.21%,,,,,
05/17/2007,70.27,68.1,70.35,68.08,102.50K,3.32%,,,,,
05/16/2007,68.01,67.95,68.54,67.46,16.46K,-0.15%,,,,,
05/15/2007,68.11,66.78,68.18,65.93,79.07K,1.92%,,,,,
05/14/2007,66.83,66.65,67.51,66.51,51.42K,0.00%,,,,,
05-11-2007,66.83,65.68,66.98,65.68,69.67K,1.58%,,,,,
05-10-2007,65.79,65.34,66.34,65.19,95.36K,0.90%,,,,,
05-09-2007,65.2,65.6,66.14,64.14,101.30K,-0.52%,,,,,
05-08-2007,65.54,64.56,65.89,64.46,99.14K,1.71%,,,,,
05-07-2007,64.44,65.18,65.5,63.8,71.65K,-1.33%,,,,,
05-04-2007,65.31,66.02,66.82,64.95,97.94K,-1.12%,,,,,
05-03-2007,66.05,66.39,66.98,65.57,94.93K,-0.30%,,,,,
05-02-2007,66.25,67.24,67.41,65.59,105.70K,-1.12%,,,,,
05-01-2007,67,67.53,68.73,66.89,106.28K,-0.96%,,,,,
04/30/2007,67.65,68.23,68.44,67.45,86.05K,-1.11%,,,,,
04/27/2007,68.41,67.82,68.54,66.73,107.34K,1.12%,,,,,
04/26/2007,67.65,68.57,68.75,67.6,94.83K,-1.34%,,,,,
04/25/2007,68.57,67.17,68.66,67.06,88.33K,2.10%,,,,,
04/24/2007,67.16,68.04,68.55,66.57,89.47K,-1.45%,,,,,
04/23/2007,68.15,66.51,68.2,65.98,83.55K,2.50%,,,,,
04/20/2007,66.49,65.79,66.61,65.48,79.14K,0.83%,,,,,
04/19/2007,65.94,66.2,66.85,65.64,99.37K,-0.15%,,,,,
04/18/2007,66.04,66.12,66.33,64.76,104.91K,0.17%,,,,,
04/17/2007,65.93,67.5,67.84,65.8,96.94K,-1.96%,,,,,
04/16/2007,67.25,68.75,69.17,67,104.86K,-2.49%,,,,,
04/13/2007,68.97,68.91,69.59,68.91,10.85K,0.36%,,,,,
04-12-2007,68.72,67.78,68.87,67.78,30.11K,1.30%,,,,,
04-11-2007,67.84,67.41,68.69,67.32,43.23K,0.62%,,,,,
04-10-2007,67.42,66.89,67.67,66.4,43.12K,1.25%,,,,,
04-09-2007,66.59,67.87,68.79,66.38,28.34K,-2.42%,,,,,
04-05-2007,68.24,68.26,68.87,67.51,64.42K,-0.23%,,,,,
04-04-2007,68.4,67.81,68.52,66.93,89.94K,0.87%,,,,,
04-03-2007,67.81,68.55,68.72,67.04,83.85K,-1.35%,,,,,
04-02-2007,68.74,67.91,69.58,67.48,66.28K,0.94%,,,,,
03/30/2007,68.1,68.25,69.14,67.6,94.48K,0.32%,,,,,
03/29/2007,67.88,65.75,68.36,65.36,127.83K,3.19%,,,,,
03/28/2007,65.78,65.34,66.67,65.19,115.50K,1.83%,,,,,
03/27/2007,64.6,64.6,69,64.03,79.70K,0.29%,,,,,
03/26/2007,64.41,63.55,64.63,63.33,94.26K,1.95%,,,,,
03/23/2007,63.18,62.74,63.68,62.13,101.01K,1.07%,,,,,
03/22/2007,62.51,61.01,62.83,61.01,117.06K,2.86%,,,,,
03/21/2007,60.77,60.45,61.31,60.35,95.39K,0.95%,,,,,
03/20/2007,60.2,60.9,61.06,60,98.31K,-0.53%,,,,,
03/19/2007,60.52,60.64,61.08,60.11,86.25K,0.36%,,,,,
03/16/2007,60.3,60.74,61.57,59.79,89.96K,-1.12%,,,,,
03/15/2007,60.98,61.13,61.85,60.5,8.93K,-0.13%,,,,,
03/14/2007,61.06,60.92,61.51,60.5,43.77K,0.26%,,,,,
03/13/2007,60.9,60.87,62.11,60.5,51.99K,0.26%,,,,,
03-12-2007,60.74,61.01,61.14,60.17,73.77K,-0.64%,,,,,
03-09-2007,61.13,62.33,62.58,61.06,82.33K,-1.93%,,,,,
03-08-2007,62.33,62.46,62.84,61.8,78.87K,-0.27%,,,,,
03-07-2007,62.5,61.55,62.81,61.37,80.41K,1.81%,,,,,
03-06-2007,61.39,60.62,61.5,60.55,81.19K,1.40%,,,,,
03-05-2007,60.54,61.7,61.7,60,82.22K,-2.48%,,,,,
03-02-2007,62.08,61.85,62.69,61.55,78.32K,-0.05%,,,,,
03-01-2007,62.11,61.75,62.74,61.05,96.66K,0.36%,,,,,
02/28/2007,61.89,60.25,62.16,60.24,116.04K,0.86%,,,,,
02/27/2007,61.36,61.29,62.18,60.1,102.58K,0.05%,,,,,
02/26/2007,61.33,61.05,61.59,60.51,71.61K,0.74%,,,,,
02/23/2007,60.88,60.5,61.68,60.32,114.11K,0.43%,,,,,
02/22/2007,60.62,59.26,60.85,58.87,107.15K,2.14%,,,,,
02/21/2007,59.35,57.81,59.94,57.22,121.96K,2.36%,,,,,
02/20/2007,57.98,58.34,58.5,56.81,92.19K,-0.28%,,,,,
02/19/2007,58.14,58.8,59,58.05,39.31K,-1.37%,,,,,
02/16/2007,58.95,57.5,59.03,57.06,74.85K,2.34%,,,,,
02/15/2007,57.6,57.55,58.18,56.2,105.86K,0.30%,,,,,
02/14/2007,57.43,58.65,58.83,57,94.30K,0.70%,,,,,
02/13/2007,57.03,56.64,57.16,56.1,16.41K,0.76%,,,,,
02-12-2007,56.6,58.51,58.68,56.26,57.16K,-4.08%,,,,,
02-09-2007,59.01,59,59.63,58.46,79.56K,-0.03%,,,,,
02-08-2007,59.03,57.26,59.21,56.81,90.63K,3.15%,,,,,
02-07-2007,57.23,58.7,59.46,56.74,115.80K,-2.04%,,,,,
02-06-2007,58.42,58.35,59.42,58.06,106.73K,0.55%,,,,,
02-05-2007,58.1,58.55,59.39,57.85,78.93K,-0.53%,,,,,
02-02-2007,58.41,56.66,58.67,56.65,82.47K,2.98%,,,,,
02-01-2007,56.72,57.16,58.37,56.63,102.08K,-1.18%,,,,,
01/31/2007,57.4,56.25,57.55,55.16,140.12K,1.79%,,,,,
01/30/2007,56.39,53.79,56.48,53.67,114.65K,5.05%,,,,,
01/29/2007,53.68,55.46,55.83,53.56,89.98K,-2.91%,,,,,
01/26/2007,55.29,54.32,55.37,54.16,75.56K,2.16%,,,,,
01/25/2007,54.12,55.55,55.88,54.05,105.90K,-2.36%,,,,,
01/24/2007,55.43,54.9,55.61,53.88,110.56K,0.60%,,,,,
01/23/2007,55.1,52.81,55.18,52.59,115.09K,4.55%,,,,,
01/22/2007,52.7,53.75,54.6,52.18,111.51K,-1.38%,,,,,
01/19/2007,53.44,51.5,53.55,51.5,92.13K,3.27%,,,,,
01/18/2007,51.75,53.1,53.35,50.91,118.79K,-1.95%,,,,,
01/17/2007,52.78,51.78,53.03,50.75,111.43K,1.00%,,,,,
01/16/2007,52.26,53,53.63,52.04,17.37K,-1.62%,,,,,
01/15/2007,53.12,53.09,53.62,52.65,33.03K,0.32%,,,,,
01-12-2007,52.95,52.15,53.11,51.76,69.00K,2.42%,,,,,
01-11-2007,51.7,53.03,54.42,51.65,89.50K,-3.71%,,,,,
01-10-2007,53.69,55.18,55.31,53.09,102.03K,-2.70%,,,,,
01-09-2007,55.18,55.6,55.63,53.64,111.39K,-0.76%,,,,,
01-08-2007,55.6,55.86,57.19,54.41,118.93K,-0.07%,,,,,
01-05-2007,55.64,54.97,55.76,54.5,100.30K,0.96%,,,,,
01-04-2007,55.11,58.19,58.41,54.76,127.50K,-4.92%,,,,,
01-03-2007,57.96,60.68,60.68,57.42,107.49K,-4.10%,,,,,
01-02-2007,60.44,60.88,61.64,60.15,49.88K,-0.69%,,,,,
12/29/2006,60.86,60.52,61.13,60.04,54.91K,0.31%,,,,,
12/28/2006,60.67,60.56,60.96,60.21,43.09K,0.25%,,,,,
12/27/2006,60.52,61.15,61.59,60.39,46.72K,-0.95%,,,,,
12/26/2006,61.1,62.54,63.3,60.66,32.91K,-2.11%,,,,,
12/22/2006,62.42,62.36,63.03,62.06,37.29K,-0.06%,,,,,
12/21/2006,62.46,63,63.13,61.95,65.63K,-1.22%,,,,,
12/20/2006,63.23,62.71,63.59,62.55,84.75K,0.67%,,,,,
12/19/2006,62.81,62.2,63.27,61.47,79.92K,1.09%,,,,,
12/18/2006,62.13,63.34,63.57,61.94,67.62K,-2.14%,,,,,
12/15/2006,63.49,63,63.61,62.71,55.53K,2.21%,,,,,
12/14/2006,62.12,61.47,62.81,61.43,17.25K,1.29%,,,,,
12/13/2006,61.33,61.33,61.85,61.05,38.36K,-0.31%,,,,,
12-12-2006,61.52,62.15,62.48,61.07,40.22K,-0.52%,,,,,
12-11-2006,61.84,62.16,62.64,61.71,48.21K,-0.58%,,,,,
12-08-2006,62.2,62.81,63.97,62.13,67.60K,-0.59%,,,,,
12-07-2006,62.57,63.28,63.52,62.33,67.67K,-0.79%,,,,,
12-06-2006,63.07,63.5,63.99,62.89,84.46K,-0.39%,,,,,
12-05-2006,63.32,63.65,64.2,62.61,78.64K,-0.20%,,,,,
12-04-2006,63.45,64.59,64.75,63.13,69.09K,-1.81%,,,,,
12-01-2006,64.62,63.8,64.92,63.35,79.57K,0.56%,,,,,
11/30/2006,64.26,62.98,64.77,62.83,118.36K,1.89%,,,,,
11/29/2006,63.07,61.3,63.16,61.2,108.62K,3.04%,,,,,
11/28/2006,61.21,60.62,61.42,60.4,76.60K,1.27%,,,,,
11/27/2006,60.44,59.78,60.6,59.47,87.67K,0.68%,,,,,
11/24/2006,60.03,59.39,60.4,58.9,45.07K,1.15%,,,,,
11/23/2006,59.35,59.53,59.72,58.85,31.32K,-0.24%,,,,,
11/22/2006,59.49,60.39,60.55,58.66,87.83K,-1.49%,,,,,
11/21/2006,60.39,59.15,60.58,59,94.09K,2.39%,,,,,
11/20/2006,58.98,58.5,59.18,58.24,76.36K,-0.02%,,,,,
11/17/2006,58.99,58.49,59.11,57.85,80.63K,0.77%,,,,,
11/16/2006,58.54,60.61,61.37,58.31,117.31K,-1.55%,,,,,
11/15/2006,59.46,59.15,59.76,58.92,21.44K,1.05%,,,,,
11/14/2006,58.84,59.1,59.89,58.8,57.26K,-0.36%,,,,,
11/13/2006,59.05,59.8,60.23,58.54,54.31K,-1.11%,,,,,
11-10-2006,59.71,61.35,61.35,59.6,57.62K,-2.63%,,,,,
11-09-2006,61.32,59.9,61.43,59.76,78.01K,2.90%,,,,,
11-08-2006,59.59,58.9,59.9,58.46,90.62K,1.90%,,,,,
11-07-2006,58.48,59.75,60.05,58.44,88.20K,-2.13%,,,,,
11-06-2006,59.75,58.94,60.4,58.49,104.86K,1.01%,,,,,
11-03-2006,59.15,57.84,59.25,57.78,73.04K,2.21%,,,,,
11-02-2006,57.87,58.77,59.08,57.75,80.91K,-1.88%,,,,,
11-01-2006,58.98,58.85,59.67,58.01,97.51K,-0.08%,,,,,
10/31/2006,59.03,58.77,59.14,57.39,117.54K,0.60%,,,,,
10/30/2006,58.68,61.2,61.2,58.53,119.04K,-3.93%,,,,,
10/27/2006,61.08,60.95,61.33,60.13,80.91K,0.51%,,,,,
10/26/2006,60.77,62.25,62.35,60.47,90.21K,-2.06%,,,,,
10/25/2006,62.05,59.95,62.19,59.75,110.05K,3.66%,,,,,
10/24/2006,59.86,59.07,60.09,58.77,74.34K,1.10%,,,,,
10/23/2006,59.21,59.25,59.75,58.52,69.20K,-0.79%,,,,,
10/20/2006,59.68,61.3,61.55,59.55,84.92K,-1.95%,,,,,
10/19/2006,60.87,59.78,61.25,59.31,98.13K,2.17%,,,,,
10/18/2006,59.58,61.2,61.56,59.32,100.28K,-2.23%,,,,,
10/17/2006,60.94,61.99,62.5,60.57,93.00K,1.63%,,,,,
10/16/2006,59.96,59.4,60.16,58.82,11.46K,0.74%,,,,,
10/13/2006,59.52,59,60.43,58.82,53.00K,1.29%,,,,,
10-12-2006,58.76,58.26,59.3,58.16,56.17K,0.19%,,,,,
10-11-2006,58.65,59.42,59.93,58.42,81.62K,-1.16%,,,,,
10-10-2006,59.34,60.28,61.25,59.09,72.11K,-1.98%,,,,,
10-09-2006,60.54,60.25,61.66,59.93,80.81K,1.19%,,,,,
10-06-2006,59.83,59.96,60.32,58.75,76.82K,-0.28%,,,,,
10-05-2006,60,59.53,60.94,59.06,102.66K,1.32%,,,,,
10-04-2006,59.22,58.21,59.53,57.7,104.81K,1.35%,,,,,
10-03-2006,58.43,60.55,60.58,58.25,100.78K,-3.34%,,,,,
10-02-2006,60.45,62.7,62.82,60.3,69.88K,-3.25%,,,,,
09/29/2006,62.48,62.1,62.66,61.01,97.04K,-0.10%,,,,,
09/28/2006,62.54,62.25,63.63,61.87,91.93K,0.53%,,,,,
09/27/2006,62.21,60.21,62.41,59.45,94.84K,3.48%,,,,,
09/26/2006,60.12,61.1,61.24,59.7,82.78K,-1.12%,,,,,
09/25/2006,60.8,60.05,61.65,59.32,83.78K,0.65%,,,,,
09/22/2006,60.41,61.57,62.03,60.11,64.78K,-1.52%,,,,,
09/21/2006,61.34,60.7,61.55,60.34,67.58K,1.44%,,,,,
09/20/2006,60.47,62.19,62.36,60.3,88.21K,-2.73%,,,,,
09/19/2006,62.17,64.1,64.86,61.87,96.46K,-2.94%,,,,,
09/18/2006,64.05,63.47,64.62,63,89.76K,1.14%,,,,,
09/15/2006,63.33,63.61,63.85,62.21,84.55K,1.75%,,,,,
09/14/2006,62.24,63.43,63.77,61.96,15.32K,-1.19%,,,,,
09/13/2006,62.99,62.97,63.83,62.62,51.00K,0.00%,,,,,
09-12-2006,62.99,64.54,65.44,62.79,64.37K,-2.42%,,,,,
09-11-2006,64.55,65.2,65.31,63.97,72.21K,-1.19%,,,,,
09-08-2006,65.33,66.3,66.9,65.16,71.00K,-1.80%,,,,,
09-07-2006,66.53,66.93,67.46,66.11,67.14K,-0.60%,,,,,
09-06-2006,66.93,68.25,68.25,66.84,71.49K,-1.70%,,,,,
09-05-2006,68.09,68.2,68.8,67.42,63.49K,0.56%,,,,,
09-04-2006,67.71,69.15,69.49,67.59,36.34K,-2.08%,,,,,
09-01-2006,69.15,70.42,70.66,68.96,60.50K,-1.57%,,,,,
08/31/2006,70.25,70.6,71.06,69.43,89.29K,0.10%,,,,,
08/30/2006,70.18,70.2,70.7,68.82,77.98K,0.46%,,,,,
08/29/2006,69.86,70.55,71.25,69.48,94.26K,-1.36%,,,,,
08/28/2006,70.82,72.21,72.47,70.44,55.65K,-2.59%,,,,,
08/25/2006,72.7,73,74.09,72.5,67.17K,0.03%,,,,,
08/24/2006,72.68,72.05,73,71.73,59.37K,0.92%,,,,,
08/23/2006,72.02,73.1,73.17,71.61,78.16K,-1.67%,,,,,
08/22/2006,73.24,73.55,73.79,72.96,64.90K,-0.19%,,,,,
08/21/2006,73.38,72.59,73.74,72.53,77.93K,1.49%,,,,,
08/18/2006,72.3,71.72,72.65,71.35,62.37K,1.01%,,,,,
08/17/2006,71.58,72.45,72.58,71.31,84.13K,-2.05%,,,,,
08/16/2006,73.08,73.65,73.83,72.72,11.75K,-0.98%,,,,,
08/15/2006,73.8,74.2,74.6,73.55,25.51K,-0.67%,,,,,
08/14/2006,74.3,75.16,75.26,73.7,27.85K,-1.76%,,,,,
08-11-2006,75.63,75.25,76.1,75.1,34.09K,0.46%,,,,,
08-10-2006,75.28,77.27,77.55,75.1,43.07K,-2.59%,,,,,
08-09-2006,77.28,77.56,78.43,77.17,41.97K,-0.35%,,,,,
08-08-2006,77.55,78.3,78.65,77.45,45.33K,-0.96%,,,,,
08-07-2006,78.3,76.15,78.64,76.15,59.65K,2.80%,,,,,
08-04-2006,76.17,76.56,77.17,75.64,46.68K,-0.51%,,,,,
08-03-2006,76.56,77.18,77.18,76.02,59.67K,-0.43%,,,,,
08-02-2006,76.89,75.81,77.47,75.81,77.63K,1.32%,,,,,
08-01-2006,75.89,75.15,76.58,74.65,78.57K,0.98%,,,,,
07/31/2006,75.15,73.22,75.23,72.7,110.07K,2.40%,,,,,
07/28/2006,73.39,75.2,75.54,73.16,77.91K,-2.16%,,,,,
07/27/2006,75.01,73.8,75.36,73.79,81.52K,1.36%,,,,,
07/26/2006,74,73.28,74.73,73,103.44K,0.98%,,,,,
07/25/2006,73.28,74.94,75.41,73.1,91.50K,-1.78%,,,,,
07/24/2006,74.61,73.85,74.8,72.78,91.13K,1.17%,,,,,
07/21/2006,73.75,73.5,74.65,73.29,83.38K,0.04%,,,,,
07/20/2006,73.72,74,74.72,73.2,90.03K,-0.24%,,,,,
07/19/2006,73.9,74.75,75.13,72.59,124.56K,-0.62%,,,,,
07/18/2006,74.36,75.7,77.29,74.3,95.26K,-2.05%,,,,,
07/17/2006,75.92,77.98,78.18,75.67,92.69K,-1.75%,,,,,
07/14/2006,77.27,77.76,78.03,76.76,13.78K,0.76%,,,,,
07/13/2006,76.69,74.76,77.5,74.7,33.59K,3.09%,,,,,
07-12-2006,74.39,73.41,74.74,73.27,40.36K,0.98%,,,,,
07-11-2006,73.67,72.75,74.05,72.55,57.92K,1.07%,,,,,
07-10-2006,72.89,73.2,73.26,72.11,72.09K,-0.84%,,,,,
07-07-2006,73.51,73.7,75.09,73.25,75.48K,-0.77%,,,,,
07-06-2006,74.08,73.95,74.3,73.16,84.22K,0.14%,,,,,
07-05-2006,73.98,72.9,74.22,72.51,77.39K,2.03%,,,,,
07-04-2006,72.51,73.3,73.7,72.45,31.65K,-1.20%,,,,,
07-03-2006,73.39,73.26,73.99,73.17,30.31K,-0.16%,,,,,
06/30/2006,73.51,72.95,73.69,72.61,60.10K,0.86%,,,,,
06/29/2006,72.88,71.69,73.12,71.58,64.34K,2.06%,,,,,
06/28/2006,71.41,71.19,71.87,70.76,79.57K,0.61%,,,,,
06/27/2006,70.98,70.79,71.56,70.65,74.27K,0.35%,,,,,
06/26/2006,70.73,69.86,70.8,69.47,76.18K,1.14%,,,,,
06/23/2006,69.93,69.95,70.38,69.48,65.60K,-0.03%,,,,,
06/22/2006,69.95,69.09,70.17,69.08,91.72K,1.13%,,,,,
06/21/2006,69.17,68.05,69.5,67.57,90.51K,1.60%,,,,,
06/20/2006,68.08,68.02,69.04,67.48,89.28K,-0.04%,,,,,
06/19/2006,68.11,68.75,68.75,67.42,69.45K,-1.00%,,,,,
06/16/2006,68.8,68.93,69.36,67.53,77.62K,2.03%,,,,,
06/15/2006,67.43,67,68,67,12.97K,0.67%,,,,,
06/14/2006,66.98,66.62,67.33,66.33,42.80K,0.09%,,,,,
06/13/2006,66.92,68.7,68.75,66.68,37.44K,-2.92%,,,,,
06-12-2006,68.93,70.5,71.2,68.67,53.95K,-2.20%,,,,,
06-09-2006,70.48,69.18,70.63,68.68,50.06K,2.07%,,,,,
06-08-2006,69.05,69.05,69.2,67.73,70.71K,-0.20%,,,,,
06-07-2006,69.19,70.86,70.99,68.88,86.25K,-2.29%,,,,,
06-06-2006,70.81,71.3,71.66,69.88,88.11K,-0.78%,,,,,
06-05-2006,71.37,72.2,72.67,70.87,80.48K,0.48%,,,,,
06-02-2006,71.03,69.73,71.6,69.53,78.93K,2.36%,,,,,
06-01-2006,69.39,70.25,70.95,69.01,104.00K,-1.45%,,,,,
05/31/2006,70.41,71,71.15,69.07,100.52K,-0.90%,,,,,
05/30/2006,71.05,70.8,71.99,70.45,71.76K,0.65%,,,,,
05/26/2006,70.59,70.78,71.21,70.19,56.62K,-0.17%,,,,,
05/25/2006,70.71,69.02,70.86,69.02,58.34K,2.15%,,,,,
05/24/2006,69.22,70.5,70.85,68.81,92.87K,-2.51%,,,,,
05/23/2006,71,69.65,71.35,69.57,88.60K,2.38%,,,,,
05/22/2006,69.35,68.95,69.58,67.63,72.46K,0.98%,,,,,
05/19/2006,68.68,70.13,70.26,68.25,77.18K,-1.42%,,,,,
05/18/2006,69.67,68.8,70.08,68.32,82.42K,0.91%,,,,,
05/17/2006,69.04,70.14,70.69,68.64,83.74K,-1.71%,,,,,
05/16/2006,70.24,69.01,70.36,68.58,12.11K,0.04%,,,,,
05/15/2006,70.21,71.5,71.5,68.65,62.40K,-2.73%,,,,,
05-12-2006,72.18,73.04,73.53,71.83,56.11K,-0.46%,,,,,
05-11-2006,72.51,72.34,73.88,72.29,69.70K,2.39%,,,,,
05-10-2006,70.82,70.98,72.58,70.16,68.85K,-0.56%,,,,,
05-09-2006,71.22,70.64,71.78,70.17,82.97K,2.73%,,,,,
05-08-2006,69.33,71.1,71.25,69.06,71.75K,-2.19%,,,,,
05-05-2006,70.88,70.82,71.46,70.14,61.92K,0.70%,,,,,
05-04-2006,70.39,72.55,72.61,69.79,89.52K,-4.00%,,,,,
05-03-2006,73.32,74.9,74.97,72.46,84.49K,-2.07%,,,,,
05-02-2006,74.87,74,74.97,73.53,86.72K,2.00%,,,,,
05-01-2006,73.4,71.98,74.07,71.98,33.06K,1.24%,,,,,
04/28/2006,72.5,70.75,72.65,70.45,85.32K,2.08%,,,,,
04/27/2006,71.02,71.95,72.11,70.67,78.48K,-1.96%,,,,,
04/26/2006,72.44,73.1,73.63,71.73,83.05K,-0.03%,,,,,
04/25/2006,72.46,72.66,74.02,72.04,100.35K,-1.90%,,,,,
04/24/2006,73.86,74.63,74.76,72.7,80.97K,-0.42%,,,,,
04/21/2006,74.17,72.65,74.79,72.2,75.55K,1.78%,,,,,
04/20/2006,72.87,73.44,74.22,72.37,90.08K,-0.11%,,,,,
04/19/2006,72.95,72.35,74,72.22,92.70K,1.53%,,,,,
04/18/2006,71.85,71.5,72.64,71.22,69.98K,0.77%,,,,,
04/17/2006,71.3,70.99,71.62,70.52,38.78K,1.65%,,,,,
04/13/2006,70.14,69.45,70.99,69.08,74.61K,1.04%,,,,,
04-12-2006,69.42,69.15,69.97,69.13,21.10K,0.07%,,,,,
04-11-2006,69.37,68.8,69.7,68.35,34.04K,0.90%,,,,,
04-10-2006,68.75,67.3,68.99,67.3,54.50K,2.17%,,,,,
04-07-2006,67.29,67.62,67.7,66.62,53.86K,-0.81%,,,,,
04-06-2006,67.84,67.5,68.24,67.38,63.93K,1.10%,,,,,
04-05-2006,67.1,66.39,67.4,65.84,72.51K,1.07%,,,,,
04-04-2006,66.39,66.7,66.87,65.73,67.21K,-0.67%,,,,,
04-03-2006,66.84,66.3,67.93,66.26,68.25K,1.41%,,,,,
03/31/2006,65.91,66.75,66.81,65.52,63.55K,-0.83%,,,,,
03/30/2006,66.46,65.6,67.05,65.27,67.96K,1.39%,,,,,
03/29/2006,65.55,64.97,65.87,64.69,77.01K,0.89%,,,,,
03/28/2006,64.97,63.62,65.27,63.44,77.64K,2.14%,,,,,
03/27/2006,63.61,63.5,63.8,62.8,59.55K,0.16%,,,,,
03/24/2006,63.51,63.27,63.9,62.76,61.91K,0.38%,,,,,
03/23/2006,63.27,61.81,63.61,61.42,66.92K,2.88%,,,,,
03/22/2006,61.5,61.99,62.8,61.4,78.38K,-1.01%,,,,,
03/21/2006,62.13,61.32,62.41,60.98,80.10K,1.29%,,,,,
03/20/2006,61.34,63.29,63.56,61.09,62.54K,-3.04%,,,,,
03/17/2006,63.26,64.14,64.35,63.18,49.56K,0.56%,,,,,
03/16/2006,62.91,62.8,63.1,62.15,8.55K,-0.05%,,,,,
03/15/2006,62.94,63.56,64.1,62.51,31.60K,-1.61%,,,,,
03/14/2006,63.97,62.36,64.09,61.83,28.00K,2.85%,,,,,
03/13/2006,62.2,60.8,62.51,60.6,50.38K,2.25%,,,,,
03-10-2006,60.83,61.15,61.6,60.6,52.81K,-0.38%,,,,,
03-09-2006,61.06,59.86,61.55,59.85,69.45K,1.72%,,,,,
03-08-2006,60.03,61.35,61.42,59.26,73.66K,-1.86%,,,,,
03-07-2006,61.17,62.3,62.84,60.78,65.93K,-1.88%,,,,,
03-06-2006,62.34,64.18,64.18,62.11,69.95K,-2.87%,,,,,
03-03-2006,64.18,64.4,64.64,63.57,62.04K,0.17%,,,,,
03-02-2006,64.07,62.55,64.35,62.55,77.28K,2.59%,,,,,
03-01-2006,62.45,61.95,62.76,61.65,73.24K,1.12%,,,,,
02/28/2006,61.76,60.36,62.1,60.36,67.17K,1.26%,,,,,
02/27/2006,60.99,62.2,62.28,60.73,63.38K,-2.57%,,,,,
02/24/2006,62.6,60.85,62.87,60.8,83.11K,3.40%,,,,,
02/23/2006,60.54,60.17,61.11,59.81,73.04K,0.17%,,,,,
02/22/2006,60.44,61.33,61.42,60,63.19K,-1.88%,,,,,
02/21/2006,61.6,61.51,61.75,60.9,68.19K,0.10%,,,,,
02/20/2006,61.54,60,61.74,60,41.73K,2.76%,,,,,
02/17/2006,59.89,59.45,60.32,59.1,59.44K,1.87%,,,,,
02/16/2006,58.79,58.15,59.5,58.05,60.51K,1.10%,,,,,
02/15/2006,58.15,59.52,59.92,57.9,70.70K,-2.30%,,,,,
02/14/2006,59.52,60.51,60.97,59.3,59.53K,0.24%,,,,,
02/13/2006,59.38,59.26,60.03,58.94,16.03K,-0.44%,,,,,
02-10-2006,59.64,61.23,61.23,59.41,39.06K,-1.83%,,,,,
02-09-2006,60.75,61.23,62.05,60.57,49.28K,-0.51%,,,,,
02-08-2006,61.06,61.51,61.89,60.75,56.10K,-0.81%,,,,,
02-07-2006,61.56,63.21,63.23,61.23,62.52K,-2.79%,,,,,
02-06-2006,63.33,63.85,64.5,63.1,50.55K,-0.09%,,,,,
02-03-2006,63.39,62.75,63.6,62.15,60.82K,0.81%,,,,,
02-02-2006,62.88,64.9,65.52,62.53,79.21K,-3.31%,,,,,
02-01-2006,65.03,65.76,67.27,64.19,80.82K,-1.45%,,,,,
01/31/2006,65.99,66.4,66.94,65.44,72.36K,-0.90%,,,,,
01/30/2006,66.59,66.5,66.8,65.6,59.88K,0.53%,,,,,
01/27/2006,66.24,65.31,66.43,65.25,58.57K,2.03%,,,,,
01/26/2006,64.92,63.95,65.51,63.95,82.60K,1.07%,,,,,
01/25/2006,64.23,65.03,65.17,63.87,84.81K,-1.70%,,,,,
01/24/2006,65.34,65.9,66.35,65.05,76.65K,-1.24%,,,,,
01/23/2006,66.16,67.05,67.11,65.63,72.89K,-0.41%,,,,,
01/20/2006,66.43,65.36,67.32,65.35,79.49K,1.84%,,,,,
01/19/2006,65.23,64.44,65.5,63.8,70.57K,1.62%,,,,,
01/18/2006,64.19,65.24,65.52,63.84,87.53K,-1.09%,,,,,
01/17/2006,64.9,63.55,65.32,63.35,88.29K,3.13%,,,,,
01/16/2006,62.93,62.4,63.18,62.4,7.42K,1.08%,,,,,
01/13/2006,62.26,62.42,63.25,61.77,32.89K,-0.57%,,,,,
01-12-2006,62.62,62.6,63.28,62.48,43.01K,0.72%,,,,,
01-11-2006,62.17,61.95,62.94,61.04,68.57K,0.40%,,,,,
01-10-2006,61.92,61.81,62.61,61.53,56.72K,-0.15%,,,,,
01-09-2006,62.01,62.75,63.21,61.41,55.43K,-1.13%,,,,,
01-06-2006,62.72,61.15,63.09,61.15,69.38K,2.60%,,,,,
01-05-2006,61.13,61.68,62.09,61.05,74.87K,-0.89%,,,,,
01-04-2006,61.68,61.35,61.84,60.36,66.43K,0.54%,,,,,
01-03-2006,61.35,59.35,62.05,59.08,70.86K,4.02%,,,,,
12/30/2005,58.98,57.97,59.23,57.56,28.08K,1.57%,,,,,
12/29/2005,58.07,57.69,58.52,57.2,33.88K,0.75%,,,,,
12/28/2005,57.64,56.05,58.08,55.7,46.43K,2.40%,,,,,
12/27/2005,56.29,56.1,56.46,55.52,20.99K,-0.71%,,,,,
12/23/2005,56.69,57,57,56.04,26.41K,0.25%,,,,,
12/22/2005,56.55,56.24,57.73,56.04,46.22K,-0.30%,,,,,
12/21/2005,56.72,56.17,56.99,55.81,51.47K,0.98%,,,,,
12/20/2005,56.17,56.28,56.66,55.87,48.07K,0.11%,,,,,
12/19/2005,56.11,57.12,57.68,55.91,53.49K,-1.79%,,,,,
12/16/2005,57.13,59.36,59.36,57.06,61.05K,-4.54%,,,,,
12/15/2005,59.85,59.6,60.4,59.2,13.82K,0.42%,,,,,
12/14/2005,59.6,59.56,60.31,59.2,41.80K,0.13%,,,,,
12/13/2005,59.52,59.22,59.98,58.66,60.50K,0.13%,,,,,
12-12-2005,59.44,58.03,59.54,57.6,64.07K,3.72%,,,,,
12-09-2005,57.31,58.9,59.58,57.02,66.13K,-2.32%,,,,,
12-08-2005,58.67,57.15,59.05,56.92,67.76K,2.97%,,,,,
12-07-2005,56.98,58.1,58.44,56.85,74.75K,-1.09%,,,,,
12-06-2005,57.61,57.6,58.16,57.33,57.02K,-0.21%,,,,,
12-05-2005,57.73,57.22,58.57,57.22,75.07K,1.19%,,,,,
12-02-2005,57.05,56.3,57.21,55.71,66.67K,1.60%,,,,,
12-01-2005,56.15,55,56.43,54.63,67.88K,2.00%,,,,,
11/30/2005,55.05,54.01,55.22,53.75,67.32K,1.34%,,,,,
11/29/2005,54.32,54.65,55.39,53.92,61.38K,-1.02%,,,,,
11/28/2005,54.88,55.3,55.75,54.2,59.05K,-0.24%,,,,,
11/25/2005,55.01,55.41,55.66,54.89,29.19K,-0.52%,,,,,
11/24/2005,55.3,56.25,56.45,55.2,30.82K,-1.62%,,,,,
11/23/2005,56.21,56.5,56.6,55.5,58.63K,-0.35%,,,,,
11/22/2005,56.41,55.52,56.66,55.52,56.97K,1.93%,,,,,
11/21/2005,55.34,55.25,56.05,54.75,51.19K,0.84%,,,,,
11/18/2005,54.88,54.92,55.23,54.33,57.04K,0.05%,,,,,
11/17/2005,54.85,55.88,56.78,54.74,68.92K,-2.05%,,,,,
11/16/2005,56,55.11,56.3,54.75,68.87K,3.61%,,,,,
11/15/2005,54.05,54.75,54.75,53.9,7.99K,-1.24%,,,,,
11/14/2005,54.73,55.25,55.72,54.5,34.91K,-0.47%,,,,,
11-11-2005,54.99,55.57,55.82,54.74,41.02K,-1.24%,,,,,
11-10-2005,55.68,56.51,56.75,55.21,53.20K,-2.11%,,,,,
11-09-2005,56.88,57.81,58.44,56.5,70.01K,-1.61%,,,,,
11-08-2005,57.81,58.2,58.28,57.24,58.26K,-0.40%,,,,,
11-07-2005,58.04,58.9,59.25,57.18,63.56K,-2.04%,,,,,
11-04-2005,59.25,60.55,60.55,58.98,48.05K,-2.10%,,,,,
11-03-2005,60.52,58.36,60.65,58.16,63.55K,3.67%,,,,,
11-02-2005,58.38,58.22,58.82,57.44,68.12K,0.02%,,,,,
11-01-2005,58.37,58.07,58.81,57.58,53.00K,0.46%,,,,,
10/31/2005,58.1,59.24,59.45,57.69,56.15K,-2.22%,,,,,
10/28/2005,59.42,59.2,59.6,58.83,50.57K,0.47%,,,,,
10/27/2005,59.14,58.88,59.62,58.5,62.50K,0.46%,,,,,
10/26/2005,58.87,59.92,60.78,58.8,68.41K,-2.27%,,,,,
10/25/2005,60.24,58.18,60.35,57.83,71.37K,3.43%,,,,,
10/24/2005,58.24,58.01,58.47,57.36,50.42K,-0.41%,,,,,
10/21/2005,58.48,57.7,58.55,57.05,59.49K,0.98%,,,,,
10/20/2005,57.91,58.27,58.88,57.12,65.39K,-1.18%,,,,,
10/19/2005,58.6,58.93,59.65,57.67,74.79K,-1.15%,,,,,
10/18/2005,59.28,60.6,60.6,58.99,67.52K,-2.13%,,,,,
10/17/2005,60.57,60.28,61.12,59.76,72.42K,2.06%,,,,,
10/14/2005,59.35,59.9,60.27,58.9,11.23K,-1.31%,,,,,
10/13/2005,60.14,60.52,60.92,59.47,24.10K,-0.71%,,,,,
10-12-2005,60.57,60.3,61.31,59.92,59.53K,0.82%,,,,,
10-11-2005,60.08,59.08,60.29,58.81,63.48K,2.21%,,,,,
10-10-2005,58.78,59.2,59.66,57.43,47.33K,-0.73%,,,,,
10-07-2005,59.21,59.3,59.3,58.4,47.60K,1.44%,,,,,
10-06-2005,58.37,59.65,59.95,58.24,55.43K,-2.91%,,,,,
10-05-2005,60.12,61.23,62.18,59.73,60.90K,-1.80%,,,,,
10-04-2005,61.22,62.8,62.8,60.31,59.64K,-2.52%,,,,,
10-03-2005,62.8,63.63,63.96,62.39,49.00K,-1.07%,,,,,
09/30/2005,63.48,63.43,63.95,62.37,57.96K,-0.56%,,,,,
09/29/2005,63.84,63.95,64.28,62.08,69.31K,-0.14%,,,,,
09/28/2005,63.93,62.85,64.72,62.54,66.46K,1.52%,,,,,
09/27/2005,62.97,64.04,64.09,62.7,53.93K,-1.50%,,,,,
09/26/2005,63.93,62.16,64.1,61,61.14K,2.39%,,,,,
09/23/2005,62.44,64.2,64.45,62.01,68.84K,-3.34%,,,,,
09/22/2005,64.6,65.38,65.78,64.2,70.05K,-0.20%,,,,,
09/21/2005,64.73,64.99,65.8,64.53,74.48K,0.83%,,,,,
09/20/2005,64.2,65.5,65.72,63.18,78.19K,-2.15%,,,,,
09/19/2005,65.61,62.35,65.8,62.11,78.08K,6.15%,,,,,
09/16/2005,61.81,63.31,63.61,61.63,59.03K,-2.14%,,,,,
09/15/2005,63.16,63.41,63.96,62.9,12.85K,-0.33%,,,,,
09/14/2005,63.37,61.8,63.59,61.58,37.78K,2.86%,,,,,
09/13/2005,61.61,61.75,62.33,61.15,51.85K,-0.31%,,,,,
09-12-2005,61.8,62.83,63.1,61.14,51.06K,-1.65%,,,,,
09-09-2005,62.84,63.53,64.16,62.39,56.77K,-0.38%,,,,,
09-08-2005,63.08,63.23,63.74,61.59,63.02K,0.30%,,,,,
09-07-2005,62.89,64.15,65,62.58,60.28K,-2.75%,,,,,
09-06-2005,64.67,64.85,66.08,64.2,53.79K,-0.28%,,,,,
09-05-2005,64.85,66,66,64.43,28.81K,-1.83%,,,,,
09-02-2005,66.06,67.39,67.88,64.83,48.21K,-2.45%,,,,,
09-01-2005,67.72,66.7,67.84,66.65,57.37K,1.04%,,,,,
08/31/2005,67.02,68.05,68.24,65.64,77.96K,-0.81%,,,,,
08/30/2005,67.57,66.65,68.89,66.07,98.47K,4.16%,,,,,
08/26/2005,64.87,65.98,66.65,64.59,52.82K,-2.11%,,,,,
08/25/2005,66.27,66.56,66.56,65.25,62.05K,0.39%,,,,,
08/24/2005,66.01,65,66.65,64.29,75.68K,2.10%,,,,,
08/23/2005,64.65,64.39,64.96,63.59,71.12K,0.23%,,,,,
08/22/2005,64.5,64.4,65.38,64.02,55.77K,0.22%,,,,,
08/19/2005,64.36,62.7,64.69,62.5,58.01K,3.14%,,,,,
08/18/2005,62.4,62.45,63.11,61.45,69.25K,-0.26%,,,,,
08/17/2005,62.56,65,65.5,62.38,95.11K,-4.36%,,,,,
08/16/2005,65.41,64.9,65.92,64.9,8.70K,-0.26%,,,,,
08/15/2005,65.58,65.73,66.85,64.79,41.11K,-1.31%,,,,,
08-12-2005,66.45,65.55,66.77,65.1,42.20K,1.64%,,,,,
08-11-2005,65.38,64.15,65.66,63.5,71.04K,2.17%,,,,,
08-10-2005,63.99,62.13,64.24,61.94,83.09K,3.24%,,,,,
08-09-2005,61.98,62.75,63.06,61.87,50.59K,-1.15%,,,,,
08-08-2005,62.7,61.3,62.76,61.24,61.18K,2.67%,,,,,
08-05-2005,61.07,60.5,61.24,60.35,52.11K,1.58%,,,,,
08-04-2005,60.12,59.56,60.86,59.56,47.66K,0.79%,,,,,
08-03-2005,59.65,60.72,61.26,59.37,64.12K,-1.60%,,,,,
08-02-2005,60.62,60.45,60.74,59.65,65.48K,0.30%,,,,,
08-01-2005,60.44,59.85,60.98,59.58,60.88K,1.80%,,,,,
07/29/2005,59.37,59,59.84,58.95,52.11K,1.04%,,,,,
07/28/2005,58.76,58.01,58.97,57.75,56.89K,1.29%,,,,,
07/27/2005,58.01,57.73,58.5,57.55,68.53K,-0.03%,,,,,
07/26/2005,58.03,57.69,58.65,57.35,58.41K,0.29%,,,,,
07/25/2005,57.86,57.55,58,56.56,64.77K,0.49%,,,,,
07/22/2005,57.58,56.1,57.75,55.82,50.98K,3.34%,,,,,
07/21/2005,55.72,56.3,56.68,55.25,64.77K,-1.64%,,,,,
07/20/2005,56.65,57.5,58.3,56.15,72.96K,-1.24%,,,,,
07/19/2005,57.36,57.04,57.53,56.6,59.80K,0.65%,,,,,
07/18/2005,56.99,57.8,58.54,56.49,58.80K,-1.08%,,,,,
07/15/2005,57.61,57.3,58.16,56.5,52.56K,0.52%,,,,,
07/14/2005,57.31,57.95,58.5,56.9,18.23K,-1.65%,,,,,
07/13/2005,58.27,59.01,59.58,57.9,57.59K,-0.94%,,,,,
07-12-2005,58.82,57.65,59.46,57.35,62.30K,2.40%,,,,,
07-11-2005,57.44,57.6,57.79,56.62,52.59K,-1.31%,,,,,
07-08-2005,58.2,59.22,60.36,57.97,58.10K,-1.82%,,,,,
07-07-2005,59.28,60.04,60.7,55.55,79.33K,-0.95%,,,,,
07-06-2005,59.85,58.4,60.01,58.38,61.14K,2.68%,,,,,
07-05-2005,58.29,57.9,58.72,57.85,54.86K,0.60%,,,,,
07-04-2005,57.94,57.65,58.1,57.4,15.50K,0.70%,,,,,
07-01-2005,57.54,55.7,57.92,55.46,45.85K,3.53%,,,,,
06/30/2005,55.58,56.15,56.71,55.04,73.47K,-1.02%,,,,,
06/29/2005,56.15,57.33,57.33,55.86,67.54K,-1.80%,,,,,
06/28/2005,57.18,59.1,59.14,56.85,60.67K,-3.58%,,,,,
06/27/2005,59.3,58.85,59.59,58.7,46.94K,1.61%,,,,,
06/24/2005,58.36,58.32,58.51,57.65,48.64K,0.69%,,,,,
06/23/2005,57.96,56.88,58.55,56.66,63.12K,2.44%,,,,,
06/22/2005,56.58,57.26,58,56.38,61.88K,-1.60%,,,,,
06/21/2005,57.5,57.95,58.48,57.3,69.00K,-1.41%,,,,,
06/20/2005,58.32,57.8,58.58,57.3,53.72K,0.97%,,,,,
06/17/2005,57.76,56.4,57.95,56.15,53.28K,2.74%,,,,,
06/16/2005,56.22,55.24,56.39,55.08,57.59K,3.16%,,,,,
06/15/2005,54.5,54.1,55.07,54.02,16.95K,1.43%,,,,,
06/14/2005,53.73,54.61,54.71,53.65,33.66K,-1.92%,,,,,
06/13/2005,54.78,52.55,54.86,52.55,34.73K,4.01%,,,,,
06-10-2005,52.67,53.9,54.3,52.56,40.40K,-2.14%,,,,,
06-09-2005,53.82,51.95,53.95,51.61,47.61K,3.28%,,,,,
06-08-2005,52.11,53.05,54.5,51.95,59.69K,-1.92%,,,,,
06-07-2005,53.13,53.65,53.9,52.72,58.50K,-1.01%,,,,,
06-06-2005,53.67,54.3,54.62,53.12,47.08K,-0.92%,,,,,
06-03-2005,54.17,52.39,54.24,52.39,49.01K,3.38%,,,,,
06-02-2005,52.4,53.05,53.97,52.26,60.69K,-1.63%,,,,,
06-01-2005,53.27,50.85,53.46,50.85,59.03K,5.01%,,,,,
05/31/2005,50.73,50.47,50.86,49.87,56.29K,0.06%,,,,,
05/27/2005,50.7,49.96,50.8,49.82,38.62K,1.08%,,,,,
05/26/2005,50.16,50.08,50.79,49.76,55.35K,0.18%,,,,,
05/25/2005,50.07,48.75,50.58,48.62,72.97K,2.56%,,,,,
05/24/2005,48.82,48.51,49.04,48.05,60.45K,0.93%,,,,,
05/23/2005,48.37,47.91,48.8,47.47,54.67K,0.71%,,,,,
05/20/2005,48.03,48.1,48.51,47.6,60.55K,0.31%,,,,,
05/19/2005,47.88,47.9,48.82,47.8,52.81K,-0.56%,,,,,
05/18/2005,48.15,49.6,49.8,47.95,59.55K,-2.41%,,,,,
05/17/2005,49.34,49.4,49.67,48.6,54.51K,2.68%,,,,,
05/16/2005,48.05,48.36,48.36,47.65,16.96K,-1.25%,,,,,
05/13/2005,48.66,48.25,49.07,47.71,40.56K,0.66%,,,,,
05-12-2005,48.34,49.78,49.78,48.18,46.40K,-3.46%,,,,,
05-11-2005,50.07,51.2,51.38,49.82,54.50K,-2.64%,,,,,
05-10-2005,51.43,51.75,52.43,51.01,51.80K,0.27%,,,,,
05-09-2005,51.29,51.4,51.6,50.41,39.58K,1.02%,,,,,
05-06-2005,50.77,51.65,51.98,50.41,43.58K,-0.70%,,,,,
05-05-2005,51.13,51.22,51.91,50.11,49.78K,0.31%,,,,,
05-04-2005,50.97,50.46,51.49,49.66,56.72K,0.89%,,,,,
05-03-2005,50.52,51.78,51.8,50.45,45.36K,-1.12%,,,,,
04/29/2005,51.09,52.59,53.07,50.35,36.47K,-2.65%,,,,,
04/28/2005,52.48,51.85,52.85,50.96,63.04K,0.36%,,,,,
04/27/2005,52.29,54.15,54.35,51.72,43.93K,-3.42%,,,,,
04/26/2005,54.14,54.25,54.38,53.33,46.71K,-0.48%,,,,,
04/25/2005,54.4,55.54,55.74,54.07,42.94K,-1.04%,,,,,
04/22/2005,54.97,54.25,55.4,54.23,38.05K,1.78%,,,,,
04/21/2005,54.01,53.3,54.3,52.9,38.52K,0.43%,,,,,
04/20/2005,53.78,53.3,54.1,53.02,56.44K,1.59%,,,,,
04/19/2005,52.94,51,53,50.95,41.69K,4.25%,,,,,
04/18/2005,50.78,51.15,51.73,50.44,42.31K,-1.61%,,,,,
04/15/2005,51.61,52.35,52.35,51.21,43.08K,1.37%,,,,,
04/14/2005,50.91,50.6,51.14,50.4,12.05K,0.85%,,,,,
04/13/2005,50.48,51.35,51.65,50.41,18.15K,-2.89%,,,,,
04-12-2005,51.98,53.3,53.6,51.6,15.49K,-2.31%,,,,,
04-11-2005,53.21,52.8,53.4,51.52,23.79K,0.61%,,,,,
04-08-2005,52.89,53.4,53.9,52.58,25.39K,-2.13%,,,,,
04-07-2005,54.04,55.4,56.48,53.6,26.94K,-2.23%,,,,,
04-06-2005,55.27,55.38,55.92,54.6,33.72K,-0.31%,,,,,
04-05-2005,55.44,56.2,56.65,55.4,37.22K,-1.40%,,,,,
04-04-2005,56.23,56.8,57.65,55.9,39.78K,-0.50%,,,,,
04-01-2005,56.51,54.52,56.6,54.37,34.44K,4.09%,,,,,
03/31/2005,54.29,53.3,54.95,52.84,44.50K,4.22%,,,,,
03/30/2005,52.09,53.23,53.26,51.8,43.82K,-1.77%,,,,,
03/29/2005,53.03,53,53.5,52.5,43.17K,-1.67%,,,,,
03/24/2005,53.93,53,53.97,53,41.00K,1.68%,,,,,
03/23/2005,53.04,54.35,54.4,52.65,56.05K,-2.84%,,,,,
03/22/2005,54.59,55.75,55.75,54.4,33.31K,-1.90%,,,,,
03/21/2005,55.65,55.59,55.87,55.05,38.08K,0.11%,,,,,
03/18/2005,55.59,55.03,55.7,54.8,25.12K,0.96%,,,,,
03/17/2005,55.06,55.05,56.15,54.91,44.10K,0.47%,,,,,
03/16/2005,54.8,53.25,54.95,53.17,11.17K,1.76%,,,,,
03/15/2005,53.85,53.68,54.28,53.05,21.86K,0.35%,,,,,
03/14/2005,53.66,53.09,53.7,52.46,19.70K,1.05%,,,,,
03-11-2005,53.1,52,53.4,51.4,22.11K,0.84%,,,,,
03-10-2005,52.66,53.1,53.42,52.1,27.11K,-1.35%,,,,,
03-09-2005,53.38,52.8,54.3,52.67,30.09K,1.02%,,,,,
03-08-2005,52.84,51.75,53.3,51.34,34.62K,1.44%,,,,,
03-07-2005,52.09,51.74,52.2,50.95,31.21K,0.56%,,,,,
03-04-2005,51.8,51.72,52.12,51.3,31.03K,-0.29%,,,,,
03-03-2005,51.95,51.5,53,51.12,47.50K,1.43%,,,,,
03-02-2005,51.22,50.1,51.39,49.85,38.18K,2.22%,,,,,
03-01-2005,50.11,50.08,50.32,49.05,73.06K,0.10%,,,,,
02/28/2005,50.06,50,50.34,49.45,40.76K,0.91%,,,,,
02/25/2005,49.61,49.39,49.9,48.86,49.67K,0.34%,,,,,
02/24/2005,49.44,48.68,49.75,48.45,54.90K,1.92%,,,,,
02/23/2005,48.51,48.62,48.95,48.1,53.77K,-0.23%,,,,,
02/22/2005,48.62,46.73,48.9,46.55,66.35K,4.04%,,,,,
02/21/2005,46.73,46.45,47.08,46.39,31.56K,0.84%,,,,,
02/18/2005,46.34,45.92,46.5,45.8,35.04K,1.13%,,,,,
02/17/2005,45.82,46.55,46.64,45.5,41.34K,-0.72%,,,,,
02/16/2005,46.15,45.4,46.55,44.95,48.32K,1.67%,,,,,
02/15/2005,45.39,45.47,45.7,45.28,25.93K,-0.31%,,,,,
02/14/2005,45.53,45.07,45.85,44.65,36.94K,1.63%,,,,,
02-11-2005,44.8,44.49,44.92,44.35,18.12K,0.72%,,,,,
02-10-2005,44.48,43.25,44.7,43.17,33.22K,3.13%,,,,,
02-09-2005,43.13,42.7,44.12,42.57,33.77K,0.14%,,,,,
02-08-2005,43.07,42.94,43.38,42.46,31.36K,0.07%,,,,,
02-07-2005,43.04,43.7,43.87,42.76,38.51K,-1.94%,,,,,
02-04-2005,43.89,44.03,44.48,43.66,29.40K,0.09%,,,,,
02-03-2005,43.85,44.13,44.13,43.15,34.15K,-0.36%,,,,,
02-02-2005,44.01,44.7,45,43.93,42.84K,-1.81%,,,,,
02-01-2005,44.82,45.48,45.85,44.65,35.04K,-2.40%,,,,,
01/31/2005,45.92,44.5,45.95,43.58,46.08K,2.16%,,,,,
01/28/2005,44.95,46.45,46.48,44.5,40.08K,-3.21%,,,,,
01/27/2005,46.44,46.55,47.35,46.35,38.03K,-0.15%,,,,,
01/26/2005,46.51,46.7,47,45.6,44.28K,-0.96%,,,,,
01/25/2005,46.96,45.79,46.99,45.63,41.53K,2.06%,,,,,
01/24/2005,46.01,46.2,46.44,45.05,38.32K,0.61%,,,,,
01/21/2005,45.73,44.33,46.1,44.3,40.67K,3.18%,,,,,
01/20/2005,44.32,44.2,44.67,43.73,41.47K,-0.87%,,,,,
01/19/2005,44.71,45.07,45.37,44.66,39.36K,-1.50%,,,,,
01/18/2005,45.39,45.83,46.35,44.6,58.32K,0.80%,,,,,
01/17/2005,45.03,45.35,45.4,44.77,18.11K,-0.27%,,,,,
01/14/2005,45.15,45.22,45.3,44.86,8.49K,-0.13%,,,,,
01/13/2005,45.21,43.97,45.47,43.79,22.01K,3.50%,,,,,
01-12-2005,43.68,43.4,43.9,42.5,19.56K,1.30%,,,,,
01-11-2005,43.12,42.95,43.65,42.55,29.36K,0.47%,,,,,
01-10-2005,42.92,43.2,44.85,42.9,27.65K,-0.60%,,,,,
01-07-2005,43.18,42.75,43.75,42.2,29.64K,0.77%,,,,,
01-06-2005,42.85,40.43,43.2,39.82,51.63K,5.78%,,,,,
01-05-2005,40.51,40.8,41,39.9,42.23K,-1.29%,,,,,
01-04-2005,41.04,39.4,41.25,38.81,40.10K,1.43%,,,,,
12/31/2004,40.46,40.37,40.59,40.2,11.10K,0.22%,,,,,
12/30/2004,40.37,40.08,40.45,39.3,28.08K,3.06%,,,,,
12/29/2004,39.17,38.7,39.6,38.4,40.78K,-2.25%,,,,,
12/24/2004,40.07,40.7,40.8,39.95,10.21K,-1.57%,,,,,
12/23/2004,40.71,40.6,40.85,40.12,22.28K,0.17%,,,,,
12/22/2004,40.64,42.17,42.42,40.5,34.94K,-4.08%,,,,,
12/21/2004,42.37,42.43,42.63,41.8,32.59K,-0.19%,,,,,
12/20/2004,42.45,43.1,43.4,41.9,38.07K,-2.17%,,,,,
12/17/2004,43.39,41.7,43.45,41.21,37.30K,4.68%,,,,,
12/16/2004,41.45,42.11,42.15,41.15,6.72K,-1.82%,,,,,
12/15/2004,42.22,39.45,42.3,39.45,18.37K,7.57%,,,,,
12/14/2004,39.25,38.24,39.3,37.73,23.62K,3.73%,,,,,
12/13/2004,37.84,37.8,38.55,37,33.25K,1.23%,,,,,
12-10-2004,37.38,39.85,40.52,37.3,33.30K,-5.77%,,,,,
12-09-2004,39.67,39.03,40.03,38.9,28.95K,2.53%,,,,,
12-08-2004,38.69,38.42,39.25,37.3,44.63K,1.10%,,,,,
12-07-2004,38.27,39.78,39.9,38.05,38.12K,-3.48%,,,,,
12-06-2004,39.65,39.5,40.45,39.3,35.40K,0.74%,,,,,
12-03-2004,39.36,40.1,40.65,38.85,42.90K,-1.97%,,,,,
12-02-2004,40.15,42.4,42.75,39.5,53.89K,-5.11%,,,,,
12-01-2004,42.31,45.35,45.43,42.15,48.75K,-7.03%,,,,,
11/30/2004,45.51,45.62,46.7,44.92,42.57K,-0.52%,,,,,
11/29/2004,45.75,44.7,45.88,44.7,44.38K,2.65%,,,,,
11/26/2004,44.57,44.91,45.05,44.52,19.96K,-0.20%,,,,,
11/25/2004,44.66,45.07,45.51,44.6,21.48K,-0.36%,,,,,
11/24/2004,44.82,44.5,44.95,43.5,39.90K,0.83%,,,,,
11/23/2004,44.45,44.04,45.95,43.84,48.04K,0.16%,,,,,
11/22/2004,44.38,44.95,45.74,44.15,48.57K,-1.14%,,,,,
11/19/2004,44.89,42.78,44.9,42.6,55.48K,5.08%,,,,,
11/18/2004,42.72,42.76,43.4,42.1,51.72K,-0.09%,,,,,
11/17/2004,42.76,42.29,43.12,41.3,55.28K,1.11%,,,,,
11/16/2004,42.29,43.04,43.65,42.2,51.08K,4.83%,,,,,
11/15/2004,40.34,42.19,42.19,40.05,7.31K,-4.66%,,,,,
11-12-2004,42.31,43.4,43.47,42.2,23.27K,-1.65%,,,,,
11-11-2004,43.02,44.55,44.7,42.95,15.77K,-3.87%,,,,,
11-10-2004,44.75,43.46,44.8,43.3,33.62K,2.38%,,,,,
11-09-2004,43.71,46,46.28,43.6,38.14K,-4.81%,,,,,
11-08-2004,45.92,46.3,46.3,45.4,28.84K,-1.08%,,,,,
11-05-2004,46.42,45.8,46.62,45.5,34.18K,0.89%,,,,,
11-04-2004,46.01,47.05,47.65,45.9,44.52K,-3.26%,,,,,
11-03-2004,47.56,46.3,47.85,45.45,44.70K,2.17%,,,,,
11-02-2004,46.55,47.06,47.35,46.4,41.92K,-1.08%,,,,,
11-01-2004,47.06,49.2,49.6,46.21,53.72K,-3.92%,,,,,
10/29/2004,48.98,48,49,47.68,43.93K,1.26%,,,,,
10/28/2004,48.37,48.75,49.75,48.3,64.34K,-2.18%,,,,,
10/27/2004,49.45,51.4,51.94,49.25,65.01K,-4.09%,,,,,
10/26/2004,51.56,50.47,51.6,50.15,43.57K,1.54%,,,,,
10/25/2004,50.78,51.3,51.9,50.45,41.32K,-0.86%,,,,,
10/22/2004,51.22,50.9,51.65,50.9,36.31K,0.99%,,,,,
10/21/2004,50.72,50.55,51.14,50.38,41.28K,0.40%,,,,,
10/20/2004,50.52,48.7,50.62,48.7,56.54K,3.59%,,,,,
10/19/2004,48.77,48.85,48.86,47.9,57.39K,-0.29%,,,,,
10/18/2004,48.91,50.3,50.4,48.37,48.76K,-2.04%,,,,,
10/15/2004,49.93,49.95,50.15,49.44,37.68K,-1.79%,,,,,
10/14/2004,50.84,50.25,50.9,50,11.02K,1.58%,,,,,
10/13/2004,50.05,49.62,50.35,48.5,32.02K,0.91%,,,,,
10-12-2004,49.6,50.55,51.5,49.6,27.95K,-2.09%,,,,,
10-11-2004,50.66,49.6,50.7,49.4,33.19K,1.91%,,,,,
10-08-2004,49.71,48.69,49.75,48.15,43.87K,1.66%,,,,,
10-07-2004,48.9,48.1,49.2,48.1,35.35K,1.90%,,,,,
10-06-2004,47.99,47.1,48.1,46.85,43.71K,1.82%,,,,,
10-05-2004,47.13,45.8,47.41,45.8,43.89K,2.04%,,,,,
10-04-2004,46.19,46.25,46.35,45.85,27.82K,-0.92%,,,,,
10-01-2004,46.62,46.2,46.73,45.9,33.04K,0.52%,,,,,
09/30/2004,46.38,46.02,46.72,45.65,34.75K,0.65%,,,,,
09/29/2004,46.08,46.57,46.7,45.05,40.84K,-0.80%,,,,,
09/28/2004,46.45,46.8,46.8,45.95,41.42K,1.13%,,,,,
09/27/2004,45.93,45.7,46.25,45.5,30.36K,1.32%,,,,,
09/24/2004,45.33,44.91,45.35,44.56,34.01K,0.44%,,,,,
09/23/2004,45.13,44.93,45.75,44.35,43.55K,0.45%,,,,,
09/22/2004,44.93,43.45,45.15,43.2,49.05K,3.55%,,,,,
09/21/2004,43.39,43.1,43.78,42.6,38.16K,1.12%,,,,,
09/20/2004,42.91,42.55,43.17,42.1,36.44K,1.08%,,,,,
09/17/2004,42.45,41,42.52,40.91,56.32K,4.17%,,,,,
09/16/2004,40.75,40.7,41.15,40,56.74K,-2.63%,,,,,
09/15/2004,41.85,41.93,42.3,41.6,10.18K,0.29%,,,,,
09/14/2004,41.73,41.06,42.02,41.06,54.33K,1.63%,,,,,
09/13/2004,41.06,41.05,41.5,40.3,32.00K,2.14%,,,,,
09-10-2004,40.2,42.2,42.6,40,42.76K,-4.78%,,,,,
09-09-2004,42.22,40.25,42.3,40.1,50.33K,4.53%,,,,,
09-08-2004,40.39,40.64,41.1,40.06,39.61K,-0.91%,,,,,
09-07-2004,40.76,40.62,40.9,40.25,45.87K,0.34%,,,,,
09-06-2004,40.62,41.3,41.4,40.54,22.68K,-1.48%,,,,,
09-03-2004,41.23,41.7,41.8,41.1,33.31K,-0.82%,,,,,
09-02-2004,41.57,41.4,43.04,41.3,55.54K,0.24%,,,,,
09-01-2004,41.47,39.9,41.85,39.7,44.09K,4.70%,,,,,
08/31/2004,39.61,39.75,39.95,39.2,49.06K,-2.53%,,,,,
08/27/2004,40.64,40.87,40.88,40.2,38.00K,0.77%,,,,,
08/26/2004,40.33,40.8,41.25,39.67,61.69K,-0.86%,,,,,
08/25/2004,40.68,42.55,42.74,40.42,56.25K,-3.88%,,,,,
08/24/2004,42.32,42.8,42.99,42,55.31K,-1.65%,,,,,
08/23/2004,43.03,43.88,44.05,42.96,41.89K,-1.17%,,,,,
08/20/2004,43.54,44.5,45.15,43.3,40.92K,-1.78%,,,,,
08/19/2004,44.33,43.25,44.35,43.18,45.20K,3.02%,,,,,
08/18/2004,43.03,42.83,43.4,42.55,50.02K,0.09%,,,,,
08/17/2004,42.99,42.58,43.17,42.15,46.45K,-1.56%,,,,,
08/16/2004,43.67,43.85,44.11,43.3,11.28K,-0.48%,,,,,
08/13/2004,43.88,42.29,43.92,42,39.55K,3.76%,,,,,
08-12-2004,42.29,41.5,42.56,41.5,27.96K,1.73%,,,,,
08-11-2004,41.57,41.2,41.7,40.4,40.45K,0.70%,,,,,
08-10-2004,41.28,41.41,41.69,41.11,38.57K,-0.67%,,,,,
08-09-2004,41.56,40.4,41.66,40.27,33.09K,2.29%,,,,,
08-06-2004,40.63,41.35,41.5,40.46,38.13K,-1.19%,,,,,
08-05-2004,41.12,39.85,41.3,39.85,37.74K,3.58%,,,,,
08-04-2004,39.7,40.6,40.99,39.7,49.32K,-2.31%,,,,,
08-03-2004,40.64,40.18,40.75,39.92,40.90K,1.68%,,,,,
08-02-2004,39.97,39.7,40.04,39.54,37.04K,-0.15%,,,,,
07/30/2004,40.03,39.55,40.05,39.45,34.62K,1.99%,,,,,
07/29/2004,39.25,39.25,39.38,38.7,47.28K,-0.71%,,,,,
07/28/2004,39.53,38.4,39.68,38.25,57.13K,2.57%,,,,,
07/27/2004,38.54,38.2,38.73,38,36.54K,1.13%,,,,,
07/26/2004,38.11,38.5,38.5,37.75,33.58K,-0.42%,,,,,
07/23/2004,38.27,38.1,38.4,37.85,33.67K,0.68%,,,,,
07/22/2004,38.01,37.2,38.15,37.05,49.92K,2.29%,,,,,
07/21/2004,37.16,37.06,37.66,36.99,36.11K,0.41%,,,,,
07/20/2004,37.01,38,38.15,36.96,46.97K,-2.35%,,,,,
07/19/2004,37.9,37.5,38.23,37.5,35.79K,-0.26%,,,,,
07/16/2004,38,37.56,38.5,37.25,49.53K,-0.29%,,,,,
07/15/2004,38.11,38.18,38.39,37.86,10.55K,-1.12%,,,,,
07/14/2004,38.54,36.9,38.58,36.6,33.33K,5.04%,,,,,
07/13/2004,36.69,36.4,36.88,36.11,29.35K,0.16%,,,,,
07-12-2004,36.63,36.95,37.7,36.6,33.49K,-1.13%,,,,,
07-09-2004,37.05,37.6,37.8,37,33.55K,-1.91%,,,,,
07-08-2004,37.77,36.83,37.8,36.41,54.67K,3.17%,,,,,
07-07-2004,36.61,37.2,37.2,36.26,45.24K,-1.53%,,,,,
07-06-2004,37.18,36.46,37.3,36.46,44.43K,2.42%,,,,,
07-05-2004,36.3,36.1,36.65,36.1,22.36K,1.06%,,,,,
07-02-2004,35.92,35.82,36.35,35.75,35.29K,-0.42%,,,,,
07-01-2004,36.07,34.25,36.45,34.18,57.28K,4.55%,,,,,
06/30/2004,34.5,33.31,34.55,33.26,48.36K,4.20%,,,,,
06/29/2004,33.11,33.48,33.88,33.08,43.97K,-1.75%,,,,,
06/28/2004,33.7,34.6,34.64,33.57,48.62K,-3.63%,,,,,
06/25/2004,34.97,35.2,35.25,34.6,42.54K,-0.93%,,,,,
06/24/2004,35.3,35.12,35.53,35,48.14K,0.77%,,,,,
06/23/2004,35.03,35.6,36,34.85,70.79K,-1.63%,,,,,
06/22/2004,35.61,35.2,35.7,35,48.58K,1.37%,,,,,
06/21/2004,35.13,36.04,36.59,35.05,55.01K,-2.98%,,,,,
06/18/2004,36.21,36.21,36.7,35.81,43.49K,0.00%,,,,,
06/17/2004,36.21,35.34,36.45,35.25,61.84K,2.87%,,,,,
06/16/2004,35.2,35.05,35.48,34.85,49.26K,-0.26%,,,,,
06/15/2004,35.29,35.05,35.9,34.73,8.86K,-0.56%,,,,,
06/14/2004,35.49,35.75,35.9,35.19,34.42K,0.14%,,,,,
06-11-2004,35.44,35.82,35.84,35.42,22.95K,-0.84%,,,,,
06-10-2004,35.74,35.3,35.88,35.3,38.13K,1.28%,,,,,
06-09-2004,35.29,34.75,35.44,34.43,48.81K,0.68%,,,,,
06-08-2004,35.05,35.97,36.55,35,56.26K,-2.53%,,,,,
06-07-2004,35.96,35.67,36.05,34.8,43.61K,0.81%,,,,,
06-04-2004,35.67,36.28,36.28,35.65,43.38K,-2.01%,,,,,
06-03-2004,36.4,36.9,37.77,35.5,57.91K,-1.25%,,,,,
06-02-2004,36.86,38.85,38.95,36.82,51.82K,-5.68%,,,,,
06-01-2004,39.08,37.15,39.12,37.15,48.57K,6.83%,,,,,
05/28/2004,36.58,35.96,36.67,35.96,32.68K,0.91%,,,,,
05/27/2004,36.25,36.96,37.07,35.95,60.87K,-2.24%,,,,,
05/26/2004,37.08,37.5,37.9,37.05,49.11K,-0.96%,,,,,
05/25/2004,37.44,37.92,38.19,37.25,48.43K,-1.91%,,,,,
05/24/2004,38.17,36.1,38.2,36,64.13K,4.55%,,,,,
05/21/2004,36.51,37.26,37.35,36.35,46.09K,-2.01%,,,,,
05/20/2004,37.26,38.15,38.16,37.25,46.70K,-1.69%,,,,,
05/19/2004,37.9,36.6,37.91,36.4,51.08K,2.57%,,,,,
05/18/2004,36.95,37.45,37.72,36.81,53.90K,-2.53%,,,,,
05/17/2004,37.91,38.25,38.5,37.28,41.99K,-2.19%,,,,,
05/14/2004,38.76,38.3,38.9,38.19,12.19K,0.70%,,,,,
05/13/2004,38.49,37.86,38.53,37.5,44.45K,1.42%,,,,,
05-12-2004,37.95,37.46,38.28,36.96,49.22K,1.58%,,,,,
05-11-2004,37.36,35.8,37.4,35.56,46.30K,3.86%,,,,,
05-10-2004,35.97,36.74,37,35.33,58.30K,-2.78%,,,,,
05-07-2004,37,36.75,37.18,36.7,35.27K,1.29%,,,,,
05-06-2004,36.53,36.79,37.2,36.4,49.51K,-0.52%,,,,,
05-05-2004,36.72,35.75,36.9,35.5,55.78K,2.20%,,,,,
05-04-2004,35.93,35.22,36,34.95,41.19K,4.21%,,,,,
04/30/2004,34.48,34.62,35,34.35,38.98K,0.29%,,,,,
04/29/2004,34.38,34.03,34.45,33.65,46.15K,0.20%,,,,,
04/28/2004,34.31,34.12,34.9,33.6,59.39K,0.09%,,,,,
04/27/2004,34.28,33.6,34.45,33.55,56.89K,2.08%,,,,,
04/26/2004,33.58,33.35,33.85,33.25,39.69K,1.48%,,,,,
04/23/2004,33.09,33.3,33.54,32.9,38.21K,-0.90%,,,,,
04/22/2004,33.39,32.58,33.7,32.58,52.23K,2.87%,,,,,
04/21/2004,32.46,32.87,33.08,32.31,57.85K,-1.96%,,,,,
04/20/2004,33.11,33.45,33.45,32.9,51.63K,-1.05%,,,,,
04/19/2004,33.46,33.58,34.2,33.35,42.58K,-0.54%,,,,,
04/16/2004,33.64,33.87,34.05,33.3,44.28K,1.57%,,,,,
04/15/2004,33.12,33.1,33.43,32.78,14.68K,-0.99%,,,,,
04/14/2004,33.45,33,33.55,32.42,33.81K,0.78%,,,,,
04/13/2004,33.19,33.7,33.7,33.08,33.80K,-0.45%,,,,,
04-08-2004,33.34,32.5,33.4,32.5,48.35K,2.74%,,,,,
04-07-2004,32.45,31.35,32.74,31.05,46.90K,3.51%,,,,,
04-06-2004,31.35,30.69,31.35,30.3,43.25K,2.15%,,,,,
04-05-2004,30.69,30.8,30.92,30.15,33.64K,1.59%,,,,,
04-02-2004,30.21,30.89,31.17,29.95,56.88K,-4.25%,,,,,
04-01-2004,31.55,32.23,32.23,30.52,45.32K,0.13%,,,,,
03/31/2004,31.51,32.55,33,31.15,62.65K,-2.90%,,,,,
03/30/2004,32.45,31.6,32.7,31.52,37.89K,2.24%,,,,,
03/29/2004,31.74,31.66,31.76,31.4,26.07K,-0.78%,,,,,
03/26/2004,31.99,31.9,32.25,31.2,39.99K,0.50%,,,,,
03/25/2004,31.83,32.76,32.83,31.7,56.29K,-3.57%,,,,,
03/24/2004,33.01,33.45,33.6,32.6,42.83K,-0.90%,,,,,
03/23/2004,33.31,32.85,33.45,32.53,41.47K,1.55%,,,,,
03/22/2004,32.8,33.04,33.04,32.43,33.43K,-1.38%,,,,,
03/19/2004,33.26,32.9,33.37,32.81,27.02K,0.39%,,,,,
03/18/2004,33.13,33.4,33.4,32.65,43.83K,-1.19%,,,,,
03/17/2004,33.53,32.6,33.58,32.5,63.17K,0.24%,,,,,
03/16/2004,33.45,33.5,33.55,33.2,19.18K,-1.04%,,,,,
03/15/2004,33.8,32.5,33.82,32.34,39.55K,4.84%,,,,,
03-12-2004,32.24,32.88,33.25,31.65,40.69K,-1.80%,,,,,
03-11-2004,32.83,32.27,32.85,32.13,37.50K,2.63%,,,,,
03-10-2004,31.99,32.45,32.57,31.62,47.06K,-0.74%,,,,,
03-09-2004,32.23,32.95,33.14,32.15,44.13K,-1.65%,,,,,
03-08-2004,32.77,33.51,33.57,32.56,31.11K,-1.74%,,,,,
03-05-2004,33.35,33.07,33.58,33.07,36.07K,1.40%,,,,,
03-04-2004,32.89,32.18,33.05,31.81,31.06K,2.05%,,,,,
03-03-2004,32.23,32.95,33.1,32,44.10K,-2.78%,,,,,
03-02-2004,33.15,33.3,33.42,32.9,39.44K,-0.57%,,,,,
03-01-2004,33.34,32.33,33.38,32.15,48.10K,3.44%,,,,,
02/27/2004,32.23,31.59,32.35,31.38,42.78K,2.09%,,,,,
02/26/2004,31.57,31.63,32,31.3,43.49K,0.00%,,,,,
02/25/2004,31.57,30.9,31.79,30.7,64.55K,2.47%,,,,,
02/24/2004,30.81,30.95,31.27,30.68,45.82K,0.00%,,,,,
02/23/2004,30.81,30.55,31.08,30.45,40.92K,0.39%,,,,,
02/20/2004,30.69,31.1,31.2,30,44.04K,-0.42%,,,,,
02/19/2004,30.82,30.96,31.18,30.75,34.15K,-0.55%,,,,,
02/18/2004,30.99,31.14,31.37,30.85,53.78K,0.98%,,,,,
02/17/2004,30.69,30.55,31.1,30.37,35.44K,1.22%,,,,,
02/16/2004,30.32,30.55,30.63,30.3,18.85K,-0.82%,,,,,
02/13/2004,30.57,29.99,30.78,29.9,51.22K,1.66%,,,,,
02-12-2004,30.07,29.65,30.15,29.57,14.62K,0.67%,,,,,
02-11-2004,29.87,30,30.29,29.55,50.23K,-0.57%,,,,,
02-10-2004,30.04,29.29,30.47,29.15,38.52K,3.19%,,,,,
02-09-2004,29.11,29.05,29.18,28.77,30.22K,0.97%,,,,,
02-06-2004,28.83,29.3,29.61,28.61,29.77K,-1.50%,,,,,
02-05-2004,29.27,29,29.37,28.44,44.12K,1.35%,,,,,
02-04-2004,28.88,29.55,29.8,28.85,51.40K,-2.10%,,,,,
02-03-2004,29.5,29.91,30.15,29.43,45.60K,-2.41%,,,,,
02-02-2004,30.23,29,30.38,28.6,40.98K,3.60%,,,,,
01/30/2004,29.18,29.2,29.55,28.95,44.86K,0.17%,,,,,
01/29/2004,29.13,29.8,29.97,28.81,65.45K,-2.15%,,,,,
01/28/2004,29.77,30,30.72,29.47,61.23K,-1.52%,,,,,
01/27/2004,30.23,30.48,30.83,30.05,48.95K,-0.72%,,,,,
01/26/2004,30.45,30.76,30.76,30.1,37.77K,-1.65%,,,,,
01/23/2004,30.96,31.21,31.25,30.75,43.90K,-0.48%,,,,,
01/22/2004,31.11,31.08,31.19,30.2,50.44K,0.81%,,,,,
01/21/2004,30.86,31.13,31.32,30.61,41.07K,-1.18%,,,,,
01/20/2004,31.23,30.8,31.32,30.73,55.24K,2.16%,,,,,
01/19/2004,30.57,30.65,30.7,30.3,22.26K,0.33%,,,,,
01/16/2004,30.47,29.67,30.5,29.45,53.11K,-3.45%,,,,,
01/15/2004,31.56,31.25,31.77,31.25,11.87K,1.71%,,,,,
01/14/2004,31.03,31.42,31.45,30.89,42.70K,-1.08%,,,,,
01/13/2004,31.37,32.02,32.12,31.32,38.53K,-1.23%,,,,,
01-12-2004,31.76,31.43,31.78,30.88,36.78K,1.24%,,,,,
01-09-2004,31.37,31.29,31.8,31.29,36.39K,0.93%,,,,,
01-08-2004,31.08,30.72,31.24,30.55,39.20K,1.04%,,,,,
01-07-2004,30.76,30.64,30.97,30.25,45.10K,-0.19%,,,,,
01-06-2004,30.82,30.72,31.4,30.55,52.35K,-0.23%,,,,,
01-05-2004,30.89,29.65,31,29.65,50.06K,5.35%,,,,,
01-02-2004,29.32,29.57,30.01,29.3,13.21K,-2.82%,,,,,
12/31/2003,30.17,29.85,30.2,29.79,13.73K,1.45%,,,,,
12/30/2003,29.74,29.38,30,29.38,27.66K,1.47%,,,,,
12/29/2003,29.31,29.5,29.53,29.15,23.57K,0.86%,,,,,
12/24/2003,29.06,29.43,29.55,29,13.35K,0.07%,,,,,
12/23/2003,29.04,28.94,29.2,28.47,40.27K,0.17%,,,,,
12/22/2003,28.99,30,30.11,28.9,46.38K,-3.53%,,,,,
12/19/2003,30.05,30.8,31.15,30.02,33.05K,-2.44%,,,,,
12/18/2003,30.8,30.8,30.98,30.1,43.71K,0.69%,,,,,
12/17/2003,30.59,30.08,30.9,30.05,44.04K,0.69%,,,,,
12/16/2003,30.38,30.32,30.6,30,12.08K,0.20%,,,,,
12/15/2003,30.32,29.61,30.42,29.6,35.88K,-0.16%,,,,,
12-12-2003,30.37,29.7,30.5,29.68,38.08K,2.71%,,,,,
12-11-2003,29.57,29.62,29.72,29.13,32.28K,-0.30%,,,,,
12-10-2003,29.66,29.63,30.3,29.43,45.82K,0.10%,,,,,
12-09-2003,29.63,29.9,29.95,29.49,41.65K,-1.17%,,,,,
12-08-2003,29.98,28.91,30.25,28.89,37.02K,4.31%,,,,,
12-05-2003,28.74,29.15,29.24,28.7,30.75K,-1.68%,,,,,
12-04-2003,29.23,29.37,29.65,28.4,60.86K,0.31%,,,,,
12-03-2003,29.14,28.85,29.2,28.59,40.57K,0.69%,,,,,
12-02-2003,28.94,28.25,29.2,28.11,48.18K,2.44%,,,,,
12-01-2003,28.25,28.43,28.43,27.76,52.24K,-0.70%,,,,,
11/28/2003,28.45,28.66,28.77,28.44,19.37K,-0.87%,,,,,
11/27/2003,28.7,28.5,28.75,28.37,21.67K,0.81%,,,,,
11/26/2003,28.47,28.05,28.52,28.05,44.12K,1.90%,,,,,
11/25/2003,27.94,28,28.25,27.4,57.86K,0.29%,,,,,
11/24/2003,27.86,29.01,29.15,27.68,54.29K,-5.11%,,,,,
11/21/2003,29.36,29.75,30,29.2,40.90K,-0.68%,,,,,
11/20/2003,29.56,29.58,30.4,29.4,54.20K,-0.74%,,,,,
11/19/2003,29.78,30.22,30.43,29.6,68.19K,-2.26%,,,,,
11/18/2003,30.47,29,30.52,28.65,62.58K,4.89%,,,,,
11/17/2003,29.05,29.56,29.56,28.94,35.81K,-1.73%,,,,,
11/14/2003,29.56,29.35,29.75,29.22,46.86K,1.20%,,,,,
11/13/2003,29.21,29.2,29.37,28.95,15.83K,0.03%,,,,,
11-12-2003,29.2,29.05,29.29,28.72,33.38K,0.38%,,,,,
11-11-2003,29.09,29.08,29.18,28.65,50.55K,0.34%,,,,,
11-10-2003,28.99,29.26,29.44,28.82,40.99K,0.28%,,,,,
11-07-2003,28.91,28.48,29.2,28.46,36.28K,1.76%,,,,,
11-06-2003,28.41,28.6,28.92,28.2,50.13K,-0.66%,,,,,
11-05-2003,28.6,27.18,28.7,27.12,48.78K,5.30%,,,,,
11-04-2003,27.16,27.36,27.38,26.97,39.68K,-0.73%,,,,,
11-03-2003,27.36,27.98,28.14,27.3,35.27K,-1.23%,,,,,
10/31/2003,27.7,27.3,27.72,27.23,33.62K,2.21%,,,,,
10/30/2003,27.1,27.4,27.46,26.75,57.27K,-1.24%,,,,,
10/29/2003,27.44,28.1,28.54,27.41,62.11K,-2.14%,,,,,
10/28/2003,28.04,28.28,28.4,28.02,47.18K,-1.23%,,,,,
10/27/2003,28.39,28.66,28.8,28.2,35.47K,-0.66%,,,,,
10/24/2003,28.58,28.8,29.25,28.4,41.94K,-0.17%,,,,,
10/23/2003,28.63,28.4,28.7,27.85,49.92K,1.24%,,,,,
10/22/2003,28.28,28.65,29,28.25,56.45K,-1.22%,,,,,
10/21/2003,28.63,28.6,28.99,28.5,41.64K,0.03%,,,,,
10/20/2003,28.62,28.75,28.9,28.05,55.86K,-1.41%,,,,,
10/17/2003,29.03,29.8,30,28.55,61.19K,-6.69%,,,,,
10/16/2003,31.11,30.87,31.2,30.8,9.91K,0.78%,,,,,
10/15/2003,30.87,30.4,31,30.4,33.16K,0.59%,,,,,
10/14/2003,30.69,30.54,31.2,30.39,27.26K,0.07%,,,,,
10/13/2003,30.67,30.71,30.85,30.42,22.48K,-0.74%,,,,,
10-10-2003,30.9,29.7,31.5,29.7,28.25K,2.52%,,,,,
10-09-2003,30.14,28.6,30.22,28.32,32.75K,4.91%,,,,,
10-08-2003,28.73,28.82,28.99,28.35,35.47K,-1.03%,,,,,
10-07-2003,29.03,28.89,29.13,28.5,29.91K,0.48%,,,,,
10-06-2003,28.89,28.94,29.27,28.77,27.13K,0.63%,,,,,
10-03-2003,28.71,28.23,28.77,27.9,29.90K,1.56%,,,,,
10-02-2003,28.27,27.8,28.78,27.8,44.42K,1.40%,,,,,
10-01-2003,27.88,27.58,27.9,27.33,37.80K,0.98%,,,,,
09/30/2003,27.61,26.83,27.8,26.81,46.14K,2.91%,,,,,
09/29/2003,26.83,26.78,27.05,26.74,29.99K,0.71%,,,,,
09/26/2003,26.64,26.7,26.77,26.4,30.81K,-0.63%,,,,,
09/25/2003,26.81,26.85,27.2,26.74,40.45K,0.52%,,,,,
09/24/2003,26.67,25.5,26.95,25.27,52.08K,4.51%,,,,,
09/23/2003,25.52,25.66,26,25.49,39.59K,-0.04%,,,,,
09/22/2003,25.53,25.2,25.7,25.05,34.45K,0.83%,,,,,
09/19/2003,25.32,25.63,25.75,25.1,43.14K,-1.06%,,,,,
09/18/2003,25.59,25.65,25.72,25.25,45.07K,-0.31%,,,,,
09/17/2003,25.67,26.11,26.17,25.5,43.70K,-1.23%,,,,,
09/16/2003,25.99,26.55,26.65,25.87,49.15K,-2.66%,,,,,
09/15/2003,26.7,26.77,26.85,26.5,12.15K,-0.26%,,,,,
09-12-2003,26.77,27.15,27.5,26.25,37.93K,-0.93%,,,,,
09-11-2003,27.02,27.58,27.72,26.92,27.30K,-1.82%,,,,,
09-10-2003,27.52,27.37,27.56,26.92,42.22K,0.55%,,,,,
09-09-2003,27.37,27.13,27.4,27.06,36.51K,0.74%,,,,,
09-08-2003,27.17,27.37,27.37,26.87,40.46K,-0.15%,,,,,
09-05-2003,27.21,27.2,27.45,26.95,35.24K,-0.37%,,,,,
09-04-2003,27.31,27.7,27.87,26.81,51.90K,-1.55%,,,,,
09-03-2003,27.74,27.8,28,27.38,57.19K,0.80%,,,,,
09-02-2003,27.52,29.32,29.32,27.43,72.27K,-5.91%,,,,,
09-01-2003,29.25,29.45,29.55,29.06,22.15K,-0.81%,,,,,
08/29/2003,29.49,29.6,29.89,29.46,31.78K,0.17%,,,,,
08/28/2003,29.44,29.38,29.57,29.17,36.08K,0.89%,,,,,
08/27/2003,29.18,29.75,29.77,29.1,41.62K,-1.98%,,,,,
08/26/2003,29.77,29.4,29.84,29.4,40.21K,0.24%,,,,,
08/22/2003,29.7,29.59,29.91,29.55,27.85K,-0.03%,,,,,
08/21/2003,29.71,28.85,30.15,28.85,50.77K,3.02%,,,,,
08/20/2003,28.84,28.46,28.94,28.02,34.80K,1.30%,,,,,
08/19/2003,28.47,28.68,28.9,28.18,33.97K,-0.66%,,,,,
08/18/2003,28.66,29.2,29.3,28.63,29.61K,-0.52%,,,,,
08/15/2003,28.81,29.15,29.38,28.6,30.94K,-0.07%,,,,,
08/14/2003,28.83,28.92,29.25,28.38,13.97K,-0.62%,,,,,
08/13/2003,29.01,29.97,30.11,28.84,58.45K,-2.88%,,,,,
08-12-2003,29.87,29.85,30.2,29.35,43.88K,-0.13%,,,,,
08-11-2003,29.91,29.85,30.05,29.67,36.57K,-0.27%,,,,,
08-08-2003,29.99,30.1,30.58,29.7,43.75K,-0.86%,,,,,
08-07-2003,30.25,29.56,30.3,29.56,35.25K,2.61%,,,,,
08-06-2003,29.48,30.2,30.59,29.3,42.24K,-1.50%,,,,,
08-05-2003,29.93,29.52,30.16,29.38,39.70K,1.35%,,,,,
08-04-2003,29.53,29.63,30.11,29.52,33.45K,-1.53%,,,,,
08-01-2003,29.99,28.45,30.05,28.4,47.49K,5.71%,,,,,
07/31/2003,28.37,28.55,28.87,28.23,38.83K,-0.46%,,,,,
07/30/2003,28.5,28.05,28.58,27.86,42.62K,1.42%,,,,,
07/29/2003,28.1,27.9,28.23,27.76,30.78K,0.25%,,,,,
07/28/2003,28.03,28,28.25,27.61,29.35K,-0.53%,,,,,
07/25/2003,28.18,28.05,28.25,27.8,35.45K,0.07%,,,,,
07/24/2003,28.16,27.75,28.25,27.45,41.24K,1.37%,,,,,
07/23/2003,27.78,27.75,27.86,27.29,50.96K,1.05%,,,,,
07/22/2003,27.49,28.5,28.59,27.4,50.83K,-4.18%,,,,,
07/21/2003,28.69,29,29,28.26,40.75K,-0.83%,,,,,
07/18/2003,28.93,28.7,28.97,28.36,34.81K,1.08%,,,,,
07/17/2003,28.62,28.55,28.74,28.33,42.11K,-0.35%,,,,,
07/16/2003,28.72,29.09,29.22,28.45,11.84K,-1.54%,,,,,
07/15/2003,29.17,29.1,29.2,28.68,31.55K,0.73%,,,,,
07/14/2003,28.96,28.95,29.3,28.65,42.48K,-0.79%,,,,,
07-11-2003,29.19,28.98,29.6,28.65,37.03K,1.07%,,,,,
07-10-2003,28.88,28.71,29.4,28.62,38.01K,0.59%,,,,,
07-09-2003,28.71,27.85,28.8,27.85,37.44K,2.65%,,,,,
07-08-2003,27.97,27.6,28.04,27.21,38.14K,0.54%,,,,,
07-07-2003,27.82,27.85,27.99,27.55,26.83K,0.69%,,,,,
07-04-2003,27.63,28.22,28.5,27.59,27.51K,-2.02%,,,,,
07-03-2003,28.2,28.13,28.76,27.99,42.25K,0.82%,,,,,
07-02-2003,27.97,28.15,28.55,27.92,33.65K,-1.20%,,,,,
07-01-2003,28.31,28.2,28.36,27.65,42.60K,-0.07%,,,,,
06/30/2003,28.33,27.55,28.35,27.1,38.75K,3.77%,,,,,
06/27/2003,27.3,27.15,27.62,27.01,30.35K,0.96%,,,,,
06/26/2003,27.04,27.6,27.65,27.01,38.90K,-2.21%,,,,,
06/25/2003,27.65,26.8,27.75,26.51,51.09K,3.87%,,,,,
06/24/2003,26.62,26.95,26.95,26.55,27.59K,-1.15%,,,,,
06/23/2003,26.93,27.15,27.53,26.67,35.41K,-0.33%,,,,,
06/20/2003,27.02,26.29,27.16,26.29,47.26K,2.78%,,,,,
06/19/2003,26.29,26.15,26.45,25.8,45.69K,0.11%,,,,,
06/18/2003,26.26,26.47,26.51,25.8,61.39K,-1.54%,,,,,
06/17/2003,26.67,26.68,27.1,26.3,36.91K,0.08%,,,,,
06/16/2003,26.65,26.65,26.75,26.11,45.25K,-2.95%,,,,,
06/13/2003,27.46,27.83,28.37,27.1,17.03K,-1.33%,,,,,
06-12-2003,27.83,28.4,28.43,27.68,32.26K,-1.97%,,,,,
06-11-2003,28.39,27.9,28.52,27.78,32.39K,1.10%,,,,,
06-10-2003,28.08,28.17,28.17,27.44,35.60K,0.83%,,,,,
06-09-2003,27.85,27.78,28.2,27.3,34.59K,0.25%,,,,,
06-06-2003,27.78,27.6,27.87,27.3,32.22K,1.24%,,,,,
06-05-2003,27.44,26.6,27.7,26.35,36.34K,2.35%,,,,,
06-04-2003,26.81,27.1,27.57,26.58,38.30K,-1.72%,,,,,
06-03-2003,27.28,27.7,27.7,27.06,41.11K,-0.37%,,,,,
06-02-2003,27.38,26.7,27.54,26.5,47.83K,4.03%,,,,,
05/30/2003,26.32,26.19,26.72,26,35.05K,1.11%,,,,,
05/29/2003,26.03,25.65,26.25,25.27,46.92K,1.72%,,,,,
05/28/2003,25.59,26.2,26.35,25.5,37.74K,-2.85%,,,,,
05/27/2003,26.34,26.28,26.71,25.7,41.80K,0.38%,,,,,
05/23/2003,26.24,26.04,26.48,26.02,30.10K,1.04%,,,,,
05/22/2003,25.97,26.15,26.18,25.62,47.03K,-0.92%,,,,,
05/21/2003,26.21,25.75,26.7,25.73,57.08K,2.18%,,,,,
05/20/2003,25.65,25.7,25.85,25.32,48.14K,0.16%,,,,,
05/19/2003,25.61,26.3,26.5,25.41,45.98K,-1.88%,,,,,
05/16/2003,26.1,25.61,26.19,25.3,48.46K,-2.36%,,,,,
05/15/2003,26.73,26.65,27.01,26.53,12.21K,-0.07%,,,,,
05/14/2003,26.75,25.89,26.95,25.73,45.39K,3.28%,,,,,
05/13/2003,25.9,25.39,25.93,25.1,29.67K,4.06%,,,,,
05-12-2003,24.89,25.58,25.9,24.84,51.07K,-0.84%,,,,,
05-09-2003,25.1,24.8,25.47,24.54,46.11K,1.83%,,,,,
05-08-2003,24.65,24.15,24.9,23.94,48.55K,2.24%,,,,,
05-07-2003,24.11,23.85,24.16,23.37,45.78K,2.29%,,,,,
05-06-2003,23.57,24.25,24.29,23.45,41.85K,0.21%,,,,,
05-02-2003,23.52,24,24.39,23.34,36.48K,-1.26%,,,,,
05-01-2003,23.82,24,24.1,23.71,28.62K,0.59%,,,,,
04/30/2003,23.68,23.35,24.24,23.3,52.36K,1.81%,,,,,
04/29/2003,23.26,23.2,23.4,23.05,41.44K,-1.02%,,,,,
04/28/2003,23.5,23.75,23.93,23.3,39.23K,-2.45%,,,,,
04/25/2003,24.09,24.55,24.65,23.9,51.57K,-0.99%,,,,,
04/24/2003,24.33,24.6,24.66,23.5,61.44K,0.29%,,,,,
04/23/2003,24.26,25.6,25.84,24.16,53.49K,-4.71%,,,,,
04/22/2003,25.46,25.95,26.11,25.4,49.34K,-1.62%,,,,,
04/17/2003,25.88,25.1,25.9,25.1,35.77K,3.44%,,,,,
04/16/2003,25.02,25.22,25.45,24.8,35.68K,-0.71%,,,,,
04/15/2003,25.2,24.9,25.37,24.5,20.13K,0.84%,,,,,
04/14/2003,24.99,24.65,25.08,24.2,34.18K,0.97%,,,,,
04-11-2003,24.75,24.75,24.82,24.03,28.47K,1.14%,,,,,
04-10-2003,24.47,25.1,25.34,24.3,26.54K,-3.09%,,,,,
04-09-2003,25.25,24.8,25.4,24.47,31.31K,2.64%,,,,,
04-08-2003,24.6,24.1,24.88,23.86,30.46K,0.08%,,,,,
04-07-2003,24.58,24.3,24.9,23.4,34.85K,-0.41%,,,,,
04-04-2003,24.68,25.38,25.38,24.3,40.13K,-3.22%,,,,,
04-03-2003,25.5,25.04,25.87,24.53,39.49K,1.15%,,,,,
04-02-2003,25.21,26.18,26.3,25.05,37.61K,-4.36%,,,,,
04-01-2003,26.36,27.56,27.56,26.25,36.96K,-3.02%,,,,,
03/31/2003,27.18,26.36,27.5,26.36,31.66K,3.15%,,,,,
03/28/2003,26.35,27.15,27.74,26.3,35.04K,-1.75%,,,,,
03/27/2003,26.82,25.58,27,25.58,48.27K,6.05%,,,,,
03/26/2003,25.29,25.8,25.8,25.05,39.08K,1.93%,,,,,
03/25/2003,24.81,26.4,26.92,24.6,41.17K,-4.91%,,,,,
03/24/2003,26.09,24.5,26.35,24.5,43.66K,7.15%,,,,,
03/21/2003,24.35,25.95,26,24,56.65K,-4.51%,,,,,
03/20/2003,25.5,26.11,27.5,25.3,57.73K,-4.67%,,,,,
03/19/2003,26.75,27.75,28,26.7,52.99K,-1.83%,,,,,
03/18/2003,27.25,28.7,28.8,26.4,57.59K,-7.56%,,,,,
03/17/2003,29.48,30.35,31.65,29,41.19K,-6.05%,,,,,
03/14/2003,31.38,32.2,33.33,30.55,11.39K,-3.24%,,,,,
03/13/2003,32.43,33.85,34.06,32.25,29.65K,-4.36%,,,,,
03-12-2003,33.91,32.98,34.01,32.78,29.13K,1.86%,,,,,
03-11-2003,33.29,33.94,34,33.05,30.45K,-1.19%,,,,,
03-10-2003,33.69,34.55,34.55,33.63,27.89K,-1.20%,,,,,
03-07-2003,34.1,33.68,34.2,33.41,41.84K,1.70%,,,,,
03-06-2003,33.53,33.3,33.71,33.3,36.81K,1.61%,,,,,
03-05-2003,33,33.32,33.8,32.55,36.57K,-0.27%,,,,,
03-04-2003,33.09,32.48,33.5,32.45,38.31K,1.88%,,,,,
03-03-2003,32.48,32.45,32.52,32.01,34.95K,-0.95%,,,,,
02/28/2003,32.79,33.1,33.45,32.75,38.50K,-0.76%,,,,,
02/27/2003,33.04,33.7,33.8,32.8,53.57K,-0.09%,,,,,
02/26/2003,33.07,32.65,33.38,32.45,46.30K,2.32%,,,,,
02/25/2003,32.32,33.55,33.94,32.2,50.12K,-2.50%,,,,,
02/24/2003,33.15,32.55,33.2,32.4,37.25K,2.73%,,,,,
02/21/2003,32.27,31.99,32.5,31.8,37.85K,2.25%,,,,,
02/20/2003,31.56,32.32,32.4,31.54,45.55K,-2.38%,,,,,
02/19/2003,32.33,32.1,32.6,32.05,29.58K,-0.65%,,,,,
02/18/2003,32.54,31.92,32.55,31.68,28.89K,1.94%,,,,,
02/17/2003,31.92,32.66,32.66,31.8,21.39K,-1.78%,,,,,
02/14/2003,32.5,32.6,32.76,32.15,51.68K,-1.69%,,,,,
02/13/2003,33.06,32.68,33.1,32.68,14.02K,1.88%,,,,,
02-12-2003,32.45,32.5,32.83,32.1,34.30K,0.25%,,,,,
02-11-2003,32.37,31.7,32.48,31.58,40.81K,2.11%,,,,,
02-10-2003,31.7,32.6,32.7,31.64,45.88K,-1.98%,,,,,
02-07-2003,32.34,31.75,32.5,31.68,33.26K,2.86%,,,,,
02-06-2003,31.44,31.21,32,31.2,41.68K,0.26%,,,,,
02-05-2003,31.36,31.15,31.8,30.7,45.28K,0.87%,,,,,
02-04-2003,31.09,30.46,31.2,30.1,38.64K,2.78%,,,,,
02-03-2003,30.25,30.89,30.92,30.22,30.68K,-2.73%,,,,,
01/31/2003,31.1,31.2,31.39,30.92,32.71K,-0.35%,,,,,
01/30/2003,31.21,30.82,31.28,30.74,34.60K,0.61%,,,,,
01/29/2003,31.02,30.25,31.26,29.84,53.42K,2.48%,,,,,
01/28/2003,30.27,30.3,30.33,30.05,33.68K,1.37%,,,,,
01/27/2003,29.86,30.75,30.75,29.83,39.22K,-2.07%,,,,,
01/24/2003,30.49,29.9,30.53,29.6,49.03K,2.59%,,,,,
01/23/2003,29.72,30.3,30.5,29.61,48.80K,-2.04%,,,,,
01/22/2003,30.34,30.6,30.8,30.15,43.49K,-1.30%,,,,,
01/21/2003,30.74,30.82,31.21,30,56.63K,0.29%,,,,,
01/20/2003,30.65,30.75,30.83,30.53,20.67K,0.36%,,,,,
01/17/2003,30.54,30.11,30.7,30,43.54K,-3.54%,,,,,
01/16/2003,31.66,31.3,31.8,31.1,13.41K,1.41%,,,,,
01/15/2003,31.22,30.54,31.25,30.51,22.56K,1.99%,,,,,
01/14/2003,30.61,29.95,31.25,29.9,39.53K,1.36%,,,,,
01/13/2003,30.2,29.3,30.45,29.2,25.39K,1.79%,,,,,
01-10-2003,29.67,29.6,30,29.1,38.45K,0.10%,,,,,
01-09-2003,29.64,29.27,29.72,28.85,37.75K,2.95%,,,,,
01-08-2003,28.79,29.32,29.32,27.85,49.88K,-1.84%,,,,,
01-07-2003,29.33,29.9,29.95,29.1,44.22K,-2.88%,,,,,
01-06-2003,30.2,30.69,30.88,29.9,49.12K,-1.85%,,,,,
01-03-2003,30.77,29.65,30.8,29.64,35.93K,4.55%,,,,,
01-02-2003,29.43,29.3,29.58,29,25.75K,2.69%,,,,,
12/31/2002,28.66,29,29.44,28.64,15.23K,-3.37%,,,,,
12/30/2002,29.66,30.6,31.02,29.59,30.47K,-1.66%,,,,,
12/27/2002,30.16,30.3,30.39,29.85,27.94K,1.86%,,,,,
12/24/2002,29.61,29.8,29.82,29.4,13.50K,-0.37%,,,,,
12/23/2002,29.72,28.9,29.85,28.82,29.87K,4.87%,,,,,
12/20/2002,28.34,28.15,28.51,28.08,33.40K,0.43%,,,,,
12/19/2002,28.22,28.85,29.4,28.2,50.95K,-0.95%,,,,,
12/18/2002,28.49,27.81,29,27.55,58.04K,2.04%,,,,,
12/17/2002,27.92,28.17,28.17,27.75,31.10K,-1.62%,,,,,
12/16/2002,28.38,27.71,28.4,27.65,17.47K,4.30%,,,,,
12/13/2002,27.21,27.2,27.74,26.94,38.30K,1.27%,,,,,
12-12-2002,26.87,26.35,26.94,26.24,33.54K,2.36%,,,,,
12-11-2002,26.25,26.35,26.72,26.1,37.26K,-0.64%,,,,,
12-10-2002,26.42,25.67,26.48,25.47,37.33K,2.56%,,,,,
12-09-2002,25.76,25.9,25.92,25.61,27.08K,1.18%,,,,,
12-06-2002,25.46,25.9,26,25.38,24.74K,-1.32%,,,,,
12-05-2002,25.8,25.32,25.9,25.2,35.29K,2.46%,,,,,
12-04-2002,25.18,25.78,26,25.12,38.64K,-2.59%,,,,,
12-03-2002,25.85,25.8,26.1,25.61,51.17K,0.90%,,,,,
12-02-2002,25.62,25.35,25.75,25.17,44.34K,1.83%,,,,,
11/29/2002,25.16,25.08,25.25,24.95,21.47K,0.60%,,,,,
11/28/2002,25.01,25.35,25.37,24.95,15.38K,-0.95%,,,,,
11/27/2002,25.25,25.04,25.42,25.04,41.92K,1.61%,,,,,
11/26/2002,24.85,24.78,25,24.67,46.67K,0.73%,,,,,
11/25/2002,24.67,25.51,25.71,24.65,43.91K,-2.14%,,,,,
11/22/2002,25.21,24.85,25.33,24.75,45.93K,1.53%,,,,,
11/21/2002,24.83,24.65,25.06,24.65,46.27K,1.22%,,,,,
11/20/2002,24.53,24.15,24.65,24.07,42.79K,1.87%,,,,,
11/19/2002,24.08,24.6,24.78,24.05,42.91K,-0.82%,,,,,
11/18/2002,24.28,23.59,24.38,23.52,44.17K,3.98%,,,,,
11/15/2002,23.35,23.1,23.39,22.98,34.49K,2.37%,,,,,
11/14/2002,22.81,22.85,23.02,22.56,15.75K,0.48%,,,,,
11/13/2002,22.7,24,24.04,22.6,57.26K,-4.30%,,,,,
11-12-2002,23.72,23.84,24.1,23.6,36.13K,-0.29%,,,,,
11-11-2002,23.79,23.75,24.3,23.65,41.56K,0.89%,,,,,
11-08-2002,23.58,23.66,23.92,23.32,49.16K,0.43%,,,,,
11-07-2002,23.48,23.86,24.6,23.25,64.12K,-0.93%,,,,,
11-06-2002,23.7,24.03,24.39,23.6,52.09K,-1.74%,,,,,
11-05-2002,24.12,25.05,25.13,24.1,45.83K,-3.60%,,,,,
11-04-2002,25.02,25.25,25.54,25,45.69K,-1.53%,,,,,
11-01-2002,25.41,25.77,26.05,25.4,40.69K,-1.21%,,,,,
10/31/2002,25.72,25.41,25.85,25.38,36.59K,1.66%,,,,,
10/30/2002,25.3,25.36,25.7,25.05,45.66K,-0.04%,,,,,
10/29/2002,25.31,25.68,25.78,25.3,23.48K,-1.44%,,,,,
10/28/2002,25.68,25.6,25.8,25.12,41.50K,0.86%,,,,,
10/25/2002,25.46,26.5,26.62,25.35,52.42K,-3.78%,,,,,
10/24/2002,26.46,26.56,26.81,26.36,34.12K,-0.19%,,,,,
10/23/2002,26.51,26.4,26.75,26.3,39.79K,0.30%,,,,,
10/22/2002,26.43,26.49,26.76,26.15,49.32K,-0.60%,,,,,
10/21/2002,26.59,27.72,27.75,26.52,58.03K,-4.49%,,,,,
10/18/2002,27.84,27.74,27.95,27.65,32.58K,-0.46%,,,,,
10/17/2002,27.97,27.68,28.09,27.55,41.70K,-2.13%,,,,,
10/16/2002,28.58,28.5,28.7,28.34,10.03K,0.28%,,,,,
10/15/2002,28.5,28.36,28.78,28.3,26.06K,0.00%,,,,,
10/14/2002,28.5,28.06,28.54,27.88,21.10K,1.82%,,,,,
10-11-2002,27.99,27.9,28.1,27.85,24.17K,0.90%,,,,,
10-10-2002,27.74,28,28,27.35,27.11K,-1.39%,,,,,
10-09-2002,28.13,28.09,28.4,27.87,31.44K,0.14%,,,,,
10-08-2002,28.09,28.2,28.2,27.6,32.75K,-0.50%,,,,,
10-07-2002,28.23,28.5,28.6,28.02,29.98K,0.39%,,,,,
10-04-2002,28.12,28.34,28.48,27.9,34.69K,-0.50%,,,,,
10-03-2002,28.26,28.92,29.05,28.15,43.11K,-1.94%,,,,,
10-02-2002,28.82,28.98,29.24,28.73,36.73K,-0.65%,,,,,
10-01-2002,29.01,28.85,29.39,28.7,37.89K,0.90%,,,,,
09/30/2002,28.75,29.3,29.3,28.69,33.37K,-0.45%,,,,,
09/27/2002,28.88,28.91,29.15,28.66,33.71K,-0.03%,,,,,
09/26/2002,28.89,29.1,29.2,28.66,25.38K,-0.58%,,,,,
09/25/2002,29.06,29.02,29.23,28.83,28.92K,-0.17%,,,,,
09/24/2002,29.11,29.45,29.88,28.99,34.28K,-0.07%,,,,,
09/23/2002,29.13,28.86,29.37,28.72,37.42K,2.46%,,,,,
09/20/2002,28.43,28.4,28.7,28.35,27.65K,0.18%,,,,,
09/19/2002,28.38,28.42,28.65,28.09,35.96K,0.21%,,,,,
09/18/2002,28.32,28.17,28.54,28.06,41.31K,1.25%,,,,,
09/17/2002,27.97,27.27,28.08,27.27,45.48K,-1.93%,,,,,
09/16/2002,28.52,28.68,28.68,28.21,31.99K,0.74%,,,,,
09/13/2002,28.31,27.78,28.43,27.62,14.83K,2.09%,,,,,
09-12-2002,27.73,28.51,28.59,27.48,26.76K,-2.32%,,,,,
09-11-2002,28.39,28.38,28.75,28.36,22.49K,-0.66%,,,,,
09-10-2002,28.58,28.57,29.02,28.52,29.05K,0.32%,,,,,
09-09-2002,28.49,28.61,28.65,28.05,22.80K,0.71%,,,,,
09-06-2002,28.29,28.1,28.95,28.07,40.08K,2.28%,,,,,
09-05-2002,27.66,27.48,27.7,27.13,42.41K,2.07%,,,,,
09-04-2002,27.1,26.54,27.35,26.54,38.65K,1.99%,,,,,
09-03-2002,26.57,27.3,27.35,26.45,50.55K,-3.52%,,,,,
09-02-2002,27.54,27.4,27.56,27.25,15.78K,0.25%,,,,,
08/30/2002,27.47,27.35,27.64,27.29,24.03K,-0.18%,,,,,
08/29/2002,27.52,26.85,27.57,26.77,30.82K,2.12%,,,,,
08/28/2002,26.95,27.29,27.29,26.81,40.01K,-0.99%,,,,,
08/27/2002,27.22,27.68,27.92,27.17,46.69K,0.85%,,,,,
08/23/2002,26.99,26.96,27.1,26.79,37.20K,-0.11%,,,,,
08/22/2002,27.02,27.4,27.59,27,33.66K,-1.42%,,,,,
08/21/2002,27.41,26.8,27.68,26.77,57.48K,1.14%,,,,,
08/20/2002,27.1,27.3,27.45,27.04,36.66K,-0.59%,,,,,
08/19/2002,27.26,26.8,27.5,26.75,37.52K,0.96%,,,,,
08/16/2002,27,26.69,27.2,26.53,37.50K,0.75%,,,,,
08/15/2002,26.8,26.4,26.92,26.32,9.58K,1.59%,,,,,
08/14/2002,26.38,26.59,26.6,26.34,23.11K,0.88%,,,,,
08/13/2002,26.15,25.97,26.28,25.82,27.56K,0.42%,,,,,
08-12-2002,26.04,25.3,26.05,25,34.25K,2.76%,,,,,
08-09-2002,25.34,25.19,25.37,24.92,21.89K,0.92%,,,,,
08-08-2002,25.11,24.95,25.2,24.75,26.31K,0.64%,,,,,
08-07-2002,24.95,25.32,25.49,24.76,31.06K,-2.27%,,,,,
08-06-2002,25.53,24.89,25.56,24.84,36.00K,2.57%,,,,,
08-05-2002,24.89,25.35,25.45,24.73,31.61K,-1.66%,,,,,
08-02-2002,25.31,24.9,25.33,24.65,40.28K,1.20%,,,,,
08-01-2002,25.01,25.35,25.63,24.99,34.79K,-1.69%,,,,,
07/31/2002,25.44,25.82,26.01,25.4,38.70K,-0.93%,,,,,
07/30/2002,25.68,25.03,25.82,25.03,39.90K,2.72%,,,,,
07/29/2002,25,25.03,25.08,24.8,25.76K,-0.12%,,,,,
07/26/2002,25.03,25.15,25.16,24.8,27.50K,-0.91%,,,,,
07/25/2002,25.26,25.42,25.47,25.05,27.61K,-0.28%,,,,,
07/24/2002,25.33,25.35,25.54,24.65,61.43K,1.16%,,,,,
07/23/2002,25.04,25.46,25.57,24.98,42.26K,-1.49%,,,,,
07/22/2002,25.42,25.23,26.15,25.15,48.52K,-3.82%,,,,,
07/19/2002,26.43,26.11,26.52,25.85,48.10K,0.57%,,,,,
07/18/2002,26.28,26.3,26.4,26.16,27.40K,-0.61%,,,,,
07/17/2002,26.44,26.35,26.5,26.05,38.02K,0.61%,,,,,
07/16/2002,26.28,26.14,26.41,25.9,15.60K,0.84%,,,,,
07/15/2002,26.06,26.5,26.66,26.05,41.23K,-0.99%,,,,,
07-12-2002,26.32,26.1,26.44,26.05,26.39K,1.39%,,,,,
07-11-2002,25.96,25.72,26.07,25.7,19.69K,0.12%,,,,,
07-10-2002,25.93,25.38,26.02,25.31,37.08K,3.02%,,,,,
07-09-2002,25.17,25.1,25.2,24.75,33.27K,0.36%,,,,,
07-08-2002,25.08,25.7,25.75,24.96,30.32K,-2.53%,,,,,
07-05-2002,25.73,25.65,25.75,25.42,10.77K,0.70%,,,,,
07-04-2002,25.55,25.88,25.94,25.5,12.35K,-1.12%,,,,,
07-03-2002,25.84,25.73,25.96,25.52,32.96K,0.35%,,,,,
07-02-2002,25.75,25.61,25.97,25.6,37.00K,0.43%,,,,,
07-01-2002,25.64,25.5,25.72,25.39,29.58K,0.23%,,,,,
06/28/2002,25.58,25.5,25.68,25.18,28.65K,0.51%,,,,,
06/27/2002,25.45,25.24,25.59,25.24,35.48K,0.83%,,,,,
06/26/2002,25.24,25.3,25.35,24.66,40.15K,0.16%,,,,,
06/25/2002,25.2,25.45,25.85,25.15,45.59K,-0.28%,,,,,
06/24/2002,25.27,24.89,25.32,24.76,38.42K,2.10%,,,,,
06/21/2002,24.75,25.15,25.4,24.35,39.44K,-1.28%,,,,,
06/20/2002,25.07,24.72,25.1,24.52,42.93K,2.12%,,,,,
06/19/2002,24.55,24.9,25.2,24.5,45.01K,-0.97%,,,,,
06/18/2002,24.79,25.05,25.1,24.75,26.34K,-1.78%,,,,,
06/17/2002,25.24,25.28,25.64,25.05,37.23K,1.00%,,,,,
06/14/2002,24.99,24.85,25.1,24.35,39.11K,3.87%,,,,,
06/13/2002,24.06,23.75,24.23,23.75,22.40K,2.34%,,,,,
06-12-2002,23.51,23.4,23.7,23.24,35.15K,0.90%,,,,,
06-11-2002,23.3,23.65,23.74,23.22,38.95K,-1.52%,,,,,
06-10-2002,23.66,23.94,24.07,23.62,31.05K,-1.38%,,,,,
06-07-2002,23.99,24.05,24.25,23.9,23.17K,-0.95%,,,,,
06-06-2002,24.22,24.4,24.55,23.63,41.67K,0.17%,,,,,
06-05-2002,24.18,24.1,24.3,24,33.05K,-1.10%,,,,,
05/31/2002,24.45,24.3,24.8,24.1,26.66K,1.66%,,,,,
05/30/2002,24.05,24.68,24.68,23.93,45.46K,-4.26%,,,,,
05/29/2002,25.12,24.5,25.18,24.4,38.37K,1.45%,,,,,
05/28/2002,24.76,24.95,25.3,24.75,47.94K,-0.72%,,,,,
05/27/2002,24.94,25.27,25.27,24.91,20.61K,-0.95%,,,,,
05/24/2002,25.18,25.43,25.55,24.98,45.88K,-0.83%,,,,,
05/23/2002,25.39,25.75,25.98,25.35,44.56K,-0.43%,,,,,
05/22/2002,25.5,25.8,25.85,25.35,55.43K,-0.39%,,,,,
05/21/2002,25.6,26.28,26.3,25.5,54.49K,-2.96%,,,,,
05/20/2002,26.38,26.36,26.67,26.15,34.93K,0.08%,,,,,
05/17/2002,26.36,26.64,26.64,25.75,43.21K,0.53%,,,,,
05/16/2002,26.22,26.3,26.61,26.09,17.60K,0.19%,,,,,
05/15/2002,26.17,27.1,27.1,26.15,26.39K,-4.17%,,,,,
05/14/2002,27.31,26.8,27.35,26.8,28.29K,2.75%,,,,,
05/13/2002,26.58,25.9,26.6,25.9,26.29K,0.76%,,,,,
05-10-2002,26.38,25.95,26.56,25.95,22.26K,1.70%,,,,,
05-09-2002,25.94,25.9,26.2,25.58,29.18K,-0.35%,,,,,
05-08-2002,26.03,25.74,26.1,25.4,34.56K,2.44%,,,,,
05-07-2002,25.41,25.4,25.53,24.78,47.75K,-1.32%,,,,,
05-03-2002,25.75,25.54,25.78,24.98,42.23K,1.26%,,,,,
05-02-2002,25.43,25.62,25.65,24.79,52.15K,-1.70%,,,,,
05-01-2002,25.87,26,26.2,25.77,39.93K,-2.27%,,,,,
04/30/2002,26.47,26.55,26.71,26.26,39.14K,-0.79%,,,,,
04/29/2002,26.68,25.95,26.73,25.85,26.90K,1.87%,,,,,
04/26/2002,26.19,25.75,26.22,25.63,27.98K,1.00%,,,,,
04/25/2002,25.93,25.65,26.25,25.37,53.92K,0.66%,,,,,
04/24/2002,25.76,25.56,25.78,25.37,36.52K,-0.92%,,,,,
04/23/2002,26,26.05,26.15,25.7,47.37K,0.42%,,,,,
04/22/2002,25.89,26.3,26.39,25.32,47.12K,0.15%,,,,,
04/19/2002,25.85,25.4,25.9,25.16,37.85K,0.31%,,,,,
04/18/2002,25.77,25.45,26.05,25.45,50.30K,1.54%,,,,,
04/17/2002,25.38,25.08,25.43,24.82,57.27K,3.25%,,,,,
04/16/2002,24.58,24.1,24.91,24.08,59.81K,-0.49%,,,,,
04/15/2002,24.7,24.62,24.8,24.35,16.33K,1.69%,,,,,
04-12-2002,24.29,24.6,25,23.81,33.46K,-3.00%,,,,,
04-11-2002,25.04,25.91,25.91,25,25.85K,-3.73%,,,,,
04-10-2002,26.01,25.95,26.3,25.73,26.33K,-0.27%,,,,,
04-09-2002,26.08,26.6,26.7,26.05,27.13K,-3.48%,,,,,
04-08-2002,27.02,26.78,27.43,26.4,34.39K,3.96%,,,,,
04-05-2002,25.99,26.75,27.3,25.3,37.42K,-4.83%,,,,,
04-04-2002,27.31,27.28,28.15,26.8,59.02K,0.15%,,,,,
04-03-2002,27.27,26.98,27.4,26.8,28.56K,-1.41%,,,,,
04-02-2002,27.66,26.36,27.68,26.35,44.78K,6.71%,,,,,
03/28/2002,25.92,25.62,25.95,25.3,36.82K,1.89%,,,,,
03/27/2002,25.44,25.65,25.72,25.32,31.90K,0.51%,,,,,
03/26/2002,25.31,25.14,25.35,24.75,39.74K,0.72%,,,,,
03/25/2002,25.13,25.15,25.17,24.65,25.43K,-0.91%,,,,,
03/22/2002,25.36,25.26,25.68,25.1,35.43K,-0.24%,,,,,
03/21/2002,25.42,24.55,25.58,24.4,35.14K,3.08%,,,,,
03/20/2002,24.66,25.17,25.6,24.6,46.58K,-1.00%,,,,,
03/19/2002,24.91,25.12,25.23,24.73,38.02K,-0.64%,,,,,
03/18/2002,25.07,24.4,25.2,24.16,35.86K,2.12%,,,,,
03/15/2002,24.55,24.15,24.85,24.15,42.93K,2.04%,,,,,
03/14/2002,24.06,23.8,24.23,23.46,16.75K,0.71%,,,,,
03/13/2002,23.89,24.2,24.25,23.6,21.80K,0.80%,,,,,
03-12-2002,23.7,23.67,23.9,23.37,19.95K,-0.80%,,,,,
03-11-2002,23.89,23.8,24.05,23.53,23.14K,2.40%,,,,,
03-08-2002,23.33,23.05,23.35,22.65,32.56K,0.13%,,,,,
03-07-2002,23.3,23.1,24.15,22.9,48.93K,2.55%,,,,,
03-06-2002,22.72,22.91,23,22.18,36.55K,-0.31%,,,,,
03-05-2002,22.79,22.15,22.92,22.1,44.43K,3.87%,,,,,
03-04-2002,21.94,21.85,22.02,21.62,31.24K,0.23%,,,,,
03-01-2002,21.89,21.35,22.25,21.2,51.92K,2.63%,,,,,
02/28/2002,21.33,20.9,21.4,20.85,44.56K,2.30%,,,,,
02/27/2002,20.85,20.8,21.32,20.63,51.02K,-0.05%,,,,,
02/26/2002,20.86,19.85,21.06,19.85,47.06K,4.40%,,,,,
02/25/2002,19.98,20.3,20.34,19.96,34.86K,-1.91%,,,,,
02/22/2002,20.37,20.37,20.57,20.2,26.09K,0.00%,,,,,
02/21/2002,20.37,20.3,20.66,20.03,37.78K,2.57%,,,,,
02/20/2002,19.86,20.3,20.3,19.8,29.17K,-3.22%,,,,,
02/19/2002,20.52,20.35,20.7,20.31,28.17K,0.93%,,,,,
02/18/2002,20.33,20.87,20.89,20.3,16.27K,-2.59%,,,,,
02/15/2002,20.87,21,21.08,20.65,29.77K,0.24%,,,,,
02/14/2002,20.82,21.05,21.4,20.8,43.26K,0.58%,,,,,
02/13/2002,20.7,20.35,21,20.28,22.64K,1.17%,,,,,
02-12-2002,20.46,21.3,21.38,20.4,34.17K,-4.57%,,,,,
02-11-2002,21.44,19.65,21.71,19.5,51.03K,8.72%,,,,,
02-08-2002,19.72,19.35,19.8,19.28,28.06K,2.65%,,,,,
02-07-2002,19.21,19.25,19.27,18.85,30.87K,-0.52%,,,,,
02-06-2002,19.31,19.6,19.77,19.25,39.37K,-1.28%,,,,,
02-05-2002,19.56,19.77,19.77,19.3,30.74K,-1.26%,,,,,
02-04-2002,19.81,19.8,19.92,19.6,33.80K,-0.85%,,,,,
02-01-2002,19.98,19.36,20.03,18.8,55.58K,4.17%,,,,,
01/31/2002,19.18,19,19.22,18.75,34.51K,2.08%,,,,,
01/30/2002,18.79,18.92,19.05,18.38,48.27K,-2.34%,,,,,
01/29/2002,19.24,19.5,19.53,19.08,33.17K,-2.09%,,,,,
01/28/2002,19.65,19.6,19.75,19.4,30.63K,1.45%,,,,,
01/25/2002,19.37,19.35,19.6,18.77,32.97K,1.25%,,,,,
01/24/2002,19.13,19.19,19.25,18.7,37.01K,-0.31%,,,,,
01/23/2002,19.19,18.86,19.29,18.86,35.12K,2.35%,,,,,
01/22/2002,18.75,18.6,19.25,18.56,48.16K,0.97%,,,,,
01/21/2002,18.57,18.52,18.66,18.41,14.83K,0.65%,,,,,
01/18/2002,18.45,18.6,18.8,18.3,28.18K,0.22%,,,,,
01/17/2002,18.41,19.15,19.38,18.23,53.49K,-4.91%,,,,,
01/16/2002,19.36,19.32,19.44,18.94,18.66K,-1.73%,,,,,
01/15/2002,19.7,19.88,20.1,19.67,14.40K,-0.40%,,,,,
01/14/2002,19.78,20.6,20.68,19.6,18.97K,-5.18%,,,,,
01-11-2002,20.86,21.22,21.25,20.6,16.78K,-2.02%,,,,,
01-10-2002,21.29,20.9,21.3,20.45,19.22K,1.91%,,,,,
01-09-2002,20.89,21.4,21.55,20.85,23.98K,-5.13%,,,,,
01-08-2002,22.02,21.94,22.15,21.55,27.08K,-0.05%,,,,,
01-07-2002,22.03,22,22.4,21.65,70.39K,-0.68%,,,,,
01-04-2002,22.18,20.9,22.2,20.9,35.50K,7.36%,,,,,
01-03-2002,20.66,21,21.1,20.62,33.34K,-1.62%,,,,,
01-02-2002,21,19.46,21,19.46,31.01K,5.53%,,,,,
12/31/2001,19.9,20.2,20.23,19.85,7.50K,-1.97%,,,,,
12/28/2001,20.3,20.78,20.9,20.25,25.67K,-0.20%,,,,,
12/27/2001,20.34,20.88,20.88,19.98,26.85K,5.17%,,,,,
12/24/2001,19.34,19.58,19.68,19.32,7.54K,-0.10%,,,,,
12/21/2001,19.36,19.25,19.55,19.2,25.82K,1.20%,,,,,
12/20/2001,19.13,19.4,19.86,19.04,36.81K,-1.75%,,,,,
12/19/2001,19.47,19.25,19.76,19.25,35.39K,1.51%,,,,,
12/18/2001,19.18,19.05,19.39,18.86,27.83K,0.63%,,,,,
12/17/2001,19.06,19.05,19.38,18.65,33.70K,3.70%,,,,,
12/14/2001,18.38,18.03,18.5,17.97,22.61K,3.26%,,,,,
12/13/2001,17.8,18.09,18.38,17.73,23.73K,-2.20%,,,,,
12-12-2001,18.2,17.85,18.55,17.7,28.73K,1.62%,,,,,
12-11-2001,17.91,18.2,18.21,17.8,32.85K,-1.43%,,,,,
12-10-2001,18.17,18.7,18.7,18.1,21.18K,-4.52%,,,,,
12-07-2001,19.03,18.47,19.2,17.75,32.53K,3.48%,,,,,
12-06-2001,18.39,19.33,19.75,18.12,32.16K,-4.32%,,,,,
12-05-2001,19.22,19.2,20.25,19.15,35.64K,-0.36%,,,,,
12-04-2001,19.29,19.85,20.04,19.26,38.89K,-2.13%,,,,,
12-03-2001,19.71,18.92,19.98,18.65,38.08K,2.98%,,,,,
11/30/2001,19.14,18.45,19.18,17.98,29.79K,3.97%,,,,,
11/29/2001,18.41,18.9,18.9,18.2,35.43K,-1.50%,,,,,
11/28/2001,18.69,18.84,19.05,18.5,34.23K,-1.74%,,,,,
11/27/2001,19.02,18.48,19.22,18.15,42.33K,3.59%,,,,,
11/26/2001,18.36,18.6,18.9,18.1,32.17K,-4.77%,,,,,
11/23/2001,19.28,19.9,20.02,18.6,26.76K,-3.12%,,,,,
11/22/2001,19.9,18.8,20.08,18.7,41.56K,6.25%,,,,,
11/21/2001,18.73,19,19.2,18.55,38.02K,-0.11%,,,,,
11/20/2001,18.75,17.79,19.12,17.79,51.77K,4.11%,,,,,
11/19/2001,18.01,17.4,18.05,16.65,38.00K,1.46%,,,,,
11/16/2001,17.75,17.63,18.1,17.25,44.71K,0.40%,,,,,
11/15/2001,17.68,17.99,18.8,16.8,13.77K,-5.71%,,,,,
11/14/2001,18.75,20.32,20.32,18.65,41.84K,-9.90%,,,,,
11/13/2001,20.81,20.4,21.05,20,28.25K,2.06%,,,,,
11-12-2001,20.39,21.63,21.63,19.85,30.75K,-4.63%,,,,,
11-09-2001,21.38,20.35,21.65,20.35,38.25K,5.42%,,,,,
11-08-2001,20.28,19.5,20.37,19.5,46.50K,4.91%,,,,,
11-07-2001,19.33,19.05,19.52,18.85,27.30K,1.36%,,,,,
11-06-2001,19.07,19.45,19.46,18.81,23.51K,-1.90%,,,,,
11-05-2001,19.44,19.72,19.95,19.16,26.33K,-1.67%,,,,,
11-02-2001,19.77,19.8,19.85,19.04,41.07K,0.76%,,,,,
11-01-2001,19.62,20.35,20.5,19.55,37.03K,-3.68%,,,,,
10/31/2001,20.37,21,21,20.05,38.99K,-2.58%,,,,,
10/30/2001,20.91,21.11,21.21,20.86,32.76K,-0.90%,,,,,
10/29/2001,21.1,21.25,21.52,20.95,29.61K,0.38%,,,,,
10/26/2001,21.02,21.15,21.25,20.92,25.27K,0.05%,,,,,
10/25/2001,21.01,21.32,21.55,21,40.63K,-1.18%,,,,,
10/24/2001,21.26,20.75,21.51,20.53,51.18K,1.53%,,,,,
10/23/2001,20.94,21.16,21.57,20.93,37.96K,-0.52%,,,,,
10/22/2001,21.05,21.33,21.59,20.95,25.96K,-1.41%,,,,,
10/19/2001,21.35,20.8,21.55,20.48,31.33K,3.54%,,,,,
10/18/2001,20.62,21,21.02,20.32,37.22K,-1.76%,,,,,
10/17/2001,20.99,21.7,21.7,20.84,34.36K,-3.27%,,,,,
10/16/2001,21.7,21.63,21.93,21.45,8.20K,0.09%,,,,,
10/15/2001,21.68,21.7,21.9,21.44,18.49K,-0.23%,,,,,
10-12-2001,21.73,22.95,23.02,21.22,30.14K,-3.25%,,,,,
10-11-2001,22.46,22.25,22.7,22.15,25.51K,2.04%,,,,,
10-10-2001,22.01,21.8,22.45,21.77,20.92K,0.59%,,,,,
10-09-2001,21.88,21.77,22,21.6,19.61K,1.44%,,,,,
10-08-2001,21.57,21.8,22.1,21.53,24.59K,-0.28%,,,,,
10-05-2001,21.63,22.32,22.82,21.6,33.76K,-2.35%,,,,,
10-04-2001,22.15,21.65,22.38,21.53,37.83K,2.93%,,,,,
10-03-2001,21.52,21.82,21.94,21.29,32.65K,-2.40%,,,,,
10-02-2001,22.05,22.79,22.79,22.02,30.57K,-3.67%,,,,,
10-01-2001,22.89,23.2,23.25,22.25,27.38K,-1.59%,,,,,
09/28/2001,23.26,23.13,23.33,22.92,33.15K,2.06%,,,,,
09/27/2001,22.79,22.8,23.12,22.15,38.45K,-0.91%,,,,,
09/26/2001,23,22,23.05,20.7,59.05K,2.77%,,,,,
09/25/2001,22.38,22.5,23.15,21.35,54.48K,1.63%,,,,,
09/24/2001,22.02,25.1,25.16,21.7,77.07K,-13.44%,,,,,
09/21/2001,25.44,26,26.48,25.29,45.35K,-1.85%,,,,,
09/20/2001,25.92,26.4,26.86,25.83,50.07K,-1.52%,,,,,
09/19/2001,26.32,27.38,27.6,25.65,64.69K,-3.48%,,,,,
09/18/2001,27.27,28.5,28.52,27.2,56.46K,-3.91%,,,,,
09/17/2001,28.38,29.43,29.8,28.35,65.67K,-3.57%,,,,,
09/14/2001,29.43,28.45,29.82,28.45,44.31K,4.73%,,,,,
09/13/2001,28.1,27.74,28.18,27.55,15.67K,0.29%,,,,,
09-12-2001,28.02,29.1,29.5,28,34.93K,-3.58%,,,,,
09-11-2001,29.06,27.39,31.05,27.25,49.53K,5.87%,,,,,
09-10-2001,27.45,27.6,27.75,27.4,29.51K,-0.87%,,,,,
09-07-2001,27.69,26.95,27.8,26.9,47.58K,2.71%,,,,,
09-06-2001,26.96,26.33,27,26.32,40.71K,2.43%,,,,,
09-05-2001,26.32,26.24,26.6,26.06,27.41K,0.23%,,,,,
09-04-2001,26.26,26.52,26.6,26.13,32.17K,-1.06%,,,,,
09-03-2001,26.54,26.5,26.68,26.5,12.84K,0.49%,,,,,
08/31/2001,26.41,26.15,26.47,26.15,18.82K,1.23%,,,,,
08/30/2001,26.09,26.4,26.42,26.03,30.14K,-1.66%,,,,,
08/29/2001,26.53,26.57,26.79,26.2,39.59K,0.23%,,,,,
08/28/2001,26.47,25.85,26.55,25.8,30.99K,2.00%,,,,,
08/24/2001,25.95,25.84,26.2,25.62,38.93K,1.37%,,,,,
08/23/2001,25.6,25.3,25.7,25.26,31.53K,1.03%,,,,,
08/22/2001,25.34,25.9,25.94,25.33,35.42K,-0.59%,,,,,
08/21/2001,25.49,25.24,25.55,25.02,30.15K,1.76%,,,,,
08/20/2001,25.05,24.68,25.15,24.5,28.96K,1.29%,,,,,
08/17/2001,24.73,25.74,25.85,24.65,45.43K,-3.21%,,,,,
08/16/2001,25.55,25.55,25.75,25.45,9.16K,0.00%,,,,,
08/15/2001,25.55,26.1,26.33,25.51,29.21K,-1.69%,,,,,
08/14/2001,25.99,25.95,26.04,25.75,19.18K,0.43%,,,,,
08/13/2001,25.88,26.15,26.28,25.8,25.76K,-0.38%,,,,,
08-10-2001,25.98,25.89,26.4,25.86,24.75K,1.17%,,,,,
08-09-2001,25.68,25.7,25.92,25.51,14.17K,-0.08%,,,,,
08-08-2001,25.7,26.28,26.41,25.57,28.48K,-1.46%,,,,,
08-07-2001,26.08,25.8,26.55,25.8,26.40K,0.97%,,,,,
08-06-2001,25.83,25.62,25.88,25.6,16.89K,0.54%,,,,,
08-03-2001,25.69,26.09,26.09,25.6,23.98K,-1.68%,,,,,
08-02-2001,26.13,24.97,26.18,24.97,36.22K,4.69%,,,,,
08-01-2001,24.96,25.09,25.2,24.7,26.06K,1.09%,,,,,
07/31/2001,24.69,24.87,25.1,24.67,18.93K,-1.08%,,,,,
07/30/2001,24.96,25.19,25.19,24.9,15.99K,-0.91%,,,,,
07/27/2001,25.19,25.2,25.36,24.7,32.08K,0.20%,,,,,
07/26/2001,25.14,25.32,25.51,25.1,27.23K,-0.44%,,,,,
07/25/2001,25.25,25,25.45,24.95,39.40K,1.41%,,,,,
07/24/2001,24.9,25,25.08,24.85,23.87K,-0.08%,,,,,
07/23/2001,24.92,25.1,25.18,24.75,26.94K,1.14%,,,,,
07/20/2001,24.64,24.35,24.8,24.15,31.42K,2.45%,,,,,
07/19/2001,24.05,24.22,24.92,23.97,51.31K,-0.70%,,,,,
07/18/2001,24.22,24.65,24.9,24.2,43.51K,-2.69%,,,,,
07/17/2001,24.89,24.95,25.54,24.87,37.18K,0.44%,,,,,
07/16/2001,24.78,24.95,25,24.56,9.73K,-0.76%,,,,,
07/13/2001,24.97,25.3,25.3,24.94,33.03K,-0.68%,,,,,
07-12-2001,25.14,25.25,25.28,24.53,33.73K,-1.49%,,,,,
07-11-2001,25.52,25.62,25.92,25.25,32.00K,-1.58%,,,,,
07-10-2001,25.93,26.18,26.26,25.75,29.78K,-0.84%,,,,,
07-09-2001,26.15,26.7,26.76,26.15,28.19K,-2.46%,,,,,
07-06-2001,26.81,25.84,26.9,25.81,34.20K,3.75%,,,,,
07-05-2001,25.84,25.9,25.95,25.3,26.33K,0.16%,,,,,
07-04-2001,25.8,25.5,25.85,25.5,10.66K,1.74%,,,,,
07-03-2001,25.36,25.55,25.61,25.07,29.64K,-1.09%,,,,,
07-02-2001,25.64,26.3,26.42,25.1,31.89K,-1.69%,,,,,
06/29/2001,26.08,25.6,26.1,25.42,32.96K,2.68%,,,,,
06/28/2001,25.4,25.68,25.77,24.91,50.51K,-1.01%,,,,,
06/27/2001,25.66,26.55,26.68,25.24,51.64K,-4.93%,,,,,
06/26/2001,26.99,27.25,27.31,26.7,30.34K,-0.30%,,,,,
06/25/2001,27.07,26.65,27.08,26.65,24.26K,1.81%,,,,,
06/22/2001,26.59,26.48,26.94,26.22,30.43K,1.10%,,,,,
06/21/2001,26.3,26.24,26.47,25.87,44.28K,0.80%,,,,,
06/20/2001,26.09,26.88,27.15,26.05,49.74K,-3.30%,,,,,
06/19/2001,26.98,27.1,27.34,26.72,41.24K,-0.11%,,,,,
06/18/2001,27.01,28.08,28.08,26.97,40.11K,-3.95%,,,,,
06/15/2001,28.12,28.57,28.57,27.98,36.10K,-4.97%,,,,,
06/14/2001,29.59,29.13,29.82,29.04,11.80K,0.85%,,,,,
06/13/2001,29.34,29.79,29.83,29.25,16.72K,-0.41%,,,,,
06-12-2001,29.46,29.6,29.62,29.03,20.05K,-0.37%,,,,,
06-11-2001,29.57,29.72,30,29.44,19.74K,0.44%,,,,,
06-08-2001,29.44,28.45,29.5,28.45,19.39K,3.30%,,,,,
06-07-2001,28.5,28.84,28.84,28.43,27.60K,-1.59%,,,,,
06-06-2001,28.96,29.18,29.25,28.7,22.17K,-2.43%,,,,,
06-05-2001,29.68,29.32,29.69,28.93,29.04K,1.44%,,,,,
06-04-2001,29.26,29.43,29.71,29.03,33.08K,0.65%,,,,,
06-01-2001,29.07,29.27,29.27,28.7,28.28K,-0.92%,,,,,
05/31/2001,29.34,28.89,29.35,28.38,30.99K,0.69%,,,,,
05/30/2001,29.14,29.28,29.3,28.88,34.74K,-0.10%,,,,,
05/29/2001,29.17,28.47,29.23,28.42,33.98K,2.42%,,,,,
05/25/2001,28.48,28.43,28.65,28.38,27.67K,-0.18%,,,,,
05/24/2001,28.53,29.17,29.48,28.2,54.77K,-2.43%,,,,,
05/23/2001,29.24,29.28,29.4,29.05,30.24K,-0.41%,,,,,
05/22/2001,29.36,29.5,29.6,29.31,29.74K,-0.20%,,,,,
05/21/2001,29.42,29.68,29.68,29.22,33.97K,0.10%,,,,,
05/18/2001,29.39,28.6,29.45,28.58,35.10K,3.27%,,,,,
05/17/2001,28.46,28.3,28.55,28.16,25.53K,0.35%,,,,,
05/16/2001,28.36,28.16,28.88,27.95,9.44K,0.71%,,,,,
05/15/2001,28.16,28.35,28.4,27.96,18.33K,-0.42%,,,,,
05/14/2001,28.28,28.19,28.36,27.78,15.43K,0.32%,,,,,
05-11-2001,28.19,28.4,28.45,28.12,13.91K,-1.02%,,,,,
05-10-2001,28.48,28.5,28.8,28,20.26K,1.17%,,,,,
05-09-2001,28.15,28.09,28.18,27.5,21.97K,0.90%,,,,,
05-08-2001,27.9,27.6,28.05,27.6,23.11K,-1.03%,,,,,
05-04-2001,28.19,28.25,28.37,27.9,25.08K,0.43%,,,,,
05-03-2001,28.07,27.7,28.15,27.01,40.74K,1.74%,,,,,
05-02-2001,27.59,27.8,27.89,27.51,34.38K,-2.61%,,,,,
05-01-2001,28.33,27.62,28.4,27.62,26.00K,1.58%,,,,,
04/30/2001,27.89,27.9,28.48,27.52,34.56K,0.36%,,,,,
04/27/2001,27.79,27.7,28,27.57,28.47K,0.69%,,,,,
04/26/2001,27.6,26.98,27.95,26.9,39.95K,2.91%,,,,,
04/25/2001,26.82,26.22,26.9,26.2,32.37K,1.90%,,,,,
04/24/2001,26.32,26.75,26.92,26.3,36.15K,-0.87%,,,,,
04/23/2001,26.55,26.35,26.83,26.35,28.43K,0.61%,,,,,
04/20/2001,26.39,26.9,26.95,26.35,30.51K,-1.64%,,,,,
04/19/2001,26.83,27.3,27.42,26.68,32.51K,-1.69%,,,,,
04/18/2001,27.29,27.2,27.4,26.8,41.67K,-1.23%,,,,,
04/17/2001,27.63,27.95,28.25,27.51,40.31K,0.95%,,,,,
04-12-2001,27.37,27.07,27.87,27.05,50.96K,3.17%,,,,,
04-11-2001,26.53,26.25,26.75,26.19,6.18K,-0.04%,,,,,
04-10-2001,26.54,25.57,26.77,25.46,30.75K,4.98%,,,,,
04-09-2001,25.28,25.15,25.58,25.08,21.65K,0.44%,,,,,
04-06-2001,25.17,25.28,25.37,25.04,18.84K,-0.59%,,,,,
04-05-2001,25.32,25.26,25.95,25.09,31.96K,0.00%,,,,,
04-04-2001,25.32,25.17,25.48,25.06,42.62K,2.22%,,,,,
04-03-2001,24.77,24.25,24.8,24.16,30.81K,2.74%,,,,,
04-02-2001,24.11,24.85,24.9,24.1,24.04K,-2.55%,,,,,
03/30/2001,24.74,25,25.05,24.55,23.25K,0.98%,,,,,
03/29/2001,24.5,24.8,25.2,24.33,44.61K,-3.05%,,,,,
03/28/2001,25.27,25.65,25.95,25.25,32.46K,-2.39%,,,,,
03/27/2001,25.89,25.55,25.97,25.54,28.47K,1.93%,,,,,
03/26/2001,25.4,25.54,25.8,25.36,26.79K,0.08%,,,,,
03/23/2001,25.38,24.9,25.58,24.8,38.60K,3.05%,,,,,
03/22/2001,24.63,25.1,25.28,24.6,32.85K,-1.48%,,,,,
03/21/2001,25,24.55,25.2,24.5,38.34K,1.54%,,,,,
03/20/2001,24.62,24.81,25.19,24.6,32.92K,-0.77%,,,,,
03/19/2001,24.81,25.3,25.4,24.73,32.38K,-0.96%,,,,,
03/16/2001,25.05,25.09,25.95,25,43.60K,3.56%,,,,,
03/15/2001,24.19,24.15,24.54,23.9,12.86K,1.09%,,,,,
03/14/2001,23.93,25.15,25.56,23.75,26.14K,-5.34%,,,,,
03/13/2001,25.28,25.95,25.95,25.25,20.28K,-2.39%,,,,,
03-12-2001,25.9,26.1,26.25,25.88,23.21K,-1.63%,,,,,
03-09-2001,26.33,26.59,26.68,26.25,18.66K,-1.31%,,,,,
03-08-2001,26.68,27.1,27.25,26.65,25.47K,-2.02%,,,,,
03-07-2001,27.23,26.63,27.25,26.42,28.81K,2.83%,,,,,
03-06-2001,26.48,26.79,26.81,26.32,21.45K,-0.86%,,,,,
03-05-2001,26.71,26.18,26.9,26.18,22.00K,2.73%,,,,,
03-02-2001,26,26.01,26.32,25.9,22.80K,0.58%,,,,,
03-01-2001,25.85,25.7,25.95,25.4,24.35K,1.10%,,,,,
02/28/2001,25.57,25.95,26.42,25.5,34.01K,-1.73%,,,,,
02/27/2001,26.02,25.95,26.32,25.7,30.55K,-0.34%,,,,,
02/26/2001,26.11,26.5,26.67,26.05,34.72K,-1.55%,,,,,
02/23/2001,26.52,26.45,27.05,26.28,35.41K,0.23%,,,,,
02/22/2001,26.46,26.7,26.8,26.05,30.65K,0.34%,,,,,
02/21/2001,26.37,26.74,26.85,26.25,23.02K,-0.94%,,,,,
02/20/2001,26.62,27.34,27.46,26.6,27.62K,-2.53%,,,,,
02/19/2001,27.31,27.4,27.62,27.07,16.18K,1.56%,,,,,
02/16/2001,26.89,26.85,27.05,26.82,19.64K,0.94%,,,,,
02/15/2001,26.64,27,27.18,26.35,41.05K,-2.35%,,,,,
02/14/2001,27.28,27.56,28.26,27.22,39.53K,-4.15%,,,,,
02/13/2001,28.46,28.85,29,28.35,15.55K,-1.86%,,,,,
02-12-2001,29,29.3,29.39,28.75,19.27K,-0.85%,,,,,
02-09-2001,29.25,30,30,29.23,15.81K,-1.98%,,,,,
02-08-2001,29.84,29.7,30.36,28.99,20.88K,-0.23%,,,,,
02-07-2001,29.91,28.6,29.95,28.6,22.61K,4.22%,,,,,
02-06-2001,28.7,28.25,28.89,28.25,15.12K,0.88%,,,,,
02-05-2001,28.45,29.2,29.2,28.08,21.10K,-2.54%,,,,,
02-02-2001,29.19,27.9,29.3,27.7,27.33K,3.88%,,,,,
02-01-2001,28.1,26.55,28.25,26.35,37.55K,5.40%,,,,,
01/31/2001,26.66,27.1,27.22,26.31,36.55K,-0.86%,,,,,
01/30/2001,26.89,26.58,27.08,26.3,30.97K,1.09%,,,,,
01/29/2001,26.6,26.85,27.48,26.25,39.54K,-1.41%,,,,,
01/26/2001,26.98,26.5,27,26.2,22.35K,1.97%,,,,,
01/25/2001,26.46,26.3,26.52,25.94,25.80K,0.76%,,,,,
01/24/2001,26.26,26.5,26.79,25.83,36.41K,-1.54%,,,,,
01/23/2001,26.67,26.4,26.72,26.2,36.74K,0.53%,,,,,
01/22/2001,26.53,26.9,27.28,26.5,30.92K,-1.89%,,,,,
01/19/2001,27.04,25.5,27.16,25.38,39.38K,5.54%,,,,,
01/18/2001,25.62,24.9,25.7,24.55,36.14K,3.35%,,,,,
01/17/2001,24.79,25.69,25.75,24.33,48.77K,-5.38%,,,,,
01/16/2001,26.2,26.18,26.5,26.03,10.60K,0.08%,,,,,
01/15/2001,26.18,25.98,26.28,25.75,13.48K,1.67%,,,,,
01-12-2001,25.75,25.8,25.85,25.59,15.52K,0.55%,,,,,
01-11-2001,25.61,25.55,25.9,25.2,24.68K,1.07%,,,,,
01-10-2001,25.34,24.78,25.4,24.42,29.65K,3.05%,,,,,
01-09-2001,24.59,24.5,24.83,24.12,33.45K,0.65%,,,,,
01-08-2001,24.43,25.33,25.63,24.4,27.82K,-2.98%,,,,,
01-05-2001,25.18,25.4,26.02,25.15,34.99K,-0.67%,,,,,
01-04-2001,25.35,25.09,25.85,24.77,32.81K,1.28%,,,,,
01-03-2001,25.03,24.5,25.3,24.2,36.40K,3.00%,,,,,
01-02-2001,24.3,24.4,24.9,24.2,25.21K,1.80%,,,,,
,,,,,,,,,,,
12/29/2000,23.87,23.15,24.15,23.02,16.64K,0.67%,,,,,
12/28/2000,23.71,23.65,23.93,23.63,23.31K,-1.37%,,,,,
12/27/2000,24.04,24.3,24.54,23.94,24.79K,1.61%,,,,,
12/22/2000,23.66,23.85,23.87,23.51,13.15K,0.21%,,,,,
12/21/2000,23.61,23.56,24.08,23.4,36.43K,2.79%,,,,,
12/20/2000,22.97,25.2,25.23,22.9,35.70K,-8.12%,,,,,
12/19/2000,25,26.25,26.25,24.95,34.40K,-4.73%,,,,,
12/18/2000,26.24,26.14,26.84,25.98,29.92K,1.35%,,,,,
12/15/2000,25.89,25.65,26.1,25.33,24.30K,2.09%,,,,,
12/14/2000,25.36,25.6,25.92,25.2,5.18K,0.88%,,,,,
12/13/2000,25.14,27.4,27.4,25,15.44K,-7.10%,,,,,
12-12-2000,27.06,27.6,27.82,26.8,19.91K,-1.74%,,,,,
12-11-2000,27.54,26.98,27.6,26.77,20.97K,3.69%,,,,,
12-08-2000,26.56,27.3,27.3,26.13,22.89K,-3.31%,,,,,
12-07-2000,27.47,28.36,28.45,27.2,26.64K,-1.93%,,,,,
12-06-2000,28.01,27.84,28.43,26.7,37.08K,0.79%,,,,,
12-05-2000,27.79,29.55,29.65,27.65,46.74K,-5.28%,,,,,
12-04-2000,29.34,30.5,30.81,29.2,38.63K,-2.75%,,,,,
12-01-2000,30.17,31.88,32.32,30.1,33.04K,-5.36%,,,,,
11/30/2000,31.88,32.64,33.15,31.8,36.86K,-2.45%,,,,,
11/29/2000,32.68,32,32.75,31.95,35.46K,1.52%,,,,,
11/28/2000,32.19,33,33,32.1,29.19K,-2.63%,,,,,
11/27/2000,33.06,33,33.45,32.91,25.55K,-0.18%,,,,,
11/24/2000,33.12,33.25,33.41,33.1,10.71K,-0.48%,,,,,
11/23/2000,33.28,33.24,33.65,32.9,12.51K,0.12%,,,,,
11/22/2000,33.24,32.73,33.32,32.65,21.07K,0.42%,,,,,
11/21/2000,33.1,33,33.48,32.85,23.52K,0.09%,,,,,
11/20/2000,33.07,33.38,33.95,32.8,35.11K,-0.03%,,,,,
11/17/2000,33.08,32.3,33.1,32.2,25.16K,0.95%,,,,,
11/16/2000,32.77,32.8,33.12,32.7,29.24K,-3.33%,,,,,
11/15/2000,33.9,32.8,34,32.8,8.63K,3.70%,,,,,
11/14/2000,32.69,32.98,33.55,32.25,17.94K,-0.76%,,,,,
11/13/2000,32.94,32.3,32.98,31.95,26.93K,2.87%,,,,,
11-10-2000,32.02,32.1,32.2,31.8,22.67K,-0.44%,,,,,
11-09-2000,32.16,31.32,32.2,31.31,31.02K,2.68%,,,,,
11-08-2000,31.32,31.68,31.74,30.88,25.26K,-1.14%,,,,,
11-07-2000,31.68,31.27,31.7,31.12,21.89K,1.25%,,,,,
11-06-2000,31.29,30.63,31.3,30.4,24.20K,1.43%,,,,,
11-03-2000,30.85,30.5,31,30.32,21.51K,0.23%,,,,,
11-02-2000,30.78,30.85,31.13,30.45,31.61K,-1.69%,,,,,
11-01-2000,31.31,31.1,31.71,31.05,29.11K,1.79%,,,,,
10/31/2000,30.76,31.09,31.1,30.38,32.66K,-1.22%,,,,,
10/30/2000,31.14,30.74,31.38,30.74,16.15K,0.61%,,,,,
10/27/2000,30.95,31.85,32.08,30.75,29.98K,-3.16%,,,,,
10/26/2000,31.96,31.4,32.16,31.27,35.54K,1.91%,,,,,
10/25/2000,31.36,31.8,32.15,31.3,26.09K,-0.73%,,,,,
10/24/2000,31.59,32.05,32.29,31.55,26.54K,-1.56%,,,,,
10/23/2000,32.09,32.05,32.18,31.32,29.23K,1.49%,,,,,
10/20/2000,31.62,30.92,31.7,30.68,28.85K,2.86%,,,,,
10/19/2000,30.74,31.1,31.7,30.7,34.94K,-1.16%,,,,,
10/18/2000,31.1,31.6,32.05,30.85,32.33K,-0.10%,,,,,
10/17/2000,31.13,31.45,31.58,30.56,42.69K,-2.41%,,,,,
10/16/2000,31.9,31.95,32.97,31.85,9.88K,-1.91%,,,,,
10/13/2000,32.52,34.85,35.07,32.5,23.41K,-5.98%,,,,,
10-12-2000,34.59,31.58,35.3,31.55,26.50K,8.81%,,,,,
10-11-2000,31.79,32.65,32.65,31.5,21.21K,-0.19%,,,,,
10-10-2000,31.85,31.1,31.9,31,20.90K,3.54%,,,,,
10-09-2000,30.76,30.7,30.96,30.24,17.37K,2.19%,,,,,
10-06-2000,30.1,30.1,30.22,29.85,14.36K,0.70%,,,,,
10-05-2000,29.89,29.9,29.95,29.42,28.42K,-2.06%,,,,,
10-04-2000,30.52,30.75,30.75,30.35,22.21K,-1.71%,,,,,
10-03-2000,31.05,31,31.19,30.7,21.90K,-0.10%,,,,,
10-02-2000,31.08,30.2,31.27,30.1,23.79K,4.16%,,,,,
09/29/2000,29.84,29.47,30,29.35,26.73K,1.98%,,,,,
09/28/2000,29.26,30.35,30.35,29.25,35.64K,-4.19%,,,,,
09/27/2000,30.54,30.6,31.27,30.5,30.67K,0.39%,,,,,
09/26/2000,30.42,30.4,30.75,30.27,34.57K,0.60%,,,,,
09/25/2000,30.24,30.25,30.97,29.9,47.45K,-3.23%,,,,,
09/22/2000,31.25,32.8,33.08,31.2,44.28K,-4.52%,,,,,
09/21/2000,32.73,33.55,34.08,32.7,49.30K,-2.99%,,,,,
09/20/2000,33.74,34.25,34.81,33.7,45.12K,0.33%,,,,,
09/19/2000,33.63,34.38,34.46,33.6,42.97K,-2.41%,,,,,
09/18/2000,34.46,33.8,34.98,33.75,36.74K,1.41%,,,,,
09/15/2000,33.98,32.8,34.05,32.65,37.45K,6.39%,,,,,
09/14/2000,31.94,31.7,32.02,31.4,16.54K,1.30%,,,,,
09/13/2000,31.53,32.01,32.37,31.3,23.41K,-2.92%,,,,,
09-12-2000,32.48,33.9,34.37,32.26,23.67K,-3.39%,,,,,
09-11-2000,33.62,32.2,34.25,32.1,41.22K,2.56%,,,,,
09-08-2000,32.78,33.85,33.85,32.35,40.61K,-5.12%,,,,,
09-07-2000,34.55,34.35,34.6,33.46,39.01K,0.79%,,,,,
09-06-2000,34.28,33.05,34.3,33.03,37.68K,3.94%,,,,,
09-05-2000,32.98,32.8,33,32.38,29.72K,0.43%,,,,,
09-04-2000,32.84,31.95,32.85,31.95,13.76K,3.11%,,,,,
09-01-2000,31.85,31.65,31.87,31.46,15.43K,0.41%,,,,,
08/31/2000,31.72,31.75,32.12,31.62,26.86K,-0.81%,,,,,
08/30/2000,31.98,31.36,32,30.67,37.30K,1.98%,,,,,
08/29/2000,31.36,31.49,31.49,31.1,13.20K,3.19%,,,,,
08/25/2000,30.39,30.57,30.62,30.17,23.00K,0.13%,,,,,
08/24/2000,30.35,30.81,30.86,30.22,27.12K,-1.11%,,,,,
08/23/2000,30.69,30.9,31.18,30.55,33.75K,2.54%,,,,,
08/22/2000,29.93,30.8,31.24,29.9,43.04K,-2.19%,,,,,
08/21/2000,30.6,30.6,31.15,30.58,27.11K,0.53%,,,,,
08/18/2000,30.44,30.4,30.91,30.3,23.95K,0.93%,,,,,
08/17/2000,30.16,30,30.77,30,36.03K,-7.29%,,,,,
08/16/2000,32.53,31.6,32.68,31.6,10.10K,1.09%,,,,,
08/15/2000,32.18,31.5,32.8,31.5,23.14K,2.22%,,,,,
08/14/2000,31.48,30.5,31.5,30.5,13.73K,2.98%,,,,,
08-11-2000,30.57,30.65,31.44,30.5,16.67K,-1.00%,,,,,
08-10-2000,30.88,29.8,31.08,29.63,26.34K,3.38%,,,,,
08-09-2000,29.87,29.8,30.15,29.52,30.01K,3.36%,,,,,
08-08-2000,28.9,28.55,28.95,28.37,16.52K,1.33%,,,,,
08-07-2000,28.52,29.45,29.5,28.47,23.13K,-2.89%,,,,,
08-04-2000,29.37,28.45,29.55,28.45,28.66K,3.74%,,,,,
08-03-2000,28.31,27.6,28.35,27.6,29.26K,2.61%,,,,,
08-02-2000,27.59,27.6,27.87,27.5,33.78K,1.66%,,,,,
08-01-2000,27.14,26.8,27.45,26.73,25.00K,0.78%,,,,,
07/31/2000,26.93,27.35,27.45,26.65,23.70K,-1.57%,,,,,
07/28/2000,27.36,27.35,27.62,27.25,26.27K,0.77%,,,,,
07/27/2000,27.15,27,27.25,26.9,26.70K,1.19%,,,,,
07/26/2000,26.83,26.9,27.45,26.78,35.04K,-0.41%,,,,,
07/25/2000,26.94,26.9,27.27,26.81,36.00K,0.07%,,,,,
07/24/2000,26.92,27.5,27.67,26.9,31.78K,-2.18%,,,,,
07/21/2000,27.52,28.3,28.3,27.47,48.23K,-2.65%,,,,,
07/20/2000,28.27,28.75,29.06,28.25,39.67K,-2.11%,,,,,
07/19/2000,28.88,29.35,29.45,28.72,38.83K,-1.50%,,,,,
07/18/2000,29.32,28.5,29.8,28.4,44.16K,2.66%,,,,,
07/17/2000,28.56,28.9,28.9,28.52,29.78K,-4.42%,,,,,
07/14/2000,29.88,30.05,30.05,29.7,11.29K,-1.26%,,,,,
07/13/2000,30.26,29.65,30.3,29.4,26.41K,1.99%,,,,,
07-12-2000,29.67,28.95,29.8,28.81,19.26K,1.54%,,,,,
07-11-2000,29.22,28.65,29.29,28.51,32.33K,1.28%,,,,,
07-10-2000,28.85,29.35,29.63,28.75,31.94K,-2.86%,,,,,
07-07-2000,29.7,29.65,29.75,29.1,32.94K,0.10%,,,,,
07-06-2000,29.67,29.4,29.95,28.92,41.35K,0.99%,,,,,
07-05-2000,29.38,29.22,29.4,28.55,44.58K,-0.68%,,,,,
07-04-2000,29.58,30.4,30.59,29.5,28.79K,-4.89%,,,,,
07-03-2000,31.1,30.65,31.25,30.62,9.65K,1.73%,,,,,
06/30/2000,30.57,30.67,31.15,30.45,23.08K,-0.75%,,,,,
06/29/2000,30.8,30.01,30.95,29.96,28.75K,2.29%,,,,,
06/28/2000,30.11,30.03,30.57,29.97,25.26K,-0.43%,,,,,
06/27/2000,30.24,29.65,30.55,29.36,36.47K,1.65%,,,,,
06/26/2000,29.75,30.65,30.8,29.73,28.26K,-2.11%,,,,,
06/23/2000,30.39,30.4,30.6,29.8,32.24K,0.80%,,,,,
06/22/2000,30.15,29.2,30.25,29,39.01K,2.80%,,,,,
06/21/2000,29.33,29.1,30.11,28.58,47.09K,1.07%,,,,,
06/20/2000,29.02,27.86,29.1,27.85,30.89K,3.72%,,,,,
06/19/2000,27.98,27.95,28.15,27.58,31.39K,-1.31%,,,,,
06/16/2000,28.35,29.15,29.15,27.69,48.02K,-9.31%,,,,,
06/15/2000,31.26,30.65,31.38,30.56,14.72K,0.77%,,,,,
06/14/2000,31.02,31.41,31.41,30.87,27.27K,-1.49%,,,,,
06/13/2000,31.49,30.9,31.7,30.9,31.18K,0.90%,,,,,
06-12-2000,31.21,29.85,31.27,29.8,26.92K,5.51%,,,,,
06-09-2000,29.58,28.9,29.63,28.84,21.41K,1.75%,,,,,
06-08-2000,29.07,29.15,29.48,28.7,25.56K,-0.51%,,,,,
06-07-2000,29.22,28.55,29.28,27.9,36.01K,2.20%,,,,,
06-06-2000,28.59,28.45,28.8,28.31,25.44K,0.78%,,,,,
06-05-2000,28.37,29.4,29.41,28.26,32.14K,-2.34%,,,,,
06-02-2000,29.05,29.2,29.42,28.75,20.95K,-0.48%,,,,,
06-01-2000,29.19,28.4,29.2,28.4,28.67K,3.11%,,,,,
05/31/2000,28.31,29.1,29.52,28.2,38.34K,-2.24%,,,,,
05/30/2000,28.96,28.65,29.13,28.65,24.23K,-0.89%,,,,,
05/26/2000,29.22,29.4,29.47,29,19.72K,0.10%,,,,,
05/25/2000,29.19,28.61,29.2,28.37,33.00K,2.03%,,,,,
05/24/2000,28.61,27.7,28.65,27.7,28.90K,4.04%,,,,,
05/23/2000,27.5,27.5,27.6,27.1,29.94K,0.26%,,,,,
05/22/2000,27.43,28.55,28.6,27.19,40.60K,-4.06%,,,,,
05/19/2000,28.59,28.7,29.2,28.15,39.91K,-1.14%,,,,,
05/18/2000,28.92,28,28.95,28,38.70K,3.69%,,,,,
05/17/2000,27.89,27.95,28.12,27.62,33.21K,-3.09%,,,,,
05/16/2000,28.78,28.36,28.85,28.35,8.05K,1.59%,,,,,
05/15/2000,28.33,27.64,28.52,27.48,19.85K,1.00%,,,,,
05-12-2000,28.05,27.55,28.38,27.3,18.15K,2.19%,,,,,
05-11-2000,27.45,26.45,27.6,26.32,27.99K,3.90%,,,,,
05-10-2000,26.42,26.6,26.74,26.32,26.10K,-1.49%,,,,,
05-09-2000,26.82,25.71,26.95,25.71,27.93K,2.84%,,,,,
05-08-2000,26.08,25.3,26.15,25.25,23.07K,3.12%,,,,,
05-05-2000,25.29,25.16,25.4,24.95,17.92K,0.56%,,,,,
05-04-2000,25.15,24.9,25.5,24.73,27.63K,0.60%,,,,,
05-03-2000,25,25.15,25.7,24.9,41.79K,-0.32%,,,,,
05-02-2000,25.08,24.1,25.37,24.05,40.26K,4.98%,,,,,
04/28/2000,23.89,23.95,24.35,23.85,39.06K,0.55%,,,,,
04/27/2000,23.76,23.05,23.85,23.05,35.87K,3.39%,,,,,
04/26/2000,22.98,23.3,23.35,22.95,26.61K,-1.50%,,,,,
04/25/2000,23.33,23.85,23.85,23.3,26.92K,-2.10%,,,,,
04/20/2000,23.83,23.75,23.97,23.55,22.81K,0.25%,,,,,
04/19/2000,23.77,23,24,23,39.18K,3.12%,,,,,
04/18/2000,23.05,23.15,23.2,22.67,29.79K,1.36%,,,,,
04/17/2000,22.74,22.15,22.93,21.9,35.67K,1.47%,,,,,
04/14/2000,22.41,22.95,23.15,22.35,32.23K,-1.10%,,,,,
04/13/2000,22.66,23.09,23.15,22.6,12.95K,-1.99%,,,,,
04-12-2000,23.12,21.9,23.2,21.9,24.42K,6.69%,,,,,
04-11-2000,21.67,21.8,22.02,21.4,29.27K,1.74%,,,,,
04-10-2000,21.3,22.4,22.4,21.3,31.55K,-5.67%,,,,,
04-07-2000,22.58,23.35,23.55,22.5,22.60K,-3.71%,,,,,
04-06-2000,23.45,23.9,24.13,23.42,24.65K,-1.26%,,,,,
04-05-2000,23.75,23.4,23.91,23.35,31.76K,0.42%,,,,,
04-04-2000,23.65,24.35,24.44,23.62,33.49K,-3.51%,,,,,
04-03-2000,24.51,25,25.22,24.5,21.51K,-1.05%,,,,,
03/31/2000,24.77,24.8,25.27,24.58,28.67K,0.57%,,,,,
03/30/2000,24.63,24.4,24.76,24.37,31.03K,0.94%,,,,,
03/29/2000,24.4,25.24,25.27,24.25,48.30K,-4.35%,,,,,
03/28/2000,25.51,25.55,25.96,25.3,29.36K,-0.66%,,,,,
03/27/2000,25.68,25.65,25.9,25.38,20.91K,-0.89%,,,,,
03/24/2000,25.91,25.75,26.34,25.75,26.39K,1.69%,,,,,
03/23/2000,25.48,25.35,25.79,25.32,27.84K,0.31%,,,,,
03/22/2000,25.4,25.45,26.18,25.26,36.45K,-1.24%,,,,,
03/21/2000,25.72,25.2,25.85,25.14,34.77K,2.02%,,,,,
03/20/2000,25.21,26.4,26.43,25.2,37.89K,-5.08%,,,,,
03/17/2000,26.56,26.9,27.14,26.45,34.13K,-3.10%,,,,,
03/16/2000,27.41,27.2,27.77,26.9,9.26K,-0.44%,,,,,
03/15/2000,27.53,28.35,28.47,27.35,24.35K,-2.86%,,,,,
03/14/2000,28.34,29,29.13,28.2,27.37K,-1.90%,,,,,
03/13/2000,28.89,28.9,29.13,28.55,20.73K,-0.17%,,,,,
03-10-2000,28.94,29.05,29.4,28.63,20.33K,-1.19%,,,,,
03-09-2000,29.29,29.35,29.9,28.39,32.88K,1.70%,,,,,
03-08-2000,28.8,31.4,31.4,28.3,34.80K,-9.72%,,,,,
03-07-2000,31.9,30.1,31.95,30.1,30.29K,7.66%,,,,,
03-06-2000,29.63,28.95,29.69,28.95,21.03K,2.21%,,,,,
03-03-2000,28.99,28.95,29.28,28.7,21.04K,-0.79%,,,,,
03-02-2000,29.22,28.7,29.47,28.55,32.68K,0.55%,,,,,
03-01-2000,29.06,28,29.14,28,42.11K,3.45%,,,,,
02/29/2000,28.09,27.35,28.12,27.35,26.42K,2.48%,,,,,
02/28/2000,27.41,27.2,27.78,27.2,21.13K,-0.25%,,,,,
02/25/2000,27.48,27.25,28,27.12,29.82K,0.40%,,,,,
02/24/2000,27.37,27,27.5,27,32.29K,1.15%,,,,,
02/23/2000,27.06,26.5,27.14,26.44,34.47K,1.81%,,,,,
02/22/2000,26.58,25.85,26.75,25.73,32.88K,2.51%,,,,,
02/21/2000,25.93,26.35,26.4,25.78,18.43K,-1.11%,,,,,
02/18/2000,26.22,26.65,26.77,26.2,21.42K,-1.69%,,,,,
02/17/2000,26.67,27.15,27.16,26.55,30.10K,-2.56%,,,,,
02/16/2000,27.37,27.15,27.47,26.9,28.33K,0.88%,,,,,
02/15/2000,27.13,27.2,27.48,26.98,32.35K,-5.67%,,,,,
02/14/2000,28.76,27.85,28.78,27.82,13.06K,3.38%,,,,,
02-11-2000,27.82,27.5,28.2,27.45,32.91K,1.24%,,,,,
02-10-2000,27.48,26.75,27.62,26.75,34.47K,2.08%,,,,,
02-09-2000,26.92,26.45,26.99,26.06,32.44K,2.09%,,,,,
02-08-2000,26.37,26.73,26.86,26.32,29.00K,-1.90%,,,,,
02-07-2000,26.88,26.85,27.05,26.67,20.02K,-0.70%,,,,,
02-04-2000,27.07,26.65,27.1,26.2,30.38K,1.54%,,,,,
02-03-2000,26.66,26.12,26.69,26.07,30.38K,2.82%,,,,,
02-02-2000,25.93,26.62,26.82,25.82,45.90K,-1.74%,,,,,
02-01-2000,26.39,26.1,26.6,26.08,40.36K,1.62%,,,,,
01/31/2000,25.97,25.4,26.19,25.21,38.61K,1.13%,,,,,
01/28/2000,25.68,25.45,25.92,25.38,22.23K,0.23%,,,,,
01/27/2000,25.62,25.9,26.38,25.45,34.84K,-1.95%,,,,,
01/26/2000,26.13,26.9,26.95,26.05,37.18K,-1.54%,,,,,
01/25/2000,26.54,25.88,26.65,25.58,39.69K,1.84%,,,,,
01/24/2000,26.06,26.68,26.85,25.88,37.45K,-1.10%,,,,,
01/21/2000,26.35,26.55,27.11,25.9,46.27K,0.96%,,,,,
01/20/2000,26.1,25.98,26.43,25.63,47.96K,1.01%,,,,,
01/19/2000,25.84,26.3,26.3,25.65,38.02K,-0.81%,,,,,
01/18/2000,26.05,25.95,26.13,25.62,39.95K,1.56%,,,,,
01/17/2000,25.65,25.55,25.75,25.42,16.29K,0.71%,,,,,
01/14/2000,25.47,24.98,25.56,24.98,8.82K,1.96%,,,,,
01/13/2000,24.98,24.84,25.25,24.7,22.31K,0.69%,,,,,
01-12-2000,24.81,24.35,25.1,23.97,28.46K,0.77%,,,,,
01-11-2000,24.62,23.9,24.67,23.83,17.41K,3.75%,,,,,
01-10-2000,23.73,23.04,23.78,23.04,26.39K,2.77%,,,,,
01-07-2000,23.09,23.57,23.98,23.05,34.83K,-2.24%,,,,,
01-06-2000,23.62,23.55,24.22,23.35,44.66K,-0.46%,,,,,
01-05-2000,23.73,24.25,24.37,23.7,30.31K,-2.71%,,,,,
01-04-2000,24.39,23.9,24.7,23.89,32.51K,-2.75%,,,,,
12/30/1999,25.08,25.28,25.33,25.05,18.14K,-1.45%,,,,,
12/29/1999,25.45,25.9,25.9,25.25,24.46K,0.95%,,,,,
12/24/1999,25.21,25.18,25.25,25.03,7.23K,0.08%,,,,,
12/23/1999,25.19,24.55,25.25,24.54,18.45K,2.19%,,,,,
12/22/1999,24.65,25.31,25.32,24.56,19.13K,-2.53%,,,,,
12/21/1999,25.29,25.37,25.37,25.1,14.57K,-0.04%,,,,,
12/20/1999,25.3,25.45,25.48,25.2,17.29K,-0.86%,,,,,
12/17/1999,25.52,25.4,25.68,25.02,28.23K,-2.18%,,,,,
12/16/1999,26.09,25.37,26.15,25.36,9.97K,2.60%,,,,,
12/15/1999,25.43,25.45,25.69,25.34,23.37K,1.64%,,,,,
12/14/1999,25.02,24.47,25.15,24.43,22.61K,1.79%,,,,,
12/13/1999,24.58,24.7,24.71,24.13,24.49K,0.49%,,,,,
12-10-1999,24.46,24.9,24.91,23.73,27.41K,-2.36%,,,,,
12-09-1999,25.05,25.7,25.73,24.87,27.19K,-2.49%,,,,,
12-08-1999,25.69,24.95,25.72,24.54,40.02K,1.14%,,,,,
12-07-1999,25.4,25.7,25.7,25.1,31.35K,-1.51%,,,,,
12-06-1999,25.79,25.24,25.8,25.12,29.01K,3.37%,,,,,
12-03-1999,24.95,24.9,25.27,24.85,25.47K,-0.04%,,,,,
12-02-1999,24.96,24.35,25.05,24.13,33.71K,3.87%,,,,,
12-01-1999,24.03,24.25,24.3,23.2,46.51K,1.65%,,,,,
11/30/1999,23.64,24.75,24.75,23.58,43.50K,-4.87%,,,,,
11/29/1999,24.85,25.2,25.25,24.82,29.73K,-2.01%,,,,,
11/26/1999,25.36,25.52,25.52,25.17,14.46K,-0.63%,,,,,
11/25/1999,25.52,25.88,25.88,25.45,16.57K,-0.35%,,,,,
11/24/1999,25.61,25.45,25.85,25.45,27.85K,1.83%,,,,,
11/23/1999,25.15,25.58,25.71,25.1,41.34K,-2.44%,,,,,
11/22/1999,25.78,25.9,25.9,25.5,33.09K,2.83%,,,,,
11/19/1999,25.07,24.4,25.21,24.38,41.21K,2.91%,,,,,
11/18/1999,24.36,24.72,25.01,24.3,32.54K,-2.25%,,,,,
11/17/1999,24.92,24.9,25.09,24.75,42.08K,1.55%,,,,,
11/16/1999,24.54,24.4,24.55,24.16,26.22K,-1.84%,,,,,
11/15/1999,25,24.85,25.02,24.65,7.95K,1.67%,,,,,
11-12-1999,24.59,24.14,24.6,23.82,13.36K,1.28%,,,,,
11-11-1999,24.28,24.34,24.36,23.76,20.72K,-0.86%,,,,,
11-10-1999,24.49,24.3,24.81,24.15,37.94K,1.49%,,,,,
11-09-1999,24.13,23.45,24.15,23.44,25.16K,3.65%,,,,,
11-08-1999,23.28,22.63,23.3,22.63,19.18K,1.97%,,,,,
11-05-1999,22.83,22.98,23.1,22.65,18.58K,-0.09%,,,,,
11-04-1999,22.85,22.7,22.88,22.5,32.00K,1.24%,,,,,
11-03-1999,22.57,22.1,22.72,22.06,39.75K,2.22%,,,,,
11-02-1999,22.08,22.3,22.45,22.07,29.12K,-1.21%,,,,,
11-01-1999,22.35,21.85,22.36,21.74,16.14K,3.04%,,,,,
10/29/1999,21.69,21.48,21.8,21.42,34.34K,1.26%,,,,,
10/28/1999,21.42,22.45,22.45,21.4,42.79K,-5.18%,,,,,
10/27/1999,22.59,22.77,22.86,22.57,32.04K,-0.48%,,,,,
10/26/1999,22.7,22.7,22.97,22.65,28.84K,-0.53%,,,,,
10/25/1999,22.82,23.25,23.4,22.75,30.60K,-0.48%,,,,,
10/22/1999,22.93,22.3,23.05,22.28,42.41K,3.71%,,,,,
10/21/1999,22.11,22.03,22.35,21.97,32.99K,1.10%,,,,,
10/20/1999,21.87,21.99,22.2,21.55,36.89K,0.51%,,,,,
10/19/1999,21.76,21.92,22.25,21.7,40.23K,-1.18%,,,,,
10/18/1999,22.02,22.65,22.65,22,29.21K,-2.13%,,,,,
10/15/1999,22.5,21.52,22.54,21.45,30.52K,1.90%,,,,,
10/14/1999,22.08,22.17,22.23,21.97,9.83K,-0.63%,,,,,
10/13/1999,22.22,22.6,22.6,22.06,17.32K,0.77%,,,,,
10-12-1999,22.05,21.35,22.08,21.35,23.96K,3.86%,,,,,
10-11-1999,21.23,20.7,21.25,20.35,27.78K,2.56%,,,,,
10-08-1999,20.7,21.31,21.39,20.2,49.03K,-6.25%,,,,,
10-07-1999,22.08,22.46,22.46,21.97,37.44K,-2.99%,,,,,
10-06-1999,22.76,22.75,23.03,22.65,32.09K,-0.74%,,,,,
10-05-1999,22.93,22.87,22.96,22.35,44.34K,-0.22%,,,,,
10-04-1999,22.98,23.55,23.58,22.89,30.08K,-2.92%,,,,,
10-01-1999,23.67,23.72,23.85,23.55,15.92K,0.38%,,,,,
09/30/1999,23.58,23.6,23.75,23.48,27.85K,-0.97%,,,,,
09/29/1999,23.81,24.05,24.3,23.79,28.42K,0.21%,,,,,
09/28/1999,23.76,23.95,23.98,23.64,23.94K,-1.29%,,,,,
09/27/1999,24.07,23.8,24.18,23.76,24.79K,0.71%,,,,,
09/24/1999,23.9,23.7,24.06,23.64,19.29K,0.34%,,,,,
09/23/1999,23.82,23.1,23.89,23.1,31.84K,3.88%,,,,,
09/22/1999,22.93,22.78,23,22.71,18.47K,1.10%,,,,,
09/21/1999,22.68,22.6,22.95,22.32,34.89K,0.09%,,,,,
09/20/1999,22.66,22.85,22.92,22.65,20.14K,-0.61%,,,,,
09/17/1999,22.8,22.8,23.01,22.6,27.57K,0.35%,,,,,
09/16/1999,22.72,22.8,23.24,22.7,30.48K,-3.69%,,,,,
09/15/1999,23.59,23.7,23.77,23,6.73K,-0.51%,,,,,
09/14/1999,23.71,23.41,23.8,23.41,21.02K,0.98%,,,,,
09/13/1999,23.48,23.35,23.72,23.15,32.95K,0.17%,,,,,
09-10-1999,23.44,22.94,23.5,22.8,33.21K,1.74%,,,,,
09-09-1999,23.04,22.4,23.19,22.4,45.80K,3.46%,,,,,
09-08-1999,22.27,21.9,22.35,21.86,25.17K,1.32%,,,,,
09-07-1999,21.98,21.46,22.04,21.34,32.56K,2.90%,,,,,
09-06-1999,21.36,21.25,21.41,21.2,10.13K,1.57%,,,,,
09-03-1999,21.03,20.8,21.06,20.8,23.09K,1.11%,,,,,
09-02-1999,20.8,20.95,21.05,20.74,27.04K,-1.47%,,,,,
09-01-1999,21.11,21.2,21.45,20.95,30.40K,-1.03%,,,,,
08/31/1999,21.33,21.22,21.42,21.11,33.72K,2.75%,,,,,
08/27/1999,20.76,20.58,20.77,20.36,29.59K,0.92%,,,,,
08/26/1999,20.57,19.94,20.58,19.83,32.06K,3.99%,,,,,
08/25/1999,19.78,20.5,20.55,19.67,44.80K,-4.12%,,,,,
08/24/1999,20.63,20.95,21,20.57,30.27K,-1.67%,,,,,
08/23/1999,20.98,21.11,21.27,20.84,30.19K,-0.05%,,,,,
08/20/1999,20.99,20.95,21.24,20.95,29.97K,0.43%,,,,,
08/19/1999,20.9,20.5,20.97,20.49,24.64K,1.60%,,,,,
08/18/1999,20.57,20.75,20.77,20.52,23.25K,-0.82%,,,,,
08/17/1999,20.74,20.34,20.87,20.26,31.14K,-0.48%,,,,,
08/16/1999,20.84,20.58,20.93,20.58,8.14K,0.72%,,,,,
08/13/1999,20.69,20.42,21,20.41,25.38K,0.98%,,,,,
08-12-1999,20.49,20.64,20.64,20.38,21.19K,-0.68%,,,,,
08-11-1999,20.63,20.5,20.85,20.31,22.22K,0.68%,,,,,
08-10-1999,20.49,20.4,20.57,20.25,26.06K,-0.05%,,,,,
08-09-1999,20.5,20.1,20.51,19.98,19.22K,2.19%,,,,,
08-06-1999,20.06,19.89,20.07,19.67,22.33K,1.31%,,,,,
08-05-1999,19.8,19.55,19.85,19.55,20.27K,0.87%,,,,,
08-04-1999,19.63,19.25,19.9,19.25,34.99K,1.19%,,,,,
08-03-1999,19.4,19.51,19.57,19.27,23.54K,-0.05%,,,,,
08-02-1999,19.41,19.28,19.49,19.2,28.81K,0.21%,,,,,
07/30/1999,19.37,19.91,19.95,19.3,26.37K,-2.17%,,,,,
07/29/1999,19.8,19.48,19.88,19.37,30.61K,2.38%,,,,,
07/28/1999,19.34,19.01,19.5,19.01,29.69K,1.10%,,,,,
07/27/1999,19.13,19.2,19.27,18.9,32.68K,-1.19%,,,,,
07/26/1999,19.36,19.5,19.54,19.2,21.04K,-0.87%,,,,,
07/23/1999,19.53,18.9,19.55,18.88,30.57K,3.61%,,,,,
07/22/1999,18.85,18.58,18.86,18.45,27.13K,1.45%,,,,,
07/21/1999,18.58,18.35,18.7,18.15,36.08K,0.16%,,,,,
07/20/1999,18.55,19.02,19.06,18.36,37.57K,-3.39%,,,,,
07/19/1999,19.2,19.2,19.36,19.04,22.14K,-0.78%,,,,,
07/16/1999,19.35,19.18,19.4,18.85,25.15K,1.68%,,,,,
07/15/1999,19.03,18.79,19.12,18.66,9.08K,0.48%,,,,,
07/14/1999,18.94,19.25,19.43,18.8,20.27K,-0.47%,,,,,
07/13/1999,19.03,18.55,19.09,18.55,28.42K,2.37%,,,,,
07-12-1999,18.59,18.55,18.65,18.31,20.44K,0.43%,,,,,
07-09-1999,18.51,18.1,18.6,17.92,19.66K,1.48%,,,,,
07-08-1999,18.24,18.37,18.64,18.17,32.74K,0.50%,,,,,
07-07-1999,18.15,18.02,18.17,17.88,25.65K,0.28%,,,,,
07-06-1999,18.1,18.15,18.28,17.86,37.57K,-0.44%,,,,,
07-05-1999,18.18,17.85,18.2,17.82,17.10K,2.94%,,,,,
07-02-1999,17.66,17.6,17.7,17.42,14.01K,0.23%,,,,,
07-01-1999,17.62,17.55,17.76,17.49,29.69K,0.63%,,,,,
06/30/1999,17.51,16.9,17.52,16.88,35.64K,4.29%,,,,,
06/29/1999,16.79,16.55,16.8,16.5,23.11K,1.57%,,,,,
06/28/1999,16.53,16.64,16.67,16.52,11.99K,-0.54%,,,,,
06/25/1999,16.62,16.55,16.72,16.48,16.16K,0.42%,,,,,
06/24/1999,16.55,16.68,16.86,16.5,27.13K,-0.48%,,,,,
06/23/1999,16.63,16.33,16.78,16.27,28.91K,3.29%,,,,,
06/22/1999,16.1,16.25,16.38,16.08,20.22K,-1.65%,,,,,
06/21/1999,16.37,16.45,16.48,16.15,27.97K,-0.79%,,,,,
06/18/1999,16.5,16.85,16.9,16.48,18.41K,-1.55%,,,,,
06/17/1999,16.76,16.55,16.78,16.43,28.97K,1.76%,,,,,
06/16/1999,16.47,16.95,17.2,16.42,36.63K,0.06%,,,,,
06/15/1999,16.46,16.3,16.49,16.28,14.48K,0.30%,,,,,
06/14/1999,16.41,16.55,16.8,16.38,31.37K,-1.91%,,,,,
06-11-1999,16.73,16,16.75,15.97,25.54K,4.11%,,,,,
06-10-1999,16.07,16.12,16.39,16,21.12K,-0.68%,,,,,
06-09-1999,16.18,15.75,16.18,15.59,25.54K,2.15%,,,,,
06-08-1999,15.84,15.99,16.2,15.81,23.90K,-1.61%,,,,,
06-07-1999,16.1,15.64,16.24,15.51,31.64K,3.34%,,,,,
06-04-1999,15.58,14.98,15.6,14.94,28.80K,4.21%,,,,,
06-03-1999,14.95,14.8,15.04,14.73,27.47K,0.47%,,,,,
06-02-1999,14.88,14.6,14.94,14.6,23.00K,2.27%,,,,,
06-01-1999,14.55,14.95,15,14.53,38.51K,-4.28%,,,,,
05/28/1999,15.2,15.4,15.42,15.11,16.36K,-1.04%,,,,,
05/27/1999,15.36,15.3,15.59,15.3,19.66K,-0.71%,,,,,
05/26/1999,15.47,15.5,15.66,15.42,26.96K,0.26%,,,,,
05/25/1999,15.43,15.1,15.45,15.01,23.84K,0.98%,,,,,
05/24/1999,15.28,15.5,15.6,15.25,22.87K,-1.93%,,,,,
05/21/1999,15.58,15.35,15.58,15.27,25.53K,2.30%,,,,,
05/20/1999,15.23,14.95,15.52,14.91,35.97K,1.40%,,,,,
05/19/1999,15.02,15.18,15.35,15.01,35.29K,-0.79%,,,,,
05/18/1999,15.14,15.67,15.67,15.03,57.80K,-4.24%,,,,,
05/17/1999,15.81,15.85,15.94,15.65,33.15K,-2.47%,,,,,
05/14/1999,16.21,16.25,16.52,16.1,10.88K,0.68%,,,,,
05/13/1999,16.1,15.6,16.13,15.58,24.28K,3.21%,,,,,
05-12-1999,15.6,15.56,15.65,15.45,37.25K,-2.26%,,,,,
05-11-1999,15.96,16.45,16.45,15.84,45.76K,-2.98%,,,,,
05-10-1999,16.45,16.38,16.5,16.18,29.95K,0.24%,,,,,
05-07-1999,16.41,16.42,16.42,16.07,39.13K,-0.91%,,,,,
05-06-1999,16.56,16.88,16.92,16.5,33.24K,-2.87%,,,,,
05-05-1999,17.05,16.78,17.09,16.52,40.81K,0.71%,,,,,
05-04-1999,16.93,16.7,16.94,16.65,35.50K,2.17%,,,,,
04/30/1999,16.57,16.38,16.68,16.05,33.31K,0.73%,,,,,
04/29/1999,16.45,16.35,16.47,16.17,26.79K,0.30%,,,,,
04/28/1999,16.4,15.9,16.42,15.9,33.49K,3.80%,,,,,
04/27/1999,15.8,15.7,15.8,15.56,30.21K,0.64%,,,,,
04/26/1999,15.7,15.82,15.85,15.47,28.52K,-1.20%,,,,,
04/23/1999,15.89,16.13,16.13,15.8,29.82K,-1.49%,,,,,
04/22/1999,16.13,15.83,16.2,15.76,27.06K,1.51%,,,,,
04/21/1999,15.89,15.65,16.06,15.6,31.99K,1.21%,,,,,
04/20/1999,15.7,15.85,15.96,15.64,27.83K,-1.38%,,,,,
04/19/1999,15.92,15.72,16.1,15.61,24.40K,1.47%,,,,,
04/16/1999,15.69,15.17,15.75,15.02,32.95K,3.22%,,,,,
04/15/1999,15.2,14.95,15.24,14.95,8.51K,1.88%,,,,,
04/14/1999,14.92,15,15.1,14.75,25.83K,-1.84%,,,,,
04/13/1999,15.2,14.79,15.23,14.74,27.07K,2.63%,,,,,
04-12-1999,14.81,14.87,14.93,14.74,18.10K,-0.34%,,,,,
04-09-1999,14.86,14.22,15.15,14.22,31.31K,4.57%,,,,,
04-08-1999,14.21,14.3,14.52,14,29.29K,-0.98%,,,,,
04-07-1999,14.35,14.73,14.79,14.33,33.88K,-3.88%,,,,,
04-06-1999,14.93,15.07,15.1,14.9,32.46K,1.43%,,,,,
04-01-1999,14.72,14.7,14.84,14.57,21.85K,-3.41%,,,,,
03/31/1999,15.24,14.81,15.28,14.59,33.20K,2.90%,,,,,
03/30/1999,14.81,14.85,14.85,14.46,19.20K,1.58%,,,,,
03/29/1999,14.58,14.4,14.65,14.3,24.30K,1.18%,,,,,
03/26/1999,14.41,14.05,14.43,13.99,29.95K,3.37%,,,,,
03/25/1999,13.94,13.55,13.98,13.44,30.52K,1.90%,,,,,
03/24/1999,13.68,13.9,14.02,13.42,36.94K,-0.36%,,,,,
03/23/1999,13.73,13.84,13.9,13.62,34.78K,-1.08%,,,,,
03/22/1999,13.88,13.7,13.97,13.39,26.75K,3.20%,,,,,
03/19/1999,13.45,13.48,13.62,13.2,25.82K,0.60%,,,,,
03/18/1999,13.37,13.53,13.97,13.13,46.34K,0.75%,,,,,
03/17/1999,13.27,12.85,13.35,12.8,38.40K,4.74%,,,,,
03/16/1999,12.67,12.58,12.7,12.51,12.90K,0.88%,,,,,
03/15/1999,12.56,12.63,12.79,12.43,21.86K,0.00%,,,,,
03-12-1999,12.56,12.5,13.19,12.47,32.85K,3.12%,,,,,
03-11-1999,12.18,12.47,12.7,12.15,30.92K,-2.25%,,,,,
03-10-1999,12.46,11.58,12.63,11.52,35.77K,7.79%,,,,,
03-09-1999,11.56,11.67,11.99,11.49,29.26K,-1.70%,,,,,
03-08-1999,11.76,11.85,12.14,11.75,28.49K,1.73%,,,,,
03-05-1999,11.56,11.53,11.74,11.46,28.36K,0.26%,,,,,
03-04-1999,11.53,11.24,11.76,11.09,35.70K,2.49%,,,,,
03-03-1999,11.25,11.05,11.38,11.02,32.67K,2.27%,,,,,
03-02-1999,11,10.65,11.02,10.63,23.80K,2.52%,,,,,
03-01-1999,10.73,10.93,11,10.71,20.63K,-1.38%,,,,,
02/26/1999,10.88,11.05,11.1,10.74,30.59K,-1.98%,,,,,
02/25/1999,11.1,11.08,11.22,10.86,28.70K,0.18%,,,,,
02/24/1999,11.08,10.9,11.16,10.71,38.17K,1.28%,,,,,
02/23/1999,10.94,10.63,11.03,10.61,31.00K,3.40%,,,,,
02/22/1999,10.58,10.45,10.59,10.35,22.35K,1.73%,,,,,
02/19/1999,10.4,10.45,10.64,10.36,22.19K,-1.98%,,,,,
02/18/1999,10.61,10.1,10.78,10.06,20.76K,4.74%,,,,,
02/17/1999,10.13,9.95,10.21,9.9,17.57K,0.80%,,,,,
02/16/1999,10.05,10.45,10.49,10.02,19.10K,-3.09%,,,,,
02/15/1999,10.37,10.45,10.49,10.33,7.60K,-0.58%,,,,,
02-12-1999,10.43,10.39,10.52,10.36,17.65K,3.27%,,,,,
02-11-1999,10.1,10.17,10.27,10.07,7.49K,-0.69%,,,,,
02-10-1999,10.17,10.28,10.35,10.13,23.44K,0.79%,,,,,
02-09-1999,10.09,10.17,10.24,10.03,21.62K,-0.69%,,,,,
02-08-1999,10.16,10.43,10.49,10.1,20.07K,-2.40%,,,,,
02-05-1999,10.41,10.55,10.65,10.33,27.37K,-1.51%,,,,,
02-04-1999,10.57,10.89,10.92,10.56,23.49K,-2.94%,,,,,
02-03-1999,10.89,10.75,11.22,10.74,26.99K,0.37%,,,,,
02-02-1999,10.85,10.87,10.94,10.73,31.61K,-0.28%,,,,,
02-01-1999,10.88,11.41,11.45,10.86,31.61K,-4.14%,,,,,
01/29/1999,11.35,10.94,11.37,10.92,27.85K,3.18%,,,,,
01/28/1999,11,10.95,11,10.72,24.72K,1.10%,,,,,
01/27/1999,10.88,10.52,10.95,10.49,31.72K,2.26%,,,,,
01/26/1999,10.64,10.85,10.85,10.46,34.39K,-1.94%,,,,,
01/25/1999,10.85,11.03,11.03,10.78,20.40K,-2.25%,,,,,
01/22/1999,11.1,11.1,11.25,10.63,29.79K,1.09%,,,,,
01/21/1999,10.98,10.65,11.02,10.53,30.10K,4.47%,,,,,
01/20/1999,10.51,10.85,10.85,10.42,30.01K,-2.78%,,,,,
01/19/1999,10.81,10.67,11.14,10.63,32.84K,0.93%,,,,,
01/18/1999,10.71,10.85,10.9,10.57,12.00K,-0.74%,,,,,
01/15/1999,10.79,10.94,10.97,10.78,18.66K,-3.49%,,,,,
01/14/1999,11.18,11.23,11.47,11.15,9.25K,1.08%,,,,,
01/13/1999,11.06,11.4,11.46,10.84,19.08K,-3.83%,,,,,
01-12-1999,11.5,12,12.03,11.49,15.52K,-4.49%,,,,,
01-11-1999,12.04,11.9,12.33,11.8,20.67K,2.64%,,,,,
01-08-1999,11.73,11.45,11.89,11.45,25.45K,1.73%,,,,,
01-07-1999,11.53,11.3,11.79,11.23,36.64K,0.61%,,,,,
01-06-1999,11.46,10.75,11.5,10.65,47.43K,8.83%,,,,,
01-05-1999,10.53,11.05,11.05,10.51,27.98K,-3.92%,,,,,
01-04-1999,10.96,10.93,11.03,10.88,27.67K,4.08%,,,,,
12/31/1998,10.53,10.45,10.56,10.4,6.39K,0.00%,,,,,
12/30/1998,10.53,10.55,10.6,10.31,23.41K,-0.75%,,,,,
12/29/1998,10.61,10.42,10.63,10.31,27.63K,4.95%,,,,,
12/24/1998,10.11,10.14,10.2,10.09,8.24K,-0.59%,,,,,
12/23/1998,10.17,10.1,10.28,10.05,21.03K,1.60%,,,,,
12/22/1998,10.01,9.8,10.05,9.8,21.30K,2.67%,,,,,
12/21/1998,9.75,9.95,10.19,9.55,28.47K,-2.30%,,,,,
12/18/1998,9.98,10.35,10.35,9.9,29.50K,-1.09%,,,,,
12/17/1998,10.09,11,11.3,10.08,41.87K,-8.27%,,,,,
12/16/1998,11,10.75,11.2,10.71,10.41K,7.53%,,,,,
12/15/1998,10.23,10.2,10.5,10.1,25.67K,0.99%,,,,,
12/14/1998,10.13,9.97,10.19,9.82,28.10K,3.16%,,,,,
12-11-1998,9.82,9.7,9.95,9.67,19.52K,1.87%,,,,,
12-10-1998,9.64,9.91,10.05,9.6,27.82K,-3.41%,,,,,
12-09-1998,9.98,10.08,10.33,9.96,25.11K,-1.29%,,,,,
12-08-1998,10.11,10.38,10.64,10.05,38.51K,-1.46%,,,,,
12-07-1998,10.26,10.39,10.39,9.9,29.49K,0.69%,,,,,
12-04-1998,10.19,10.26,10.35,10.13,16.32K,0.10%,,,,,
12-03-1998,10.18,10.41,10.62,10.16,24.92K,-1.74%,,,,,
12-02-1998,10.36,10.24,10.43,10.09,23.77K,1.37%,,,,,
12-01-1998,10.22,10.44,10.51,10.06,24.61K,-2.29%,,,,,
11/30/1998,10.46,11,11,10.08,28.84K,-6.10%,,,,,
11/27/1998,11.14,10.95,11.2,10.95,15.43K,1.27%,,,,,
11/26/1998,11,10.85,11.05,10.81,16.84K,0.92%,,,,,
11/25/1998,10.9,11.2,11.36,10.65,35.33K,-2.59%,,,,,
11/24/1998,11.19,11.32,11.43,11.13,28.82K,-0.97%,,,,,
11/23/1998,11.3,11.84,11.87,11.27,26.44K,-3.25%,,,,,
11/20/1998,11.68,11.58,11.75,11.4,21.96K,1.65%,,,,,
11/19/1998,11.49,11.65,11.73,11.42,22.21K,-0.52%,,,,,
11/18/1998,11.55,11.4,11.7,11.15,33.41K,1.05%,,,,,
11/17/1998,11.43,11.77,11.85,11.43,35.17K,-2.56%,,,,,
11/16/1998,11.73,12.03,12.32,11.72,37.93K,-5.71%,,,,,
11/13/1998,12.44,12.63,12.67,12.43,21.38K,0.24%,,,,,
11-12-1998,12.41,12.36,12.51,12.24,24.78K,2.48%,,,,,
11-11-1998,12.11,12.2,12.45,12.1,24.31K,0.58%,,,,,
11-10-1998,12.04,12,12.2,11.87,31.54K,1.18%,,,,,
11-09-1998,11.9,12.45,12.48,11.85,26.74K,-3.64%,,,,,
11-06-1998,12.35,12.54,12.7,12.33,31.17K,-1.20%,,,,,
11-05-1998,12.5,12.78,12.79,12.49,26.01K,-2.50%,,,,,
11-04-1998,12.82,12.62,12.95,12.57,31.40K,-0.16%,,,,,
11-03-1998,12.84,13.06,13.08,12.78,30.19K,-1.68%,,,,,
11-02-1998,13.06,13.32,13.44,13.06,31.06K,-1.21%,,,,,
10/30/1998,13.22,13.06,13.23,12.72,29.25K,1.07%,,,,,
10/29/1998,13.08,13.16,13.24,12.9,24.45K,-0.83%,,,,,
10/28/1998,13.19,12.94,13.2,12.78,33.17K,1.77%,,,,,
10/27/1998,12.96,13.16,13.38,12.72,39.47K,-0.61%,,,,,
10/26/1998,13.04,13,13.2,12.93,25.65K,2.19%,,,,,
10/23/1998,12.76,12.75,13.11,12.75,25.85K,0.00%,,,,,
10/22/1998,12.76,12.85,12.95,12.64,28.96K,-0.70%,,,,,
10/21/1998,12.85,12.51,13.17,12.45,41.03K,3.96%,,,,,
10/20/1998,12.36,12.44,12.52,12.22,38.01K,-0.24%,,,,,
10/19/1998,12.39,13.25,13.36,12.38,41.67K,-5.64%,,,,,
10/16/1998,13.13,13.1,13.27,13.1,21.87K,4.37%,,,,,
10/15/1998,12.58,12.65,12.73,12.5,11.24K,-0.87%,,,,,
10/14/1998,12.69,13.1,13.13,12.65,23.31K,-2.61%,,,,,
10/13/1998,13.03,13.13,13.3,12.87,23.76K,-0.53%,,,,,
10-12-1998,13.1,13.29,13.4,13.1,23.90K,-1.28%,,,,,
10-09-1998,13.27,13.3,13.42,12.95,19.20K,0.68%,,,,,
10-08-1998,13.18,13.71,13.79,13.15,30.93K,-4.35%,,,,,
10-07-1998,13.78,14.02,14.1,13.75,23.13K,-2.41%,,,,,
10-06-1998,14.12,14,14.14,13.81,28.78K,0.36%,,,,,
10-05-1998,14.07,14.13,14.29,13.89,26.77K,-2.02%,,,,,
10-02-1998,14.36,14.15,14.39,13.93,21.45K,1.77%,,,,,
10-01-1998,14.11,14.68,14.9,13.95,33.77K,-3.88%,,,,,
09/30/1998,14.68,14.47,14.73,14.38,20.96K,0.48%,,,,,
09/29/1998,14.61,14.34,14.63,14.14,27.50K,1.81%,,,,,
09/28/1998,14.35,14.53,14.55,14.21,19.05K,-0.55%,,,,,
09/25/1998,14.43,14.78,14.8,14.34,21.90K,-1.70%,,,,,
09/24/1998,14.68,14.35,14.9,14.31,29.71K,1.10%,,,,,
09/23/1998,14.52,14.59,14.73,14.43,26.82K,0.21%,,,,,
09/22/1998,14.49,14.21,14.58,14.13,30.50K,0.76%,,,,,
09/21/1998,14.38,14.33,14.45,14.1,26.40K,1.48%,,,,,
09/18/1998,14.17,13.7,14.31,13.59,39.16K,4.65%,,,,,
09/17/1998,13.54,13.45,13.61,13.37,24.38K,2.11%,,,,,
09/16/1998,13.26,13.4,13.6,13.25,25.48K,1.84%,,,,,
09/15/1998,13.02,12.87,13.1,12.86,11.54K,1.32%,,,,,
09/14/1998,12.85,13.09,13.24,12.83,41.45K,-0.62%,,,,,
09-11-1998,12.93,13.6,13.74,12.92,32.19K,-2.56%,,,,,
09-10-1998,13.27,12.94,13.47,12.89,29.63K,4.00%,,,,,
09-09-1998,12.76,13.05,13.1,12.75,29.62K,-1.77%,,,,,
09-08-1998,12.99,13.08,13.24,12.91,24.30K,-0.54%,,,,,
09-07-1998,13.06,13.4,13.45,13.03,11.38K,-1.88%,,,,,
09-04-1998,13.31,13.3,13.72,13.13,28.25K,-0.97%,,,,,
09-03-1998,13.44,12.47,13.47,12.47,40.27K,7.87%,,,,,
09-02-1998,12.46,12.5,12.66,12.44,22.97K,-1.03%,,,,,
09-01-1998,12.59,12.3,12.61,12.19,28.77K,0.24%,,,,,
08/28/1998,12.56,12.15,12.58,12.13,24.94K,2.28%,,,,,
08/27/1998,12.28,12.41,12.46,11.98,36.05K,-1.76%,,,,,
08/26/1998,12.5,12.55,12.7,12.31,26.38K,-1.42%,,,,,
08/25/1998,12.68,12.49,12.7,12.48,28.68K,1.04%,,,,,
08/24/1998,12.55,12.3,12.56,12.17,20.82K,2.28%,,,,,
08/21/1998,12.27,12.55,12.57,12.1,23.93K,-2.93%,,,,,
08/20/1998,12.64,12.2,12.68,12.15,29.84K,2.85%,,,,,
08/19/1998,12.29,12.3,12.34,12.15,20.92K,1.65%,,,,,
08/18/1998,12.09,12.25,12.37,12.02,22.72K,-1.55%,,,,,
08/17/1998,12.28,12.55,12.56,12.25,17.09K,1.91%,,,,,
08/14/1998,12.05,12.15,12.18,11.93,16.42K,-0.33%,,,,,
08/13/1998,12.09,11.9,12.36,11.9,33.07K,2.72%,,,,,
08-12-1998,11.77,11.75,11.9,11.68,20.94K,1.12%,,,,,
08-11-1998,11.64,11.95,12.02,11.55,24.65K,-2.27%,,,,,
08-10-1998,11.91,12.6,12.69,11.9,28.82K,-5.40%,,,,,
08-07-1998,12.59,12.76,12.8,12.57,14.83K,-0.16%,,,,,
08-06-1998,12.61,12.6,12.82,12.51,18.38K,0.32%,,,,,
08-05-1998,12.57,12.58,12.98,12.42,27.10K,-1.02%,,,,,
08-04-1998,12.7,12.72,12.79,12.56,23.51K,1.11%,,,,,
08-03-1998,12.56,13.06,13.06,12.55,25.47K,-4.05%,,,,,
07/31/1998,13.09,13.05,13.14,12.96,17.73K,0.08%,,,,,
07/30/1998,13.08,13.13,13.24,12.87,24.46K,0.15%,,,,,
07/29/1998,13.06,13,13.11,12.88,21.65K,-0.99%,,,,,
07/28/1998,13.19,13.13,13.25,13.02,28.97K,0.53%,,,,,
07/27/1998,13.12,12.9,13.15,12.82,25.76K,2.26%,,,,,
07/24/1998,12.83,12.68,12.85,12.56,22.02K,1.02%,,,,,
07/23/1998,12.7,12.94,13.01,12.5,26.90K,-1.32%,,,,,
07/22/1998,12.87,12.62,12.91,12.41,23.34K,-0.23%,,,,,
07/21/1998,12.9,12.45,12.9,12.38,21.55K,4.37%,,,,,
07/20/1998,12.36,12.85,12.88,12.25,24.44K,-3.44%,,,,,
07/17/1998,12.8,13.07,13.14,12.75,24.31K,0.16%,,,,,
07/16/1998,12.78,12.82,12.9,12.74,19.47K,-1.16%,,,,,
07/15/1998,12.93,13.3,13.36,12.89,28.03K,-0.69%,,,,,
07/14/1998,13.02,12.85,13.16,12.82,20.30K,2.44%,,,,,
07/13/1998,12.71,12.68,12.9,12.6,14.77K,-1.17%,,,,,
07-10-1998,12.86,13.13,13.16,12.84,13.76K,-1.30%,,,,,
07-09-1998,13.03,13.25,13.32,13,19.41K,-0.69%,,,,,
07-08-1998,13.12,12.76,13.25,12.76,26.66K,2.90%,,,,,
07-07-1998,12.75,12.95,13.02,12.7,23.24K,-1.54%,,,,,
07-06-1998,12.95,13.46,13.54,12.93,19.04K,-4.43%,,,,,
07-03-1998,13.55,13.62,13.62,13.48,10.50K,-0.15%,,,,,
07-02-1998,13.57,13.54,13.7,13.5,26.90K,1.12%,,,,,
07-01-1998,13.42,13.42,13.47,13.32,17.76K,0.30%,,,,,
06/30/1998,13.38,13.28,13.65,13.27,24.02K,1.44%,,,,,
06/29/1998,13.19,13.15,13.26,13.07,18.77K,-0.15%,,,,,
06/26/1998,13.21,12.99,13.41,12.95,26.43K,0.76%,,,,,
06/25/1998,13.11,13.58,13.58,12.99,42.36K,-3.67%,,,,,
06/24/1998,13.61,14.08,14.39,13.5,52.04K,-2.23%,,,,,
06/23/1998,13.92,13.6,14,13.55,35.63K,5.14%,,,,,
06/22/1998,13.24,13,13.49,13,26.63K,3.04%,,,,,
06/19/1998,12.85,12.9,13.14,12.85,25.00K,0.55%,,,,,
06/18/1998,12.78,13.03,13.13,12.72,31.15K,-2.14%,,,,,
06/17/1998,13.06,13.05,13.49,13,42.03K,2.67%,,,,,
06/16/1998,12.72,12.69,13.15,12.58,39.46K,4.52%,,,,,
06/15/1998,12.17,12.55,12.55,12.15,13.06K,-1.93%,,,,,
06-12-1998,12.41,13.05,13.15,12.4,28.55K,-3.57%,,,,,
06-11-1998,12.87,13.5,13.63,12.85,26.47K,-3.45%,,,,,
06-10-1998,13.33,13.45,13.74,13.13,25.50K,-1.19%,,,,,
06-09-1998,13.49,14.05,14.24,13.47,30.00K,-5.13%,,,,,
06-08-1998,14.22,14.53,14.57,14.2,25.28K,-2.60%,,,,,
06-05-1998,14.6,14.5,14.74,14.47,16.20K,0.83%,,,,,
06-04-1998,14.48,14.4,14.76,14.3,33.44K,3.13%,,,,,
06-03-1998,14.04,14,14.22,13.76,25.62K,-0.71%,,,,,
06-02-1998,14.14,14.1,14.36,14.1,21.65K,-0.63%,,,,,
06-01-1998,14.23,14.21,14.34,14.02,23.93K,-0.97%,,,,,
05/29/1998,14.37,14,14.44,13.96,34.54K,1.70%,,,,,
05/28/1998,14.13,14.05,14.14,13.9,27.05K,-0.70%,,,,,
05/27/1998,14.23,14.1,14.25,13.99,25.69K,0.64%,,,,,
05/26/1998,14.14,14.07,14.15,13.65,30.99K,0.57%,,,,,
05/22/1998,14.06,14.1,14.16,13.79,25.99K,0.57%,,,,,
05/21/1998,13.98,13.85,14,13.72,27.82K,1.90%,,,,,
05/20/1998,13.72,14.2,14.32,13.65,32.87K,-4.59%,,,,,
05/19/1998,14.38,14.38,14.52,14.28,26.63K,-0.55%,,,,,
05/18/1998,14.46,14.28,14.49,14.24,27.57K,0.42%,,,,,
05/15/1998,14.4,14.79,14.79,14.31,22.48K,-1.91%,,,,,
05/14/1998,14.68,14.9,14.9,14.43,8.67K,0.00%,,,,,
05/13/1998,14.68,15.29,15.29,14.65,18.65K,-2.85%,,,,,
05-12-1998,15.11,14.85,15.25,14.85,32.53K,1.82%,,,,,
05-11-1998,14.84,14.7,15.08,14.59,28.32K,1.02%,,,,,
05-08-1998,14.69,14.54,14.95,14.52,36.29K,1.52%,,,,,
05-07-1998,14.47,14.47,14.8,14.44,26.21K,-0.14%,,,,,
05-06-1998,14.49,14.53,14.79,14.45,29.98K,-1.02%,,,,,
05-05-1998,14.64,14.85,14.9,14.58,30.18K,-3.24%,,,,,
05-01-1998,15.13,14.56,15.26,14.45,24.95K,4.63%,,,,,
04/30/1998,14.46,14.35,14.5,14.13,21.07K,1.47%,,,,,
04/29/1998,14.25,14.63,14.67,14.18,26.52K,-2.40%,,,,,
04/28/1998,14.6,14.34,14.62,14.26,36.05K,2.74%,,,,,
04/27/1998,14.21,13.98,14.25,13.75,27.56K,2.23%,,,,,
04/24/1998,13.9,14.1,14.14,13.81,24.14K,-0.57%,,,,,
04/23/1998,13.98,14.21,14.3,13.84,40.91K,-0.85%,,,,,
04/22/1998,14.1,14.38,14.49,14.07,28.56K,-2.83%,,,,,
04/21/1998,14.51,14.4,14.68,14.32,31.94K,0.83%,,,,,
04/20/1998,14.39,14.35,14.54,14.35,21.70K,0.21%,,,,,
04/17/1998,14.36,14.64,14.95,14.35,35.34K,-1.91%,,,,,
04/16/1998,14.64,14.4,14.78,14.33,36.44K,8.61%,,,,,
04/15/1998,13.48,13.45,13.55,13.32,16.12K,0.22%,,,,,
04/14/1998,13.45,13.7,13.78,13.41,27.50K,-3.93%,,,,,
04-09-1998,14,14.15,14.21,14,24.77K,0.14%,,,,,
04-08-1998,13.98,13.8,14.12,13.67,26.95K,2.19%,,,,,
04-07-1998,13.68,13.7,13.77,13.57,22.99K,-1.37%,,,,,
04-06-1998,13.87,14.35,14.35,13.82,26.55K,-3.75%,,,,,
04-03-1998,14.41,14.55,14.7,14.39,20.80K,1.69%,,,,,
04-02-1998,14.17,14.18,14.34,14.04,20.78K,1.72%,,,,,
04-01-1998,13.93,14.2,14.42,13.91,24.30K,-2.31%,,,,,
03/31/1998,14.26,14.45,14.47,14.14,28.09K,-3.45%,,,,,
03/30/1998,14.77,15.45,15.52,14.76,23.70K,-4.09%,,,,,
03/27/1998,15.4,15.4,15.6,15.28,27.80K,-0.26%,,,,,
03/26/1998,15.44,15.1,15.82,14.95,38.63K,1.98%,,,,,
03/25/1998,15.14,14.15,15.15,14.15,32.67K,4.20%,,,,,
03/24/1998,14.53,14.75,14.88,14.45,29.32K,-3.39%,,,,,
03/23/1998,15.04,14.9,15.63,14.78,66.70K,13.77%,,,,,
03/20/1998,13.22,13.21,13.42,12.99,33.49K,0.84%,,,,,
03/19/1998,13.11,13.2,13.52,13.1,43.76K,0.00%,,,,,
03/18/1998,13.11,12.47,13.4,12.4,40.44K,6.93%,,,,,
03/17/1998,12.26,12.25,12.46,11.9,32.44K,-0.41%,,,,,
03/16/1998,12.31,12.65,12.68,12.26,7.59K,-3.53%,,,,,
03/13/1998,12.76,13.02,13.19,12.75,21.59K,-1.62%,,,,,
03-12-1998,12.97,12.92,13.05,12.7,30.47K,0.08%,,,,,
03-11-1998,12.96,13.19,13.27,12.95,29.36K,-0.31%,,,,,
03-10-1998,13,13.08,13.21,12.94,30.81K,0.15%,,,,,
03-09-1998,12.98,13.45,13.45,12.85,28.39K,-4.49%,,,,,
03-06-1998,13.59,14,14.07,13.57,21.06K,-2.93%,,,,,
03-05-1998,14,13.92,14.2,13.92,25.08K,0.57%,,,,,
03-04-1998,13.92,14.04,14.15,13.8,30.17K,0.00%,,,,,
03-03-1998,13.92,14,14.22,13.85,21.91K,-0.93%,,,,,
03-02-1998,14.05,14.3,14.3,14.03,20.44K,-0.85%,,,,,
02/27/1998,14.17,14.07,14.38,13.94,28.45K,1.00%,,,,,
02/26/1998,14.03,14.12,14.53,13.92,33.64K,0.86%,,,,,
02/25/1998,13.91,13.78,14.15,13.78,24.61K,0.58%,,,,,
02/24/1998,13.83,13.93,14.1,13.73,30.80K,0.00%,,,,,
02/23/1998,13.83,14.12,14.44,13.8,33.17K,-5.73%,,,,,
02/20/1998,14.67,14.87,15.06,14.64,23.88K,-1.21%,,,,,
02/19/1998,14.85,14.92,15.3,14.82,27.17K,-0.60%,,,,,
02/18/1998,14.94,14.42,15.1,14.22,31.62K,3.68%,,,,,
02/17/1998,14.41,14.62,14.65,14.37,20.98K,-0.48%,,,,,
02/16/1998,14.48,14.85,14.86,14.45,12.38K,-2.49%,,,,,
02/13/1998,14.85,14.85,15.01,14.8,23.69K,2.06%,,,,,
02-12-1998,14.55,14.6,14.67,14.5,11.68K,-0.27%,,,,,
02-11-1998,14.59,15.12,15.2,14.55,32.92K,-2.93%,,,,,
02-10-1998,15.03,15.25,15.28,15.02,23.40K,-1.38%,,,,,
02-09-1998,15.24,15.3,15.37,15.2,19.90K,-0.39%,,,,,
02-06-1998,15.3,15.28,15.6,15.21,17.85K,0.53%,,,,,
02-05-1998,15.22,15.15,15.48,15.05,19.42K,1.13%,,,,,
02-04-1998,15.05,15.25,15.29,14.96,26.51K,-0.79%,,,,,
02-03-1998,15.17,15.76,15.78,15.16,22.09K,-3.25%,,,,,
02-02-1998,15.68,15.95,15.95,15.45,26.26K,-1.75%,,,,,
01/30/1998,15.96,16.59,16.6,15.8,27.52K,-3.80%,,,,,
01/29/1998,16.59,16.18,16.73,16.14,32.07K,3.17%,,,,,
01/28/1998,16.08,15.9,16.15,15.85,23.52K,1.84%,,,,,
01/27/1998,15.79,15.85,16.15,15.6,32.27K,0.13%,,,,,
01/26/1998,15.77,14.9,16.2,14.86,35.80K,6.99%,,,,,
01/23/1998,14.74,15.01,15.14,14.7,28.92K,-1.73%,,,,,
01/22/1998,15,15.02,15.04,14.78,34.44K,-1.70%,,,,,
01/21/1998,15.26,15.38,15.44,15.18,17.73K,-0.91%,,,,,
01/20/1998,15.4,15.83,15.89,15.36,22.29K,-2.72%,,,,,
01/19/1998,15.83,15.69,15.88,15.69,15.70K,2.33%,,,,,
01/16/1998,15.47,15.38,15.56,15.31,21.01K,0.19%,,,,,
01/15/1998,15.44,15.37,15.67,15.37,10.17K,0.59%,,,,,
01/14/1998,15.35,15.4,15.57,15.33,16.16K,-0.20%,,,,,
01/13/1998,15.38,15.45,15.72,15.36,28.01K,0.33%,,,,,
01-12-1998,15.33,15.1,15.5,15.1,26.66K,-1.10%,,,,,
01-09-1998,15.5,15.82,15.9,15.45,23.64K,-1.40%,,,,,
01-08-1998,15.72,15.85,15.94,15.7,28.98K,0.70%,,,,,
01-07-1998,15.61,15.5,15.85,15.49,24.52K,-0.38%,,,,,
01-06-1998,15.67,15.81,16.24,15.55,41.23K,-0.76%,,,,,
01-05-1998,15.79,16.25,16.29,15.78,28.71K,-3.84%,,,,,
01-02-1998,16.42,16.8,16.8,16.4,14.58K,-0.61%,,,,,
12/31/1997,16.52,16.6,16.62,16.5,8.80K,-0.90%,,,,,
12/30/1997,16.67,16.8,16.8,16.56,16.53K,0.42%,,,,,
12/29/1997,16.6,17.13,17.18,16.56,24.22K,-4.21%,,,,,
12/24/1997,17.33,17.4,17.4,17.3,4.18K,0.00%,,,,,
12/23/1997,17.33,17.2,17.44,17.15,13.45K,0.29%,,,,,
12/22/1997,17.28,17.35,17.49,17.28,13.17K,-1.43%,,,,,
12/19/1997,17.53,17.75,18.01,17.44,23.66K,-1.52%,,,,,
12/18/1997,17.8,17.47,17.88,17.46,21.48K,2.30%,,,,,
12/17/1997,17.4,17.2,17.55,17.2,24.83K,1.05%,,,,,
12/16/1997,17.22,17.15,17.3,17.1,9.20K,-0.23%,,,,,
12/15/1997,17.26,17.25,17.49,17.25,19.37K,-0.29%,,,,,
12-12-1997,17.31,17.55,17.64,17.3,16.66K,-0.57%,,,,,
12-11-1997,17.41,17.36,17.59,17.2,19.60K,-0.06%,,,,,
12-10-1997,17.42,17.99,18,17.38,21.57K,-2.79%,,,,,
12-09-1997,17.92,18.15,18.18,17.9,12.58K,-1.27%,,,,,
12-08-1997,18.15,18.27,18.34,18.14,13.19K,0.11%,,,,,
12-05-1997,18.13,17.92,18.31,17.9,16.70K,0.72%,,,,,
12-04-1997,18,18.2,18.27,17.93,16.60K,-0.94%,,,,,
12-03-1997,18.17,18.05,18.2,17.87,24.40K,-0.11%,,,,,
12-02-1997,18.19,18.23,18.3,18.08,21.66K,0.17%,,,,,
12-01-1997,18.16,18.44,18.48,17.95,29.90K,-4.12%,,,,,
11/28/1997,18.94,18.77,18.95,18.68,12.97K,0.96%,,,,,
11/27/1997,18.76,18.6,18.79,18.55,12.11K,1.08%,,,,,
11/26/1997,18.56,18.87,18.87,18.36,29.92K,-2.78%,,,,,
11/25/1997,19.09,19.12,19.13,18.98,22.17K,0.00%,,,,,
11/24/1997,19.09,18.84,19.1,18.81,17.32K,1.11%,,,,,
11/21/1997,18.88,18.83,18.9,18.54,26.76K,1.07%,,,,,
11/20/1997,18.68,18.9,19.04,18.56,31.35K,-2.61%,,,,,
11/19/1997,19.18,19.22,19.3,19.03,19.10K,-0.21%,,,,,
11/18/1997,19.22,19.44,19.56,19.15,20.92K,-0.83%,,,,,
11/17/1997,19.38,19.71,19.78,19.25,33.83K,-3.34%,,,,,
11/14/1997,20.05,19.9,20.15,19.85,24.93K,1.37%,,,,,
11/13/1997,19.78,19.56,19.84,19.51,12.41K,1.33%,,,,,
11-12-1997,19.52,19.65,19.68,19.5,25.43K,-0.41%,,,,,
11-11-1997,19.6,19.57,19.65,19.5,22.11K,0.77%,,,,,
11-10-1997,19.45,20.08,20.08,19.44,20.85K,-1.72%,,,,,
11-07-1997,19.79,19.53,19.95,19.52,20.21K,1.64%,,,,,
11-06-1997,19.47,19.6,19.66,19.39,15.79K,0.46%,,,,,
11-05-1997,19.38,19.61,19.73,19.35,19.96K,-1.17%,,,,,
11-04-1997,19.61,19.94,20.04,19.6,18.18K,-1.70%,,,,,
11-03-1997,19.95,20.45,20.45,19.9,17.35K,-0.35%,,,,,
10/31/1997,20.02,20.19,20.31,20.01,19.23K,-0.40%,,,,,
10/30/1997,20.1,19.85,20.23,19.78,26.71K,2.34%,,,,,
10/29/1997,19.64,19.55,19.93,19.5,26.56K,1.08%,,,,,
10/28/1997,19.43,19.94,19.97,19.3,42.23K,-2.80%,,,,,
10/27/1997,19.99,20.1,20.32,19.97,24.77K,0.50%,,,,,
10/24/1997,19.89,20.11,20.31,19.82,18.61K,-0.65%,,,,,
10/23/1997,20.02,20.35,20.37,20,22.72K,-1.57%,,,,,
10/22/1997,20.34,19.94,20.39,19.91,23.49K,2.99%,,,,,
10/21/1997,19.75,19.8,19.9,19.73,15.68K,-0.10%,,,,,
10/20/1997,19.77,19.85,19.88,19.63,21.66K,0.10%,,,,,
10/17/1997,19.75,20.1,20.56,19.5,26.99K,-0.20%,,,,,
10/16/1997,19.79,19.67,19.82,19.63,10.07K,1.44%,,,,,
10/15/1997,19.51,19.7,19.84,19.49,14.39K,-0.36%,,,,,
10/14/1997,19.58,20.14,20.3,19.5,27.79K,-2.78%,,,,,
10/13/1997,20.14,20.42,20.62,20,25.40K,-2.85%,,,,,
10-10-1997,20.73,20.75,20.9,20.62,15.54K,-0.29%,,,,,
10-09-1997,20.79,20.9,21.03,20.57,19.70K,-0.14%,,,,,
10-08-1997,20.82,20.55,21,20.45,24.61K,0.63%,,,,,
10-07-1997,20.69,20.55,20.85,20.5,23.39K,0.24%,,,,,
10-06-1997,20.64,21.63,21.75,20.5,27.74K,-4.49%,,,,,
10-03-1997,21.61,20.5,21.67,20.45,40.04K,5.52%,,,,,
10-02-1997,20.48,19.76,20.51,19.62,29.37K,3.33%,,,,,
10-01-1997,19.82,19.82,19.95,19.75,17.82K,-0.40%,,,,,
09/30/1997,19.9,19.85,20.13,19.8,24.24K,-0.25%,,,,,
09/29/1997,19.95,19.54,19.97,19.43,25.42K,1.99%,,,,,
09/26/1997,19.56,19.12,19.6,19.05,27.38K,2.19%,,,,,
09/25/1997,19.14,18.84,19.24,18.84,32.87K,1.81%,,,,,
09/24/1997,18.8,18.55,18.84,18.53,19.08K,0.86%,,,,,
09/23/1997,18.64,18.7,18.82,18.63,23.31K,0.05%,,,,,
09/22/1997,18.63,18.53,18.74,18.48,24.45K,1.25%,,,,,
09/19/1997,18.4,18.4,18.5,18.39,12.82K,-0.05%,,,,,
09/18/1997,18.41,18.44,18.6,18.33,18.28K,0.00%,,,,,
09/17/1997,18.41,18.59,18.67,18.4,18.26K,-0.91%,,,,,
09/16/1997,18.58,18.35,18.8,18.31,32.55K,1.92%,,,,,
09/15/1997,18.23,18.2,18.3,18.16,13.90K,-0.16%,,,,,
09-12-1997,18.26,18.31,18.38,18.2,15.47K,-0.22%,,,,,
09-11-1997,18.3,18.35,18.53,18.27,28.67K,0.00%,,,,,
09-10-1997,18.3,18.43,18.48,18.28,20.95K,0.11%,,,,,
09-09-1997,18.28,18.3,18.45,18.25,18.00K,-0.27%,,,,,
09-08-1997,18.33,18.55,18.56,18.32,15.95K,-0.76%,,,,,
09-05-1997,18.47,18.35,18.75,18.15,24.12K,1.15%,,,,,
09-04-1997,18.26,18.45,18.49,18.24,19.38K,-0.60%,,,,,
09-03-1997,18.37,18.6,18.6,18.34,20.21K,-0.38%,,,,,
09-02-1997,18.44,18.38,18.63,18.21,23.24K,0.05%,,,,,
09-01-1997,18.43,18.5,18.55,18.4,7.58K,-0.43%,,,,,
08/29/1997,18.51,18.4,18.58,18.39,11.72K,0.60%,,,,,
08/28/1997,18.4,18.55,18.61,18.38,16.25K,-0.86%,,,,,
08/27/1997,18.56,18.11,18.75,18.1,26.95K,1.98%,,,,,
08/26/1997,18.2,18.25,18.32,18.17,32.77K,-1.83%,,,,,
08/22/1997,18.54,18.6,18.67,18.5,21.73K,0.16%,,,,,
08/21/1997,18.51,18.9,18.98,18.45,32.53K,-2.37%,,,,,
08/20/1997,18.96,19.18,19.22,18.94,17.77K,-0.58%,,,,,
08/19/1997,19.07,19,19.29,18.92,20.51K,0.74%,,,,,
08/18/1997,18.93,18.85,18.94,18.71,12.40K,-0.32%,,,,,
08/15/1997,18.99,19.04,19.07,18.83,16.11K,-1.04%,,,,,
08/14/1997,19.19,19,19.29,18.95,12.39K,1.05%,,,,,
08/13/1997,18.99,18.8,19.15,18.62,25.45K,0.74%,,,,,
08-12-1997,18.85,18.56,18.86,18.55,19.91K,1.45%,,,,,
08-11-1997,18.58,18.4,18.59,18.35,15.01K,0.54%,,,,,
08-08-1997,18.48,18.82,18.88,18.28,19.60K,-2.22%,,,,,
08-07-1997,18.9,19.12,19.23,18.8,22.30K,-1.56%,,,,,
08-06-1997,19.2,19.5,19.5,19.1,20.36K,-1.64%,,,,,
08-05-1997,19.52,19.35,19.58,19.3,22.89K,0.31%,,,,,
08-04-1997,19.46,18.9,19.64,18.8,26.44K,2.69%,,,,,
08-01-1997,18.95,18.76,19,18.63,17.08K,0.05%,,,,,
07/31/1997,18.94,19.02,19.09,18.45,31.65K,-0.16%,,,,,
07/30/1997,18.97,18.8,19,18.68,32.39K,2.04%,,,,,
07/29/1997,18.59,18.51,18.65,18.45,17.02K,0.98%,,,,,
07/28/1997,18.41,18.63,18.7,18.35,26.06K,-0.65%,,,,,
07/25/1997,18.53,18.36,18.59,18.3,15.44K,0.49%,,,,,
07/24/1997,18.44,18.42,18.5,18.34,21.44K,0.27%,,,,,
07/23/1997,18.39,18.22,18.43,18.2,20.96K,0.93%,,,,,
07/22/1997,18.22,18.14,18.31,18.12,13.80K,0.72%,,,,,
07/21/1997,18.09,18.12,18.2,17.98,13.72K,-0.17%,,,,,
07/18/1997,18.12,18.6,18.68,18.11,28.20K,-3.05%,,,,,
07/17/1997,18.69,18.3,18.79,18.26,30.89K,1.58%,,,,,
07/16/1997,18.4,18.41,18.45,18.31,10.11K,0.05%,,,,,
07/15/1997,18.39,17.81,18.48,17.8,24.89K,3.20%,,,,,
07/14/1997,17.82,18.21,18.45,17.8,25.84K,-1.49%,,,,,
07-11-1997,18.09,17.9,18.15,17.9,13.43K,0.72%,,,,,
07-10-1997,17.96,18.23,18.23,17.85,21.32K,-1.43%,,,,,
07-09-1997,18.22,18.15,18.4,18.08,21.38K,-0.87%,,,,,
07-08-1997,18.38,18.21,18.39,18.08,16.63K,1.04%,,,,,
07-07-1997,18.19,18.08,18.28,17.97,15.83K,0.72%,,,,,
07-04-1997,18.06,18.25,18.27,18.04,8.92K,-0.82%,,,,,
07-03-1997,18.21,18.85,18.85,18.17,22.30K,-3.75%,,,,,
07-02-1997,18.92,18.69,18.96,18.5,25.81K,0.64%,,,,,
07-01-1997,18.8,18.54,18.85,18.54,33.93K,1.57%,,,,,
06/30/1997,18.51,18.35,18.57,18.27,21.50K,1.82%,,,,,
06/27/1997,18.18,17.94,18.24,17.94,24.97K,1.85%,,,,,
06/26/1997,17.85,18.16,18.17,17.82,18.55K,-2.03%,,,,,
06/25/1997,18.22,17.8,18.45,17.7,26.53K,1.96%,,,,,
06/24/1997,17.87,18.04,18.14,17.73,18.47K,-0.61%,,,,,
06/23/1997,17.98,17.86,18,17.71,17.27K,1.75%,,,,,
06/20/1997,17.67,17.87,17.91,17.48,23.61K,-0.62%,,,,,
06/19/1997,17.78,17.75,17.97,17.68,20.59K,0.06%,,,,,
06/18/1997,17.77,17.96,17.98,17.68,32.09K,-1.71%,,,,,
06/17/1997,18.08,18.07,18.32,18.02,25.48K,1.23%,,,,,
06/16/1997,17.86,17.85,17.98,17.72,16.86K,0.96%,,,,,
06/13/1997,17.69,17.66,17.85,17.65,14.84K,1.43%,,,,,
06-12-1997,17.44,17.5,17.6,17.38,17.98K,0.52%,,,,,
06-11-1997,17.35,17.63,17.9,17.32,18.21K,-0.86%,,,,,
06-10-1997,17.5,17.6,17.85,17.45,21.01K,-0.34%,,,,,
06-09-1997,17.56,17.75,17.78,17.54,14.00K,-0.79%,,,,,
06-06-1997,17.7,18.48,18.51,17.59,27.95K,-3.38%,,,,,
06-05-1997,18.32,18.75,18.78,18.25,25.17K,-2.14%,,,,,
06-04-1997,18.72,18.78,18.97,18.7,17.71K,-0.95%,,,,,
06-03-1997,18.9,19.43,19.48,18.88,27.27K,-3.18%,,,,,
06-02-1997,19.52,19.31,19.62,19.31,14.75K,0.62%,,,,,
05/30/1997,19.4,19.45,19.46,19.25,15.83K,-0.41%,,,,,
05/29/1997,19.48,19.17,19.63,19.1,22.55K,1.25%,,,,,
05/28/1997,19.24,19.3,19.34,19.09,21.07K,0.10%,,,,,
05/27/1997,19.22,19.84,19.88,19.12,25.88K,-3.90%,,,,,
05/23/1997,20,20.1,20.22,19.93,17.73K,-0.89%,,,,,
05/22/1997,20.18,20.13,20.35,20.08,17.52K,0.25%,,,,,
05/21/1997,20.13,20.08,20.16,19.75,24.49K,0.65%,,,,,
05/20/1997,20,20.06,20.36,19.84,19.79K,-0.79%,,,,,
05/19/1997,20.16,20.1,20.34,20.06,18.60K,-0.93%,,,,,
05/16/1997,20.35,19.45,20.6,19.43,25.65K,4.68%,,,,,
05/15/1997,19.44,19.6,19.6,19.33,6.22K,-0.36%,,,,,
05/14/1997,19.51,19.35,19.65,19.2,16.30K,-0.56%,,,,,
05/13/1997,19.62,19.75,19.78,19.44,16.38K,-0.51%,,,,,
05-12-1997,19.72,19,19.89,19,21.03K,4.17%,,,,,
05-09-1997,18.93,18.71,18.94,18.63,19.43K,1.28%,,,,,
05-08-1997,18.69,18.12,18.78,18.11,26.43K,2.92%,,,,,
05-07-1997,18.16,18.17,18.28,18.09,13.70K,0.50%,,,,,
05-06-1997,18.07,17.97,18.19,17.87,16.43K,0.56%,,,,,
05-02-1997,17.97,18.27,18.39,17.88,26.94K,-1.75%,,,,,
05-01-1997,18.29,18.42,18.61,18.26,14.70K,-1.24%,,,,,
04/30/1997,18.52,18.61,18.75,18.43,22.00K,-0.48%,,,,,
04/29/1997,18.61,18.28,18.7,18.2,23.55K,1.92%,,,,,
04/28/1997,18.26,18.23,18.34,18.18,13.03K,-0.05%,,,,,
04/25/1997,18.27,18.45,18.55,18.25,18.39K,-0.76%,,,,,
04/24/1997,18.41,18.19,18.43,18.03,18.41K,1.94%,,,,,
04/23/1997,18.06,18.15,18.19,17.81,21.07K,0.39%,,,,,
04/22/1997,17.99,18.38,18.64,17.95,33.32K,-1.91%,,,,,
04/21/1997,18.34,18.05,18.48,18.03,23.48K,2.34%,,,,,
04/18/1997,17.92,17.85,18.13,17.81,20.84K,1.30%,,,,,
04/17/1997,17.69,17.82,17.95,17.61,31.01K,-0.67%,,,,,
04/16/1997,17.81,17.93,18.05,17.78,24.68K,-0.84%,,,,,
04/15/1997,17.96,18.16,18.16,17.84,14.13K,-1.26%,,,,,
04/14/1997,18.19,18.05,18.3,18.04,12.61K,1.73%,,,,,
04-11-1997,17.88,18.05,18.2,17.86,17.69K,-0.28%,,,,,
04-10-1997,17.93,17.8,18.3,17.54,18.68K,1.01%,,,,,
04-09-1997,17.75,18.03,18.34,17.72,24.05K,-1.00%,,,,,
04-08-1997,17.93,17.85,18.09,17.8,15.85K,0.96%,,,,,
04-07-1997,17.76,17.9,18.11,17.74,19.64K,0.45%,,,,,
04-04-1997,17.68,18.18,18.36,17.65,21.39K,-2.75%,,,,,
04-03-1997,18.18,18.3,18.4,18.07,22.06K,-1.78%,,,,,
04-02-1997,18.51,19.04,19.09,18.5,28.40K,-3.14%,,,,,
04-01-1997,19.11,19.06,19.27,19.01,25.86K,-1.39%,,,,,
03/27/1997,19.38,19.2,19.45,19.2,29.69K,0.47%,,,,,
03/26/1997,19.29,19.64,19.9,19.23,34.67K,-1.28%,,,,,
03/25/1997,19.54,19.5,19.77,19.46,25.01K,-0.26%,,,,,
03/24/1997,19.59,19.92,19.92,19.58,26.35K,-2.00%,,,,,
03/21/1997,19.99,20.33,20.34,19.96,28.31K,-0.94%,,,,,
03/20/1997,20.18,20.2,20.55,20.06,24.02K,-0.69%,,,,,
03/19/1997,20.32,20.39,20.84,20.21,27.92K,0.35%,,,,,
03/18/1997,20.25,19.53,20.5,19.38,32.90K,3.85%,,,,,
03/17/1997,19.5,19.8,19.97,19.48,17.10K,-3.18%,,,,,
03/14/1997,20.14,20.1,20.35,20.07,8.39K,1.26%,,,,,
03/13/1997,19.89,19.76,20.02,19.76,16.85K,1.43%,,,,,
03-12-1997,19.61,19.24,19.7,18.9,32.29K,1.92%,,,,,
03-11-1997,19.24,19.24,19.28,18.93,26.46K,-0.21%,,,,,
03-10-1997,19.28,19.85,19.95,19.23,19.33K,-2.92%,,,,,
03-07-1997,19.86,19.91,20.07,19.55,24.43K,0.81%,,,,,
03-06-1997,19.7,19.19,19.78,19.16,21.92K,1.55%,,,,,
03-05-1997,19.4,19.66,19.73,19.15,21.68K,-0.51%,,,,,
03-04-1997,19.5,19.05,19.63,18.95,28.48K,3.07%,,,,,
03-03-1997,18.92,18.95,19.12,18.68,23.11K,0.37%,,,,,
02/28/1997,18.85,19.23,19.26,18.8,24.45K,-2.58%,,,,,
02/27/1997,19.35,19.66,19.71,19.32,21.04K,-1.17%,,,,,
02/26/1997,19.58,19.65,19.84,19.3,24.97K,0.67%,,,,,
02/25/1997,19.45,19.09,19.76,19.09,30.02K,1.73%,,,,,
02/24/1997,19.12,19.75,19.87,19.1,25.11K,-3.39%,,,,,
02/21/1997,19.79,19.95,20,19.76,23.16K,-1.44%,,,,,
02/20/1997,20.08,20.51,20.62,20.07,18.83K,-2.67%,,,,,
02/19/1997,20.63,20.55,20.74,20.47,17.75K,1.18%,,,,,
02/18/1997,20.39,20.34,20.62,20.1,14.04K,0.25%,,,,,
02/17/1997,20.34,20.4,20.51,20.33,5.18K,-0.73%,,,,,
02/14/1997,20.49,20.55,20.67,20.34,16.81K,0.00%,,,,,
02/13/1997,20.49,20.5,20.7,20.3,13.00K,-0.15%,,,,,
02-12-1997,20.52,21.05,21.25,20.5,19.63K,-2.93%,,,,,
02-11-1997,21.14,21.2,21.38,21.05,18.40K,0.05%,,,,,
02-10-1997,21.13,21.17,21.23,20.55,21.71K,0.86%,,,,,
02-07-1997,20.95,21.7,21.85,20.89,26.17K,-3.41%,,,,,
02-06-1997,21.69,22.37,22.4,21.57,34.67K,-3.47%,,,,,
02-05-1997,22.47,22.4,22.63,22.34,17.59K,0.18%,,,,,
02-04-1997,22.43,22.63,22.77,22.3,20.28K,-0.49%,,,,,
02-03-1997,22.54,22.45,22.65,22.35,19.89K,0.09%,,,,,
01/31/1997,22.52,23.13,23.21,22.5,24.27K,-2.85%,,,,,
01/30/1997,23.18,22.81,23.25,22.75,22.85K,1.80%,,,,,
01/29/1997,22.77,22.35,22.8,22.32,21.61K,2.34%,,,,,
01/28/1997,22.25,22.2,22.39,22.18,22.04K,0.91%,,,,,
01/27/1997,22.05,22.25,22.44,22,26.44K,-0.94%,,,,,
01/24/1997,22.26,22.33,22.58,22.25,21.62K,-0.71%,,,,,
01/23/1997,22.42,22.78,22.9,22.4,22.97K,-0.27%,,,,,
01/22/1997,22.48,22.5,22.8,22.31,25.90K,0.54%,,,,,
01/21/1997,22.36,22.46,22.77,22.32,23.77K,-0.97%,,,,,
01/20/1997,22.58,22.4,22.91,22.29,22.46K,0.18%,,,,,
01/17/1997,22.54,22.85,22.94,22.53,25.33K,-4.45%,,,,,
01/16/1997,23.59,23.65,23.71,23.44,7.09K,-1.05%,,,,,
01/15/1997,23.84,23.5,24.1,23.08,20.33K,2.05%,,,,,
01/14/1997,23.36,23.46,23.55,23.2,18.39K,-0.51%,,,,,
01/13/1997,23.48,24.46,24.6,23.47,21.38K,-3.53%,,,,,
01-10-1997,24.34,24.5,24.51,24.18,21.88K,-0.94%,,,,,
01-09-1997,24.57,24.78,24.91,24.53,16.54K,-0.93%,,,,,
01-08-1997,24.8,24.47,24.8,24.22,18.24K,0.85%,,,,,
01-07-1997,24.59,24.5,24.7,24.42,19.54K,0.12%,,,,,
01-06-1997,24.56,24.16,24.73,24.15,22.63K,1.82%,,,,,
01-03-1997,24.12,24.15,24.15,23.8,14.56K,-0.41%,,,,,
01-02-1997,24.22,24.5,24.61,24.04,15.40K,1.72%,,,,,
12/31/1996,23.81,23.68,23.82,23.68,7.11K,0.51%,,,,,
12/30/1996,23.69,23.6,23.97,23.55,13.61K,1.15%,,,,,
12/27/1996,23.42,23.5,23.67,23.35,10.93K,0.13%,,,,,
12/24/1996,23.39,23.31,23.55,23.3,4.79K,0.86%,,,,,
12/23/1996,23.19,23.4,23.55,23.16,16.76K,-1.15%,,,,,
12/20/1996,23.46,23.73,23.94,23.46,13.81K,-2.17%,,,,,
12/19/1996,23.98,23.8,24,23.62,17.39K,0.25%,,,,,
12/18/1996,23.92,23.76,23.95,23.21,15.21K,0.93%,,,,,
12/17/1996,23.7,23.8,23.85,23.51,16.54K,-1.66%,,,,,
12/16/1996,24.1,23.55,24.25,23.44,9.72K,2.42%,,,,,
12/13/1996,23.53,22.77,23.55,22.65,19.69K,4.48%,,,,,
12-12-1996,22.52,22.49,22.68,22.27,15.13K,1.67%,,,,,
12-11-1996,22.15,23.05,23.07,22,26.22K,-4.89%,,,,,
12-10-1996,23.29,23.92,24,23.24,20.94K,-3.36%,,,,,
12-09-1996,24.1,24.25,24.25,23.77,19.27K,-1.79%,,,,,
12-06-1996,24.54,24.5,24.6,23.92,22.48K,-0.37%,,,,,
12-05-1996,24.63,24.02,24.65,23.96,22.58K,3.57%,,,,,
12-04-1996,23.78,23.63,23.96,23.46,16.63K,0.04%,,,,,
12-03-1996,23.77,23.51,23.81,23.34,24.34K,0.64%,,,,,
12-02-1996,23.62,22.85,23.65,22.68,21.25K,3.73%,,,,,
11/29/1996,22.77,22.62,22.82,22.49,9.78K,0.75%,,,,,
11/28/1996,22.6,22.83,22.89,22.55,9.85K,-0.53%,,,,,
11/27/1996,22.72,22.9,23.02,22.56,16.57K,-0.09%,,,,,
11/26/1996,22.74,22.6,22.93,22.49,18.63K,0.53%,,,,,
11/25/1996,22.62,23.15,23.18,22.6,20.40K,-1.78%,,,,,
11/22/1996,23.03,23.31,23.54,22.8,20.62K,-0.43%,,,,,
11/21/1996,23.13,22.8,23.16,22.68,26.23K,2.62%,,,,,
11/20/1996,22.54,23.5,23.7,22.38,38.06K,-3.59%,,,,,
11/19/1996,23.38,23,23.48,22.93,17.26K,2.23%,,,,,
11/18/1996,22.87,23.18,23.18,22.85,17.61K,-1.85%,,,,,
11/15/1996,23.3,23.48,23.58,23.28,15.92K,-2.14%,,,,,
11/14/1996,23.81,23.97,23.99,23.77,15.70K,-0.33%,,,,,
11/13/1996,23.89,23,23.92,22.98,33.64K,4.64%,,,,,
11-12-1996,22.83,22.95,22.98,22.75,21.37K,-0.78%,,,,,
11-11-1996,23.01,23.15,23.31,22.87,17.26K,0.13%,,,,,
11-08-1996,22.98,22.4,23,22.27,19.38K,3.47%,,,,,
11-07-1996,22.21,22.45,22.48,22.12,22.39K,0.27%,,,,,
11-06-1996,22.15,22.25,22.62,22.11,19.65K,-0.18%,,,,,
11-05-1996,22.19,22.3,22.5,22.15,22.45K,-0.40%,,,,,
11-04-1996,22.28,22.59,22.7,22.2,19.50K,-0.98%,,,,,
11-01-1996,22.5,22.65,22.84,22.45,20.68K,-0.75%,,,,,
10/31/1996,22.67,23.65,23.92,22.62,29.95K,-3.82%,,,,,
10/30/1996,23.57,23.53,23.65,23.35,18.27K,-0.72%,,,,,
10/29/1996,23.74,24.05,24.12,23.62,19.23K,-1.82%,,,,,
10/28/1996,24.18,24.23,24.56,24.02,18.32K,-0.17%,,,,,
10/25/1996,24.22,23.9,24.25,23.78,11.94K,1.98%,,,,,
10/24/1996,23.75,23.78,24.07,23.65,23.73K,-1.33%,,,,,
10/23/1996,24.07,24.43,24.52,24.01,24.73K,-2.39%,,,,,
10/22/1996,24.66,24.5,24.84,24.17,22.45K,0.08%,,,,,
10/21/1996,24.64,24.65,24.8,24.38,16.94K,0.45%,,,,,
10/18/1996,24.53,24.3,24.59,24.3,14.54K,1.41%,,,,,
10/17/1996,24.19,24,24.35,23.72,16.58K,-2.58%,,,,,
10/16/1996,24.83,25,25.04,24.8,7.82K,0.40%,,,,,
10/15/1996,24.73,24.8,25.06,24.61,20.24K,-0.52%,,,,,
10/14/1996,24.86,24.15,24.92,24.13,13.74K,3.67%,,,,,
10-11-1996,23.98,23.7,24,23.65,14.67K,1.65%,,,,,
10-10-1996,23.59,24.12,24.18,23.54,17.73K,-2.80%,,,,,
10-09-1996,24.27,24.41,24.64,24.23,12.91K,-1.26%,,,,,
10-08-1996,24.58,24.3,24.7,24.07,22.36K,0.37%,,,,,
10-07-1996,24.49,23.8,24.5,23.78,15.03K,2.68%,,,,,
10-04-1996,23.85,23.72,23.88,23.48,19.82K,0.46%,,,,,
10-03-1996,23.74,23.02,23.76,23,21.69K,2.77%,,,,,
10-02-1996,23.1,23.3,23.45,22.94,22.59K,0.13%,,,,,
10-01-1996,23.07,22.9,23.32,22.67,25.13K,-0.60%,,,,,
09/30/1996,23.21,23.52,23.63,23.09,22.48K,-1.11%,,,,,
09/27/1996,23.47,22.89,23.49,22.67,13.76K,2.35%,,,,,
09/26/1996,22.93,23.2,23.4,22.92,20.02K,-1.16%,,,,,
09/25/1996,23.2,23.05,23.32,22.63,23.16K,1.05%,,,,,
09/24/1996,22.96,22.32,22.97,22.32,22.22K,3.14%,,,,,
09/23/1996,22.26,22.03,22.29,21.83,15.80K,1.23%,,,,,
09/20/1996,21.99,21.89,22.07,21.76,16.85K,0.37%,,,,,
09/19/1996,21.91,22.28,22.28,21.75,16.58K,-1.79%,,,,,
09/18/1996,22.31,22.12,22.35,21.99,18.34K,2.76%,,,,,
09/17/1996,21.71,21.85,22.13,21.5,21.81K,0.51%,,,,,
09/16/1996,21.6,22.52,22.55,21.55,22.15K,-10.45%,,,,,
09/13/1996,24.12,24.15,24.27,24,11.87K,1.05%,,,,,
09-12-1996,23.87,23.76,24.39,23.35,22.00K,1.23%,,,,,
09-11-1996,23.58,23.08,23.82,23.04,20.09K,3.06%,,,,,
09-10-1996,22.88,22.57,22.96,22.32,24.66K,1.19%,,,,,
09-09-1996,22.61,22.54,22.73,22.31,21.30K,0.31%,,,,,
09-06-1996,22.54,22.27,22.6,22.21,18.52K,1.71%,,,,,
09-05-1996,22.16,21.9,22.22,21.79,15.37K,0.23%,,,,,
09-04-1996,22.11,22.07,22.27,21.65,23.66K,-0.45%,,,,,
09-03-1996,22.21,22.5,22.85,21.57,36.63K,1.00%,,,,,
09-02-1996,21.99,21.48,22,21.45,21.98K,5.82%,,,,,
08/30/1996,20.78,20.87,21,20.64,14.26K,0.14%,,,,,
08/29/1996,20.75,20.46,20.88,20.38,21.96K,2.37%,,,,,
08/28/1996,20.27,19.98,20.51,19.95,24.77K,1.20%,,,,,
08/27/1996,20.03,20.12,20.37,20.02,26.32K,-1.86%,,,,,
08/23/1996,20.41,20.74,20.8,20.4,16.16K,-1.50%,,,,,
08/22/1996,20.72,20.29,20.8,20.29,21.58K,2.57%,,,,,
08/21/1996,20.2,20.32,20.44,20.16,20.11K,-1.32%,,,,,
08/20/1996,20.47,20.8,20.8,20.43,19.16K,-1.82%,,,,,
08/19/1996,20.85,20.6,20.98,20.47,18.04K,1.56%,,,,,
08/16/1996,20.53,19.98,20.6,19.87,,-0.19%,,,,,
08/15/1996,20.57,20.52,20.61,20.48,11.68K,-0.53%,,,,,
08/14/1996,20.68,20.8,20.8,20.55,25.59K,-0.24%,,,,,
08/13/1996,20.73,20.55,20.81,20.35,26.03K,0.34%,,,,,
08-12-1996,20.66,20.01,20.67,20.01,21.43K,3.66%,,,,,
08-09-1996,19.93,19.8,20,19.76,14.40K,-0.20%,,,,,
08-08-1996,19.97,19.76,20.05,19.7,20.74K,1.06%,,,,,
08-07-1996,19.76,19.63,19.8,19.21,26.21K,0.71%,,,,,
08-06-1996,19.62,19.63,19.65,19.35,19.31K,-0.05%,,,,,
08-05-1996,19.63,19.9,20.05,19.47,22.43K,0.20%,,,,,
08-02-1996,19.59,19.19,19.78,19.12,21.22K,0.98%,,,,,
08-01-1996,19.4,19,19.44,18.79,26.46K,2.65%,,,,,
07/31/1996,18.9,18.8,19.08,18.8,23.09K,0.69%,,,,,
07/30/1996,18.77,18.91,18.91,18.67,19.47K,-0.64%,,,,,
07/29/1996,18.89,18.84,18.95,18.67,23.63K,0.91%,,,,,
07/26/1996,18.72,19.2,19.2,18.67,23.59K,-2.60%,,,,,
07/25/1996,19.22,19.06,19.31,19.04,14.11K,0.79%,,,,,
07/24/1996,19.07,19.47,19.57,19.03,19.59K,-1.75%,,,,,
07/23/1996,19.41,19.19,19.46,19.1,16.85K,1.25%,,,,,
07/22/1996,19.17,19.15,19.34,18.9,21.68K,-0.26%,,,,,
07/19/1996,19.22,19.47,19.62,19.06,21.51K,-1.08%,,,,,
07/18/1996,19.43,19.44,19.68,19.32,21.88K,0.15%,,,,,
07/17/1996,19.4,20,20,19.13,23.71K,-5.18%,,,,,
07/16/1996,20.46,20.32,20.55,20.3,7.84K,0.05%,,,,,
07/15/1996,20.45,19.93,20.54,19.72,20.47K,2.20%,,,,,
07-12-1996,20.01,20,20.05,19.75,19.65K,-0.15%,,,,,
07-11-1996,20.04,19.71,20.05,19.64,19.67K,2.04%,,,,,
07-10-1996,19.64,19.6,19.75,19.54,20.08K,0.56%,,,,,
07-09-1996,19.53,19.36,19.56,19.2,18.35K,0.93%,,,,,
07-08-1996,19.35,19.65,19.8,19.11,21.13K,-1.98%,,,,,
07-05-1996,19.74,19.6,19.8,19.59,12.63K,1.13%,,,,,
07-04-1996,19.52,19.36,19.55,19.36,12.64K,1.09%,,,,,
07-03-1996,19.31,19,19.4,18.94,17.92K,1.36%,,,,,
07-02-1996,19.05,19.35,19.4,19.03,19.22K,-2.16%,,,,,
07-01-1996,19.47,18.93,19.53,18.91,21.24K,2.96%,,,,,
06/28/1996,18.91,18.9,19.2,18.8,21.33K,0.21%,,,,,
06/27/1996,18.87,18.63,19.24,18.46,30.78K,0.86%,,,,,
06/26/1996,18.71,18.22,18.85,18.16,19.01K,3.43%,,,,,
06/25/1996,18.09,18.1,18.23,18.01,16.11K,-0.06%,,,,,
06/24/1996,18.1,18,18.21,17.95,12.84K,0.22%,,,,,
06/21/1996,18.06,18.15,18.35,18.01,16.67K,-0.11%,,,,,
06/20/1996,18.08,18.06,18.23,17.92,21.66K,0.44%,,,,,
06/19/1996,18,18.23,18.5,17.97,18.96K,-1.10%,,,,,
06/18/1996,18.2,18.55,18.65,18.15,21.79K,-2.41%,,,,,
06/17/1996,18.65,17.93,18.8,17.89,29.02K,4.48%,,,,,
06/14/1996,17.85,17.5,17.87,17.48,15.84K,-0.89%,,,,,
06/13/1996,18.01,18,18.16,17.92,11.23K,-0.28%,,,,,
06-12-1996,18.06,18.06,18.25,18,26.25K,0.17%,,,,,
06-11-1996,18.03,18.17,18.28,17.98,22.11K,-1.37%,,,,,
06-10-1996,18.28,18.33,18.43,18.14,21.34K,0.00%,,,,,
06-07-1996,18.28,17.97,18.3,17.9,20.00K,1.33%,,,,,
06-06-1996,18.04,17.93,18.07,17.62,23.44K,1.01%,,,,,
06-05-1996,17.86,18.25,18.38,17.76,23.39K,-3.72%,,,,,
06-04-1996,18.55,17.97,18.59,17.97,19.97K,3.52%,,,,,
06-03-1996,17.92,17.76,18.05,17.76,19.30K,0.67%,,,,,
05/31/1996,17.8,17.94,18.05,17.75,20.17K,-0.50%,,,,,
05/30/1996,17.89,18.5,18.5,17.87,34.09K,-3.97%,,,,,
05/29/1996,18.63,18.9,18.9,18.6,24.61K,-1.64%,,,,,
05/28/1996,18.94,19.23,19.23,18.9,17.32K,-0.84%,,,,,
05/24/1996,19.1,18.89,19.16,18.89,15.94K,1.11%,,,,,
05/23/1996,18.89,19.24,19.25,18.86,23.85K,-0.89%,,,,,
05/22/1996,19.06,18.28,19.4,18.28,33.01K,3.47%,,,,,
05/21/1996,18.42,18.43,18.63,18.27,21.78K,-1.02%,,,,,
05/20/1996,18.61,17.53,18.8,16.75,48.77K,6.10%,,,,,
05/17/1996,17.54,18.1,18.2,17.52,23.33K,-6.15%,,,,,
05/16/1996,18.69,18.85,18.97,18.5,6.71K,-3.16%,,,,,
05/15/1996,19.3,19.34,19.48,19.25,17.61K,-0.26%,,,,,
05/14/1996,19.35,19.45,19.57,19.2,24.78K,0.10%,,,,,
05/13/1996,19.33,19.3,19.4,19.2,18.48K,1.47%,,,,,
05-10-1996,19.05,18.9,19.1,18.86,11.98K,1.33%,,,,,
05-09-1996,18.8,19.1,19.1,18.67,23.37K,-2.59%,,,,,
05-08-1996,19.3,19.5,19.68,19.13,20.34K,-0.31%,,,,,
05-07-1996,19.36,19.28,19.5,19.22,27.26K,0.99%,,,,,
05-03-1996,19.17,18.85,19.2,18.72,16.07K,2.02%,,,,,
05-02-1996,18.79,18.83,19.28,18.78,24.60K,-0.05%,,,,,
05-01-1996,18.8,18.85,18.85,18.56,18.40K,-1.16%,,,,,
04/30/1996,19.02,19.5,19.6,19,21.32K,-4.18%,,,,,
04/29/1996,19.85,19.82,19.93,19.6,12.89K,0.25%,,,,,
04/26/1996,19.8,19.88,19.95,19.48,15.87K,-0.20%,,,,,
04/25/1996,19.84,19.8,20.19,19.41,26.75K,-0.20%,,,,,
04/24/1996,19.88,20.65,20.87,19.7,30.01K,-1.73%,,,,,
04/23/1996,20.23,19.6,20.25,19.5,24.15K,6.31%,,,,,
04/22/1996,19.03,18.41,19.3,18.36,24.67K,2.70%,,,,,
04/19/1996,18.53,18.25,18.82,18.08,25.97K,0.71%,,,,,
04/18/1996,18.4,18.95,18.95,18.1,30.84K,-3.77%,,,,,
04/17/1996,19.12,19.52,19.59,18.45,28.82K,-2.00%,,,,,
04/16/1996,19.51,20.55,20.84,19.1,38.05K,-10.63%,,,,,
04/15/1996,21.83,21.45,21.98,21.27,14.25K,0.37%,,,,,
04-12-1996,21.75,22.78,22.78,21.28,33.18K,-5.68%,,,,,
04-11-1996,23.06,22,23.3,21.8,24.28K,4.68%,,,,,
04-10-1996,22.03,20.78,22.1,20.77,36.63K,6.43%,,,,,
04-09-1996,20.7,20.58,20.88,20.45,26.36K,2.22%,,,,,
04-04-1996,20.25,19.95,20.28,19.83,11.62K,1.35%,,,,,
04-03-1996,19.98,20.26,20.3,19.9,17.92K,-1.04%,,,,,
04-02-1996,20.19,20.05,20.25,19.96,18.22K,2.28%,,,,,
04-01-1996,19.74,19.4,19.96,19.38,14.09K,1.70%,,,,,
03/29/1996,19.41,19.16,19.48,19.1,14.52K,1.04%,,,,,
03/28/1996,19.21,19.3,19.41,18.92,24.09K,-2.44%,,,,,
03/27/1996,19.69,20.15,20.24,19.66,21.72K,-1.25%,,,,,
03/26/1996,19.94,20.08,20.3,19.7,27.57K,-1.19%,,,,,
03/25/1996,20.18,19.5,20.25,19.46,26.49K,2.85%,,,,,
03/22/1996,19.62,19,19.63,19,33.59K,3.97%,,,,,
03/21/1996,18.87,18.73,18.89,18.6,17.05K,1.02%,,,,,
03/20/1996,18.68,18.82,19.28,18.51,30.39K,0.38%,,,,,
03/19/1996,18.61,18.82,18.92,18.6,25.11K,-1.27%,,,,,
03/18/1996,18.85,18.25,19.03,18.2,21.86K,3.69%,,,,,
03/15/1996,18.18,18.2,18.29,17.78,21.11K,-4.57%,,,,,
03/14/1996,19.05,18.85,19.06,18.85,9.43K,0.69%,,,,,
03/13/1996,18.92,18.86,19.2,18.76,26.13K,0.32%,,,,,
03-12-1996,18.86,18.44,18.89,18.33,25.07K,2.50%,,,,,
03-11-1996,18.4,18.05,18.47,18.03,17.55K,1.15%,,,,,
03-08-1996,18.19,18.31,18.35,18.02,22.66K,-1.09%,,,,,
03-07-1996,18.39,18.37,18.53,18.23,28.99K,0.05%,,,,,
03-06-1996,18.38,17.88,18.43,17.75,27.27K,2.57%,,,,,
03-05-1996,17.92,17.53,17.94,17.52,19.29K,2.40%,,,,,
03-04-1996,17.5,17.55,17.55,17.2,19.74K,-1.46%,,,,,
03-01-1996,17.76,17.9,17.95,17.45,21.79K,0.00%,,,,,
02/29/1996,17.76,17.7,17.85,17.65,13.65K,0.28%,,,,,
02/28/1996,17.71,17.92,18.05,17.57,21.43K,-1.45%,,,,,
02/27/1996,17.97,17.77,18.11,17.71,29.25K,0.96%,,,,,
02/26/1996,17.8,17.75,17.94,17.56,17.60K,1.42%,,,,,
02/23/1996,17.55,18.24,18.28,17.53,25.03K,-3.99%,,,,,
02/22/1996,18.28,18.15,18.4,18.06,7.73K,0.33%,,,,,
02/21/1996,18.22,17.75,18.45,17.62,20.41K,3.82%,,,,,
02/20/1996,17.55,17.24,17.59,17.1,20.41K,1.92%,,,,,
02/19/1996,17.22,17.1,17.26,17.05,7.43K,0.70%,,,,,
02/16/1996,17.1,17.1,17.28,17.05,32.84K,-0.29%,,,,,
02/15/1996,17.15,17.13,17.23,17,21.98K,-4.35%,,,,,
02/14/1996,17.93,17.93,18.03,17.87,10.49K,0.79%,,,,,
02/13/1996,17.79,16.86,17.9,16.86,19.55K,5.08%,,,,,
02-12-1996,16.93,16.76,16.94,16.72,16.40K,0.89%,,,,,
02-09-1996,16.78,16.83,16.9,16.76,23.03K,0.24%,,,,,
02-08-1996,16.74,16.66,16.75,16.64,15.83K,0.90%,,,,,
02-07-1996,16.59,16.7,16.72,16.57,15.81K,-0.12%,,,,,
02-06-1996,16.61,16.64,16.7,16.43,17.31K,0.42%,,,,,
02-05-1996,16.54,16.71,16.88,16.5,26.39K,-1.02%,,,,,
02-02-1996,16.71,16.56,16.83,16.53,19.88K,1.15%,,,,,
02-01-1996,16.52,16.6,16.89,16.5,27.59K,0.00%,,,,,
01/31/1996,16.52,16.49,16.56,16.26,17.28K,0.92%,,,,,
01/30/1996,16.37,16.25,16.47,16.2,17.01K,0.92%,,,,,
01/29/1996,16.22,16.65,16.69,15.93,32.72K,-1.64%,,,,,
01/26/1996,16.49,16.45,16.55,16.1,27.67K,0.06%,,,,,
01/25/1996,16.48,17.01,17.01,16.31,31.24K,-3.00%,,,,,
01/24/1996,16.99,16.75,17.05,16.7,23.51K,0.71%,,,,,
01/23/1996,16.87,16.93,16.95,16.75,21.64K,-0.71%,,,,,
01/22/1996,16.99,16.81,17.01,16.73,21.16K,-0.76%,,,,,
01/19/1996,17.12,17.32,17.32,16.88,20.58K,-1.15%,,,,,
01/18/1996,17.32,17.18,17.33,17.17,20.63K,1.35%,,,,,
01/17/1996,17.09,16.81,17.1,16.6,28.61K,-3.77%,,,,,
01/16/1996,17.76,17.75,17.85,17.67,8.95K,1.14%,,,,,
01/15/1996,17.56,17.51,17.62,17.14,18.33K,0.86%,,,,,
01-12-1996,17.41,17.83,17.88,17.26,25.01K,-2.68%,,,,,
01-11-1996,17.89,18.52,18.67,17.65,41.62K,-3.30%,,,,,
01-10-1996,18.5,18.68,18.75,18.31,26.74K,-0.86%,,,,,
01-09-1996,18.66,19.2,19.2,18.6,22.72K,-2.91%,,,,,
01-08-1996,19.22,19.25,19.31,19.11,13.71K,0.89%,,,,,
01-05-1996,19.05,18.75,19.07,18.75,20.74K,1.98%,,,,,
01-04-1996,18.68,18.6,18.74,18.37,23.23K,0.27%,,,,,
01-03-1996,18.63,18.68,18.68,18.52,21.50K,0.05%,,,,,
01-02-1996,18.62,18.55,18.63,18.27,20.43K,1.58%,,,,,
12/29/1995,18.33,18.37,18.47,18.32,6.81K,0.38%,,,,,
12/28/1995,18.26,18.43,18.53,18.19,16.28K,-0.49%,,,,,
12/27/1995,18.35,18.13,18.38,18.1,20.97K,2.97%,,,,,
12/22/1995,17.82,17.85,17.9,17.81,5.53K,0.11%,,,,,
12/21/1995,17.8,17.81,17.98,17.8,13.30K,-0.28%,,,,,
12/20/1995,17.85,17.77,17.9,17.71,21.53K,0.62%,,,,,
12/19/1995,17.74,17.9,17.95,17.71,15.81K,-0.78%,,,,,
12/18/1995,17.88,17.8,17.98,17.72,16.10K,0.28%,,,,,
12/15/1995,17.83,17.69,17.84,17.5,18.34K,-1.27%,,,,,
12/14/1995,18.06,17.94,18.12,17.91,13.78K,0.67%,,,,,
12/13/1995,17.94,17.78,17.96,17.69,20.47K,2.93%,,,,,
12-12-1995,17.43,17.48,17.65,17.33,26.01K,-0.51%,,,,,
12-11-1995,17.52,17.79,17.94,17.48,27.50K,-1.35%,,,,,
12-08-1995,17.76,17.54,17.8,17.49,21.45K,1.08%,,,,,
12-07-1995,17.57,17.61,17.75,17.48,22.53K,-0.11%,,,,,
12-06-1995,17.59,17.49,17.63,17.43,22.30K,0.40%,,,,,
12-05-1995,17.52,17.5,17.58,17.42,24.08K,0.40%,,,,,
12-04-1995,17.45,17.3,17.47,17.27,20.57K,1.16%,,,,,
12-01-1995,17.25,17.07,17.3,17.06,24.48K,1.23%,,,,,
11/30/1995,17.04,17.05,17.14,16.9,21.61K,-0.23%,,,,,
11/29/1995,17.08,17.05,17.19,17.04,18.99K,-0.35%,,,,,
11/28/1995,17.14,17.12,17.18,17.07,19.33K,-0.23%,,,,,
11/27/1995,17.18,16.82,17.18,16.82,27.46K,2.32%,,,,,
11/24/1995,16.79,16.75,16.84,16.73,7.67K,0.30%,,,,,
11/23/1995,16.74,16.73,16.81,16.64,9.46K,-0.06%,,,,,
11/22/1995,16.75,16.62,16.86,16.61,24.01K,0.00%,,,,,
11/21/1995,16.75,16.84,16.84,16.66,16.13K,-0.36%,,,,,
11/20/1995,16.81,16.88,16.89,16.81,15.22K,-0.71%,,,,,
11/17/1995,16.93,16.68,17.01,16.63,31.94K,1.50%,,,,,
11/16/1995,16.68,16.46,16.69,16.41,20.99K,-0.30%,,,,,
11/15/1995,16.73,16.68,16.75,16.65,8.77K,0.66%,,,,,
11/14/1995,16.62,16.55,16.65,16.45,14.73K,0.12%,,,,,
11/13/1995,16.6,16.63,16.79,16.58,26.66K,0.12%,,,,,
11-10-1995,16.58,16.65,16.7,16.51,18.01K,-0.42%,,,,,
11-09-1995,16.65,16.65,16.75,16.63,19.22K,0.18%,,,,,
11-08-1995,16.62,16.37,16.65,16.35,24.41K,1.34%,,,,,
11-07-1995,16.4,16.45,16.52,16.4,16.97K,-0.43%,,,,,
11-06-1995,16.47,16.71,16.71,16.45,18.20K,-0.96%,,,,,
11-03-1995,16.63,16.63,16.68,16.56,14.44K,-0.06%,,,,,
11-02-1995,16.64,16.4,16.71,16.35,20.60K,1.53%,,,,,
11-01-1995,16.39,16.37,16.43,16.21,21.10K,0.37%,,,,,
10/31/1995,16.33,16.35,16.42,16.28,20.27K,0.37%,,,,,
10/30/1995,16.27,16.27,16.35,16.24,13.85K,-0.06%,,,,,
10/27/1995,16.28,16.25,16.36,16.23,18.30K,0.18%,,,,,
10/26/1995,16.25,16.06,16.35,16.06,34.14K,1.37%,,,,,
10/25/1995,16.03,16.1,16.15,15.97,20.46K,-0.12%,,,,,
10/24/1995,16.05,15.92,16.13,15.89,21.96K,0.69%,,,,,
10/23/1995,15.94,15.92,15.96,15.7,16.70K,0.38%,,,,,
10/20/1995,15.88,15.88,15.95,15.74,16.21K,0.25%,,,,,
10/19/1995,15.84,16.04,16.05,15.82,19.83K,-1.31%,,,,,
10/18/1995,16.05,16.06,16.1,15.99,16.79K,-0.37%,,,,,
10/17/1995,16.11,16.11,16.19,16.08,14.14K,-1.23%,,,,,
10/16/1995,16.31,16.4,16.4,16.25,8.19K,0.49%,,,,,
10/13/1995,16.23,15.86,16.26,15.86,18.32K,2.53%,,,,,
10-12-1995,15.83,15.9,16.02,15.82,20.72K,-0.69%,,,,,
10-11-1995,15.94,15.9,16.1,15.86,21.01K,-0.56%,,,,,
10-10-1995,16.03,15.96,16.05,15.85,20.75K,0.44%,,,,,
10-09-1995,15.96,15.78,15.98,15.77,12.72K,1.27%,,,,,
10-06-1995,15.76,15.61,15.77,15.6,15.12K,0.96%,,,,,
10-05-1995,15.61,15.92,16,15.58,32.14K,-2.32%,,,,,
10-04-1995,15.98,16.13,16.27,15.93,21.73K,-1.11%,,,,,
10-03-1995,16.16,16.23,16.23,16.09,14.22K,-0.43%,,,,,
10-02-1995,16.23,16.16,16.27,16.07,22.55K,0.68%,,,,,
09/29/1995,16.12,16.26,16.3,16.05,22.23K,-1.29%,,,,,
09/28/1995,16.33,16.25,16.4,16.23,22.85K,0.99%,,,,,
09/27/1995,16.17,16.15,16.22,16.08,19.05K,1.06%,,,,,
09/26/1995,16,16.22,16.26,15.99,19.03K,-0.50%,,,,,
09/25/1995,16.08,16.06,16.1,16,15.28K,0.75%,,,,,
09/22/1995,15.96,16.23,16.28,15.83,27.24K,-0.99%,,,,,
09/21/1995,16.12,16.48,16.5,16.1,33.21K,-1.65%,,,,,
09/20/1995,16.39,16.78,16.87,16.38,30.43K,-2.38%,,,,,
09/19/1995,16.79,16.85,16.85,16.75,16.82K,-0.30%,,,,,
09/18/1995,16.84,16.79,16.92,16.79,17.23K,0.24%,,,,,
09/15/1995,16.8,16.9,16.94,16.72,23.06K,-0.65%,,,,,
09/14/1995,16.91,16.77,16.92,16.69,12.03K,0.77%,,,,,
09/13/1995,16.78,16.95,17.04,16.76,27.16K,-0.53%,,,,,
09-12-1995,16.87,16.83,16.93,16.78,24.52K,0.78%,,,,,
09-11-1995,16.74,16.75,16.78,16.68,18.58K,0.00%,,,,,
09-08-1995,16.74,16.68,16.89,16.67,21.92K,0.72%,,,,,
09-07-1995,16.62,16.57,16.69,16.55,16.46K,-0.24%,,,,,
09-06-1995,16.66,16.78,16.8,16.66,20.82K,-1.13%,,,,,
09-05-1995,16.85,16.63,16.87,16.52,32.06K,1.44%,,,,,
09-04-1995,16.61,16.45,16.64,16.45,10.93K,1.10%,,,,,
09-01-1995,16.43,16.28,16.45,16.22,12.54K,1.11%,,,,,
08/31/1995,16.25,16.13,16.3,16.05,20.73K,0.31%,,,,,
08/30/1995,16.2,16.3,16.32,16.13,16.45K,0.06%,,,,,
08/29/1995,16.19,16.17,16.26,16.15,19.80K,0.12%,,,,,
08/25/1995,16.17,16.2,16.36,16.16,19.31K,-0.19%,,,,,
08/24/1995,16.2,16.2,16.33,16.18,18.20K,-0.37%,,,,,
08/23/1995,16.26,16.45,16.51,16.24,27.79K,-0.18%,,,,,
08/22/1995,16.29,16.34,16.35,16.22,20.17K,0.18%,,,,,
08/21/1995,16.26,16.12,16.35,16.1,25.30K,1.37%,,,,,
08/18/1995,16.04,15.92,16.08,15.88,15.30K,0.50%,,,,,
08/17/1995,15.96,15.93,16,15.88,14.79K,0.76%,,,,,
08/16/1995,15.84,15.83,15.89,15.76,7.31K,-0.06%,,,,,
08/15/1995,15.85,15.9,16.03,15.84,20.07K,-0.69%,,,,,
08/14/1995,15.96,16.14,16.17,15.95,20.20K,-1.85%,,,,,
08-11-1995,16.26,16.32,16.38,16.25,14.20K,-0.31%,,,,,
08-10-1995,16.31,16.23,16.32,16.15,13.84K,0.12%,,,,,
08-09-1995,16.29,16.24,16.38,16.24,19.61K,0.62%,,,,,
08-08-1995,16.19,16.13,16.27,16.1,11.91K,0.12%,,,,,
08-07-1995,16.17,16.21,16.22,16.09,10.70K,-0.37%,,,,,
08-04-1995,16.23,16.17,16.24,16.07,15.22K,0.00%,,,,,
08-03-1995,16.23,16.31,16.37,16.15,22.30K,0.12%,,,,,
08-02-1995,16.21,16.04,16.29,15.98,20.95K,0.37%,,,,,
08-01-1995,16.15,16.15,16.27,16.1,19.63K,0.87%,,,,,
07/31/1995,16.01,15.95,16.1,15.92,16.20K,0.00%,,,,,
07/28/1995,16.01,16.11,16.15,16,15.12K,-0.62%,,,,,
07/27/1995,16.11,16.08,16.34,16.03,23.24K,0.00%,,,,,
07/26/1995,16.11,15.9,16.2,15.86,30.85K,2.42%,,,,,
07/25/1995,15.73,15.65,15.79,15.53,24.36K,0.51%,,,,,
07/24/1995,15.65,15.53,15.7,15.41,14.71K,0.38%,,,,,
07/21/1995,15.59,15.6,15.74,15.45,23.52K,-0.06%,,,,,
07/20/1995,15.6,15.71,15.81,15.6,20.86K,-1.45%,,,,,
07/19/1995,15.83,15.84,16,15.75,19.88K,-0.50%,,,,,
07/18/1995,15.91,15.88,15.93,15.8,13.98K,0.51%,,,,,
07/17/1995,15.83,15.95,15.95,15.71,19.47K,-1.43%,,,,,
07/14/1995,16.06,16.06,16.15,15.98,8.90K,0.06%,,,,,
07/13/1995,16.05,16.33,16.36,16.04,18.71K,-1.11%,,,,,
07-12-1995,16.23,16.1,16.4,16.05,21.28K,1.06%,,,,,
07-11-1995,16.06,16.16,16.25,16.06,18.23K,-0.31%,,,,,
07-10-1995,16.11,16.05,16.17,15.8,25.65K,0.37%,,,,,
07-07-1995,16.05,16.28,16.37,16.02,20.64K,-0.93%,,,,,
07-06-1995,16.2,16.13,16.28,16.03,16.73K,0.68%,,,,,
07-05-1995,16.09,16.08,16.19,16,15.62K,0.44%,,,,,
07-04-1995,16.02,16.25,16.25,16.01,10.25K,-1.54%,,,,,
07-03-1995,16.27,16.4,16.4,16.27,5.75K,-0.67%,,,,,
06/30/1995,16.38,16.37,16.47,16.3,16.67K,-0.30%,,,,,
06/29/1995,16.43,16.72,16.78,16.38,18.47K,-2.38%,,,,,
06/28/1995,16.83,16.8,16.96,16.8,19.26K,1.20%,,,,,
06/27/1995,16.63,16.48,16.67,16.48,21.25K,1.22%,,,,,
06/26/1995,16.43,16.42,16.48,16.27,16.64K,-0.12%,,,,,
06/23/1995,16.45,16.45,16.55,16.24,21.31K,0.37%,,,,,
06/22/1995,16.39,16.38,16.48,16.29,18.34K,1.11%,,,,,
06/21/1995,16.21,16.65,16.65,16.2,28.97K,-2.88%,,,,,
06/20/1995,16.69,16.75,16.9,16.69,21.66K,-0.12%,,,,,
06/19/1995,16.71,17.24,17.24,16.69,28.83K,-3.63%,,,,,
06/16/1995,17.34,17.45,17.47,17.33,13.59K,-3.13%,,,,,
06/15/1995,17.9,17.87,17.96,17.87,8.68K,0.17%,,,,,
06/14/1995,17.87,17.65,17.88,17.49,24.01K,0.96%,,,,,
06/13/1995,17.7,17.75,17.81,17.69,18.29K,0.23%,,,,,
06-12-1995,17.66,17.7,17.71,17.48,12.10K,-0.17%,,,,,
06-09-1995,17.69,17.74,17.85,17.46,13.31K,-0.39%,,,,,
06-08-1995,17.76,17.95,17.95,17.71,17.20K,-1.22%,,,,,
06-07-1995,17.98,17.9,18.03,17.86,15.50K,0.50%,,,,,
06-06-1995,17.89,18.14,18.24,17.81,20.49K,-1.16%,,,,,
06-05-1995,18.1,17.96,18.13,17.96,17.41K,0.89%,,,,,
06-02-1995,17.94,17.72,17.96,17.68,18.28K,1.41%,,,,,
06-01-1995,17.69,17.69,17.75,17.55,15.74K,-0.06%,,,,,
05/31/1995,17.7,17.6,17.73,17.4,18.49K,0.57%,,,,,
05/30/1995,17.6,17.65,17.65,17.33,21.91K,1.38%,,,,,
05/26/1995,17.36,18.03,18.04,17.31,28.57K,-3.56%,,,,,
05/25/1995,18,18.15,18.21,17.91,22.62K,-0.72%,,,,,
05/24/1995,18.13,18.49,18.56,18.1,19.18K,-1.41%,,,,,
05/23/1995,18.39,18.45,18.52,18.32,17.98K,-0.49%,,,,,
05/22/1995,18.48,18.55,18.55,18.3,18.02K,0.49%,,,,,
05/19/1995,18.39,18.23,18.5,18.17,21.50K,0.55%,,,,,
05/18/1995,18.29,18.4,18.43,18.16,22.69K,-0.44%,,,,,
05/17/1995,18.37,18.4,18.49,18.24,19.85K,-2.13%,,,,,
05/16/1995,18.77,18.75,18.92,18.66,9.75K,0.11%,,,,,
05/15/1995,18.75,18.48,18.8,18.24,22.21K,1.24%,,,,,
05-12-1995,18.52,18.35,18.55,18.12,22.54K,1.15%,,,,,
05-11-1995,18.31,18.5,18.64,18.22,23.89K,-0.70%,,,,,
05-10-1995,18.44,18.43,18.52,18.3,18.51K,0.60%,,,,,
05-09-1995,18.33,18.9,18.95,18.3,21.87K,-3.53%,,,,,
05-05-1995,19,18.97,19.07,18.9,12.53K,0.42%,,,,,
05-04-1995,18.92,18.4,18.94,18.4,23.37K,1.88%,,,,,
05-03-1995,18.57,18.78,18.89,18.47,20.43K,-0.54%,,,,,
05-02-1995,18.67,19.17,19.17,18.65,23.27K,-2.61%,,,,,
05-01-1995,19.17,19.25,19.38,19.14,20.54K,0.58%,,,,,
04/28/1995,19.06,19.13,19.17,18.87,31.73K,-0.05%,,,,,
04/27/1995,19.07,18.85,19.08,18.72,28.33K,1.92%,,,,,
04/26/1995,18.71,18.72,18.76,18.6,15.86K,-0.16%,,,,,
04/25/1995,18.74,18.5,18.81,18.41,24.39K,1.02%,,,,,
04/24/1995,18.55,18.8,18.83,18.49,21.35K,-1.28%,,,,,
04/21/1995,18.79,18.45,18.81,18.29,30.03K,1.40%,,,,,
04/20/1995,18.53,18.6,18.82,18.52,31.18K,0.16%,,,,,
04/19/1995,18.5,18.47,18.56,18.34,28.02K,0.76%,,,,,
04/18/1995,18.36,18.25,18.43,18.21,23.76K,4.20%,,,,,
04/13/1995,17.62,17.92,17.92,17.48,28.01K,-6.77%,,,,,
04-12-1995,18.9,18.85,18.97,18.75,73.48K,1.45%,,,,,
04-11-1995,18.63,18.26,18.65,18.22,24.32K,2.03%,,,,,
04-10-1995,18.26,18.14,18.27,17.95,25.33K,0.16%,,,,,
04-07-1995,18.23,18.28,18.36,18.08,23.05K,-0.11%,,,,,
04-06-1995,18.25,18,18.25,17.9,26.12K,1.56%,,,,,
04-05-1995,17.97,17.54,17.99,17.45,32.95K,2.33%,,,,,
04-04-1995,17.56,17.4,17.57,17.4,22.34K,0.98%,,,,,
04-03-1995,17.39,17.42,17.49,17.28,18.47K,-0.63%,,,,,
03/31/1995,17.5,17.38,17.55,17.37,23.86K,0.63%,,,,,
03/30/1995,17.39,17.6,17.6,17.36,19.61K,-0.40%,,,,,
03/29/1995,17.46,17.24,17.56,17.16,25.24K,1.28%,,,,,
03/28/1995,17.24,17.38,17.44,17.21,16.26K,-0.40%,,,,,
03/27/1995,17.31,17.1,17.41,17.1,17.49K,1.11%,,,,,
03/24/1995,17.12,17.17,17.32,17.05,18.80K,-0.81%,,,,,
03/23/1995,17.26,17.12,17.35,17.12,26.98K,0.23%,,,,,
03/22/1995,17.22,16.82,17.24,16.82,30.94K,2.74%,,,,,
03/21/1995,16.76,16.8,16.82,16.71,17.32K,-0.48%,,,,,
03/20/1995,16.84,16.7,16.85,16.7,19.04K,1.26%,,,,,
03/17/1995,16.63,16.57,16.67,16.51,12.37K,-0.12%,,,,,
03/16/1995,16.65,16.58,16.67,16.55,10.34K,0.48%,,,,,
03/15/1995,16.57,16.37,16.63,16.36,26.13K,0.67%,,,,,
03/14/1995,16.46,16.6,16.68,16.44,21.86K,-0.84%,,,,,
03/13/1995,16.6,16.47,16.61,16.45,16.06K,0.85%,,,,,
03-10-1995,16.46,16.54,16.63,16.4,22.38K,-0.72%,,,,,
03-09-1995,16.58,16.78,16.87,16.56,18.76K,-1.19%,,,,,
03-08-1995,16.78,16.88,17.02,16.74,21.92K,-0.94%,,,,,
03-07-1995,16.94,16.81,16.96,16.71,19.15K,0.47%,,,,,
03-06-1995,16.86,16.88,16.93,16.8,10.19K,-0.06%,,,,,
03-03-1995,16.87,16.65,16.9,16.65,16.99K,1.44%,,,,,
03-02-1995,16.63,16.63,16.7,16.55,19.75K,0.12%,,,,,
03-01-1995,16.61,16.92,16.96,16.6,20.94K,-1.54%,,,,,
02/28/1995,16.87,17.01,17.02,16.87,12.78K,-1.11%,,,,,
02/27/1995,17.06,17.1,17.16,17.05,15.81K,-0.12%,,,,,
02/24/1995,17.08,16.83,17.09,16.81,17.08K,1.43%,,,,,
02/23/1995,16.84,16.9,16.96,16.82,17.93K,-0.77%,,,,,
02/22/1995,16.97,16.96,17.09,16.8,22.57K,0.12%,,,,,
02/21/1995,16.95,16.99,17.03,16.9,19.31K,-0.12%,,,,,
02/20/1995,16.97,17.18,17.18,16.96,10.03K,-0.99%,,,,,
02/17/1995,17.14,16.92,17.15,16.88,17.25K,1.30%,,,,,
02/16/1995,16.92,16.75,16.96,16.72,16.28K,0.95%,,,,,
02/15/1995,16.76,16.85,16.95,16.75,17.07K,0.06%,,,,,
02/14/1995,16.75,16.73,16.82,16.63,11.44K,-3.85%,,,,,
02/13/1995,17.42,17.47,17.57,17.35,8.75K,0.52%,,,,,
02-10-1995,17.33,17,17.35,17,32.64K,1.29%,,,,,
02-09-1995,17.11,17.17,17.21,17.03,27.44K,0.23%,,,,,
02-08-1995,17.07,16.95,17.22,16.95,28.71K,0.00%,,,,,
02-07-1995,17.07,17.15,17.2,17.05,16.78K,-0.87%,,,,,
02-06-1995,17.22,17.28,17.35,17.02,28.27K,0.12%,,,,,
02-03-1995,17.2,16.92,17.22,16.92,37.93K,1.84%,,,,,
02-02-1995,16.89,16.7,16.95,16.58,30.11K,0.06%,,,,,
02-01-1995,16.88,16.84,16.9,16.74,25.58K,0.48%,,,,,
01/31/1995,16.8,16.6,16.81,16.53,20.98K,1.39%,,,,,
01/30/1995,16.57,16.39,16.58,16.35,18.45K,1.10%,,,,,
01/27/1995,16.39,16.56,16.58,16.33,27.94K,-1.68%,,,,,
01/26/1995,16.67,16.74,16.8,16.61,24.03K,-0.71%,,,,,
01/25/1995,16.79,16.98,17.08,16.6,36.62K,-0.42%,,,,,
01/24/1995,16.86,16.64,16.96,16.57,35.03K,1.32%,,,,,
01/23/1995,16.64,16.85,16.91,16.6,20.60K,-1.36%,,,,,
01/20/1995,16.87,16.77,16.91,16.66,25.36K,0.42%,,,,,
01/19/1995,16.8,16.9,16.95,16.76,27.31K,-0.77%,,,,,
01/18/1995,16.93,16.96,16.98,16.74,30.56K,0.65%,,,,,
01/17/1995,16.82,16.48,16.85,16.4,31.31K,2.75%,,,,,
01/16/1995,16.37,16.35,16.4,16.26,14.73K,-0.06%,,,,,
01/13/1995,16.38,16.54,16.58,16.26,17.52K,-1.50%,,,,,
01-12-1995,16.63,16.62,16.78,16.53,19.42K,0.00%,,,,,
01-11-1995,16.63,16.19,16.64,16.19,28.01K,2.72%,,,,,
01-10-1995,16.19,16.25,16.29,16.11,21.99K,-0.55%,,,,,
01-09-1995,16.28,16.45,16.57,16.26,18.14K,-1.33%,,,,,
01-06-1995,16.5,16.51,16.82,16.48,28.32K,0.24%,,,,,
01-05-1995,16.46,16.24,16.48,16.21,24.89K,1.67%,,,,,
01-04-1995,16.19,16.09,16.31,16.05,23.83K,0.62%,,,,,
01-03-1995,16.09,16.48,16.48,16.08,26.00K,-2.48%,,,,,
12/30/1994,16.5,16.44,16.53,16.44,7.25K,0.49%,,,,,
12/29/1994,16.42,16.49,16.59,16.4,20.27K,0.00%,,,,,
12/28/1994,16.42,16.25,16.6,16.2,22.90K,3.14%,,,,,
12/23/1994,15.92,15.95,15.97,15.91,5.77K,-0.19%,,,,,
12/22/1994,15.95,15.95,16.02,15.9,13.17K,0.19%,,,,,
12/21/1994,15.92,16.1,16.1,15.91,16.09K,-0.44%,,,,,
12/20/1994,15.99,15.86,16.1,15.86,19.39K,0.82%,,,,,
12/19/1994,15.86,15.91,15.95,15.84,3.49K,-0.13%,,,,,
12/16/1994,15.88,15.65,15.96,15.6,23.58K,0.06%,,,,,
12/15/1994,15.87,16.05,16.05,15.82,13.32K,-0.63%,,,,,
12/14/1994,15.97,16.15,16.17,15.96,26.07K,0.06%,,,,,
12/13/1994,15.96,15.89,16.08,15.82,22.05K,0.13%,,,,,
12-12-1994,15.94,16.2,16.35,15.88,25.87K,-1.97%,,,,,
12-09-1994,16.26,16.37,16.56,16.24,22.02K,-0.18%,,,,,
12-08-1994,16.29,16.1,16.37,16.08,22.63K,1.43%,,,,,
12-07-1994,16.06,16.01,16.15,15.7,26.33K,-0.62%,,,,,
12-06-1994,16.16,16.15,16.25,16.05,15.84K,0.12%,,,,,
12-05-1994,16.14,16.25,16.29,15.87,23.35K,-0.31%,,,,,
12-02-1994,16.19,16.78,16.82,16.07,30.91K,-4.03%,,,,,
12-01-1994,16.87,17.12,17.16,16.86,15.99K,-1.40%,,,,,
11/30/1994,17.11,17.11,17.15,16.91,16.54K,0.00%,,,,,
11/29/1994,17.11,17.1,17.17,17.01,16.17K,-0.29%,,,,,
11/28/1994,17.16,17.15,17.17,17.04,15.50K,0.00%,,,,,
11/25/1994,17.16,17.2,17.25,17.14,12.76K,0.06%,,,,,
11/24/1994,17.15,17.08,17.16,17.01,11.38K,0.06%,,,,,
11/23/1994,17.14,17.13,17.15,16.92,30.43K,0.23%,,,,,
11/22/1994,17.1,17.05,17.13,16.84,27.71K,0.88%,,,,,
11/21/1994,16.95,17,17.13,16.82,24.12K,1.38%,,,,,
11/18/1994,16.72,16.66,16.78,16.62,25.12K,0.54%,,,,,
11/17/1994,16.63,16.52,16.74,16.36,27.34K,1.09%,,,,,
11/16/1994,16.45,16.73,16.78,16.34,33.09K,-5.24%,,,,,
11/15/1994,17.36,17.4,17.46,17.35,12.73K,0.40%,,,,,
11/14/1994,17.29,17.33,17.65,17.18,25.22K,-0.97%,,,,,
11-11-1994,17.46,17.3,17.49,17.2,22.79K,1.16%,,,,,
11-10-1994,17.26,17.15,17.42,16.85,26.76K,0.41%,,,,,
11-09-1994,17.19,17.35,17.38,17.16,16.46K,-1.66%,,,,,
11-08-1994,17.48,17.3,17.5,17.09,24.55K,0.58%,,,,,
11-07-1994,17.38,17.7,17.7,17.2,21.85K,-2.03%,,,,,
11-04-1994,17.74,17.69,17.94,17.52,29.56K,0.40%,,,,,
11-03-1994,17.67,17.54,17.75,17.39,24.51K,0.45%,,,,,
11-02-1994,17.59,17.35,17.64,17.24,27.12K,1.50%,,,,,
11-01-1994,17.33,16.92,17.4,16.9,26.28K,2.42%,,,,,
10/31/1994,16.92,17.08,17.08,16.74,17.87K,-0.53%,,,,,
10/28/1994,17.01,16.91,17.07,16.78,27.75K,0.35%,,,,,
10/27/1994,16.95,17,17.05,16.87,30.92K,0.47%,,,,,
10/26/1994,16.87,16.62,16.88,16.59,31.20K,2.00%,,,,,
10/25/1994,16.54,16.44,16.58,16.28,20.44K,0.85%,,,,,
10/24/1994,16.4,16.36,16.42,16.29,20.33K,0.86%,,,,,
10/21/1994,16.26,16.5,16.63,16.21,21.74K,-0.97%,,,,,
10/20/1994,16.42,16.4,16.56,16.33,21.96K,0.37%,,,,,
10/19/1994,16.36,16.28,16.45,16.18,23.62K,1.24%,,,,,
10/18/1994,16.16,16,16.28,16,23.29K,1.64%,,,,,
10/17/1994,15.9,15.78,16.03,15.76,18.31K,0.57%,,,,,
10/14/1994,15.81,15.7,15.97,15.68,11.65K,-0.25%,,,,,
10/13/1994,15.85,15.95,16,15.62,15.53K,0.06%,,,,,
10-12-1994,15.84,16.5,16.61,15.83,26.11K,-3.65%,,,,,
10-11-1994,16.44,16.65,16.84,16.38,25.17K,-1.20%,,,,,
10-10-1994,16.64,17.25,17.25,16.63,19.31K,-1.71%,,,,,
10-07-1994,16.93,17.04,17.32,16.88,26.17K,-0.24%,,,,,
10-06-1994,16.97,16.83,16.98,16.78,19.86K,1.19%,,,,,
10-05-1994,16.77,16.75,16.84,16.7,19.45K,-0.42%,,,,,
10-04-1994,16.84,16.98,17.05,16.82,19.48K,-0.71%,,,,,
10-03-1994,16.96,17.1,17.18,16.95,19.25K,-1.11%,,,,,
09/30/1994,17.15,16.85,17.2,16.85,22.17K,2.45%,,,,,
09/29/1994,16.74,16.55,16.89,16.55,31.82K,1.27%,,,,,
09/28/1994,16.53,16.29,16.55,16.2,21.89K,0.98%,,,,,
09/27/1994,16.37,16.51,16.6,16.33,22.43K,-0.85%,,,,,
09/26/1994,16.51,16.65,16.8,16.4,17.40K,-0.90%,,,,,
09/23/1994,16.66,16.46,16.7,16.4,18.87K,1.09%,,,,,
09/22/1994,16.48,15.96,16.57,15.88,26.28K,2.94%,,,,,
09/21/1994,16.01,16.05,16.23,15.99,16.11K,-0.74%,,,,,
09/20/1994,16.13,16.18,16.34,16.05,16.39K,-0.55%,,,,,
09/19/1994,16.22,15.83,16.25,15.72,14.77K,2.72%,,,,,
09/16/1994,15.79,15.73,15.91,15.7,14.15K,1.67%,,,,,
09/15/1994,15.53,15.4,15.59,15.35,8.72K,0.71%,,,,,
09/14/1994,15.42,15.7,15.74,15.38,19.79K,-2.71%,,,,,
09/13/1994,15.85,16.16,16.18,15.83,22.88K,-1.67%,,,,,
09-12-1994,16.12,16.34,16.35,16.09,18.20K,-0.62%,,,,,
09-09-1994,16.22,16.35,16.6,16.21,18.86K,-0.67%,,,,,
09-08-1994,16.33,16.62,16.69,16.31,16.98K,-1.21%,,,,,
09-07-1994,16.53,16.33,16.54,16.33,18.47K,1.22%,,,,,
09-06-1994,16.33,16,16.39,15.9,20.48K,2.38%,,,,,
09-05-1994,15.95,16.15,16.15,15.85,11.53K,-2.27%,,,,,
09-02-1994,16.32,16.3,16.33,16.14,15.48K,0.31%,,,,,
09-01-1994,16.27,16.4,16.58,16.22,17.63K,0.18%,,,,,
08/31/1994,16.24,16.22,16.6,16.22,23.07K,0.00%,,,,,
08/30/1994,16.24,16.04,16.47,16.04,18.99K,1.25%,,,,,
08/26/1994,16.04,16.37,16.49,16.02,16.39K,-1.96%,,,,,
08/25/1994,16.36,16.41,16.45,16.1,18.75K,0.06%,,,,,
08/24/1994,16.35,15.95,16.43,15.9,18.32K,2.51%,,,,,
08/23/1994,15.95,15.8,16.05,15.75,19.77K,1.21%,,,,,
08/22/1994,15.76,16.39,16.45,15.6,25.23K,-3.31%,,,,,
08/19/1994,16.3,16.6,16.69,16.25,20.99K,-1.51%,,,,,
08/18/1994,16.55,17.09,17.1,16.54,23.19K,-2.88%,,,,,
08/17/1994,17.04,16.5,17.09,16.5,28.26K,1.31%,,,,,
08/16/1994,16.82,17.05,17.08,16.78,47.94K,-0.30%,,,,,
08/15/1994,16.87,17,17.14,16.78,18.17K,-0.47%,,,,,
08-12-1994,16.95,17.48,17.6,16.9,21.53K,-3.09%,,,,,
08-11-1994,17.49,17.7,17.82,17.48,15.65K,-1.02%,,,,,
08-10-1994,17.67,17.8,17.92,17.56,26.70K,-1.01%,,,,,
08-09-1994,17.85,17.9,18.05,17.78,18.68K,-0.11%,,,,,
08-08-1994,17.87,18.15,18.26,17.85,18.61K,0.06%,,,,,
08-05-1994,17.86,18.5,18.7,17.7,30.69K,-3.04%,,,,,
08-04-1994,18.42,18.49,18.66,18.15,18.52K,-0.11%,,,,,
08-03-1994,18.44,18.6,18.8,18.43,19.13K,-0.38%,,,,,
08-02-1994,18.51,18.95,18.95,18.35,21.26K,-2.06%,,,,,
08-01-1994,18.9,18.9,19.41,18.86,31.39K,1.67%,,,,,
07/29/1994,18.59,18.35,18.68,18.25,25.51K,2.26%,,,,,
07/28/1994,18.18,17.85,18.2,17.83,23.02K,1.62%,,,,,
07/27/1994,17.89,17.7,18,17.6,34.51K,1.36%,,,,,
07/26/1994,17.65,17.65,17.74,17.5,22.46K,0.46%,,,,,
07/25/1994,17.57,17.85,17.97,17.52,21.75K,-1.51%,,,,,
07/22/1994,17.84,17.68,17.94,17.61,20.44K,0.90%,,,,,
07/21/1994,17.68,17.46,17.72,17.32,20.97K,1.26%,,,,,
07/20/1994,17.46,17.53,17.65,17.45,17.52K,-0.17%,,,,,
07/19/1994,17.49,17.3,17.55,17.18,21.33K,0.63%,,,,,
07/18/1994,17.38,17.68,17.68,17.3,24.23K,-2.19%,,,,,
07/15/1994,17.77,18.05,18.05,17.73,19.00K,-4.41%,,,,,
07/14/1994,18.59,18.22,18.67,18.22,47.28K,1.42%,,,,,
07/13/1994,18.33,18.35,18.56,18.1,22.58K,0.38%,,,,,
07-12-1994,18.26,18.06,18.58,18.06,30.25K,1.67%,,,,,
07-11-1994,17.96,17.4,18,17.4,27.92K,3.40%,,,,,
07-08-1994,17.37,17.13,17.45,17.13,15.98K,1.70%,,,,,
07-07-1994,17.08,17.13,17.32,17.01,21.65K,0.12%,,,,,
07-06-1994,17.06,17.38,17.44,17.06,19.47K,-1.84%,,,,,
07-05-1994,17.38,17.51,17.55,17.3,13.99K,-0.52%,,,,,
07-04-1994,17.47,17.59,17.59,17.45,6.93K,-0.57%,,,,,
07-01-1994,17.57,17.55,17.73,17.5,16.07K,0.29%,,,,,
06/30/1994,17.52,16.98,17.6,16.95,25.02K,3.00%,,,,,
06/29/1994,17.01,17.21,17.46,17,17.92K,-1.73%,,,,,
06/28/1994,17.31,17.19,17.39,16.92,19.34K,0.82%,,,,,
06/27/1994,17.17,17.37,17.58,17.16,20.27K,-1.21%,,,,,
06/24/1994,17.38,17.4,17.45,17.26,12.62K,0.12%,,,,,
06/23/1994,17.36,17.17,17.41,17.04,21.11K,0.99%,,,,,
06/22/1994,17.19,17.45,17.61,17.18,25.13K,-0.64%,,,,,
06/21/1994,17.3,17.46,17.76,17.28,25.82K,-0.92%,,,,,
06/20/1994,17.46,17.2,17.57,17.18,21.48K,0.29%,,,,,
06/17/1994,17.41,16.85,17.42,16.75,17.80K,2.90%,,,,,
06/16/1994,16.92,16.87,17.06,16.81,20.21K,1.56%,,,,,
06/15/1994,16.66,16.4,16.72,16.4,10.83K,1.90%,,,,,
06/14/1994,16.35,16.46,16.6,16.3,20.99K,-0.37%,,,,,
06/13/1994,16.41,16.39,16.45,16.26,20.60K,0.12%,,,,,
06-10-1994,16.39,16.4,16.57,16.32,19.17K,0.49%,,,,,
06-09-1994,16.31,16.17,16.47,16,29.54K,0.43%,,,,,
06-08-1994,16.24,15.98,16.27,15.73,24.49K,1.88%,,,,,
06-07-1994,15.94,16.35,16.37,15.83,21.20K,-2.03%,,,,,
06-06-1994,16.27,16.37,16.47,16.22,13.98K,-0.61%,,,,,
06-03-1994,16.37,16.4,16.4,16.17,19.99K,-0.30%,,,,,
06-02-1994,16.42,16.5,16.72,16.34,22.65K,0.49%,,,,,
06-01-1994,16.34,16.44,16.56,16.33,14.70K,-0.67%,,,,,
05/31/1994,16.45,16.39,16.5,16.25,16.48K,0.37%,,,,,
05/27/1994,16.39,16.22,16.4,16.22,19.20K,1.67%,,,,,
05/26/1994,16.12,16.05,16.22,15.95,21.03K,0.00%,,,,,
05/25/1994,16.12,16.31,16.44,16.1,18.57K,-1.23%,,,,,
05/24/1994,16.32,16.36,16.5,16.28,16.05K,-0.55%,,,,,
05/23/1994,16.41,16.49,16.79,16.4,24.59K,-0.85%,,,,,
05/20/1994,16.55,16.37,16.58,16.26,22.64K,1.29%,,,,,
05/19/1994,16.34,16.11,16.37,16.1,18.05K,1.55%,,,,,
05/18/1994,16.09,15.8,16.14,15.7,25.69K,1.71%,,,,,
05/17/1994,15.82,16.02,16.02,15.77,25.24K,-3.30%,,,,,
05/16/1994,16.36,16.4,16.4,16.3,42.29K,-1.39%,,,,,
05/13/1994,16.59,16.5,16.72,16.43,21.93K,0.91%,,,,,
05-12-1994,16.44,16.06,16.5,16.06,22.46K,2.18%,,,,,
05-11-1994,16.09,15.93,16.18,15.9,31.74K,0.44%,,,,,
05-10-1994,16.02,16.18,16.3,16,28.75K,-1.23%,,,,,
05-09-1994,16.22,16.32,16.33,16.08,24.18K,-0.37%,,,,,
05-06-1994,16.28,15.9,16.34,15.89,28.38K,3.04%,,,,,
05-05-1994,15.8,15.55,15.86,15.5,30.35K,2.07%,,,,,
05-04-1994,15.48,15.58,15.85,15.45,24.45K,-0.39%,,,,,
05-03-1994,15.54,15.85,15.85,15.45,26.16K,-0.96%,,,,,
04/29/1994,15.69,15.12,15.7,15.08,26.44K,3.02%,,,,,
04/28/1994,15.23,15.26,15.46,15.2,28.03K,-0.72%,,,,,
04/27/1994,15.34,15.4,15.43,15.3,14.97K,-1.29%,,,,,
04/26/1994,15.54,15.75,15.87,15.44,25.64K,-1.83%,,,,,
04/25/1994,15.83,15.65,15.86,15.51,22.94K,0.57%,,,,,
04/22/1994,15.74,15.27,15.75,15.26,36.89K,3.35%,,,,,
04/21/1994,15.23,14.93,15.29,14.86,21.84K,1.94%,,,,,
04/20/1994,14.94,14.7,15.05,14.7,25.67K,0.81%,,,,,
04/19/1994,14.82,14.99,15.03,14.8,26.96K,-1.79%,,,,,
04/18/1994,15.09,15.1,15.26,15,24.29K,-0.20%,,,,,
04/15/1994,15.12,14.83,15.16,14.63,27.17K,0.73%,,,,,
04/14/1994,15.01,14.85,15.15,14.85,14.49K,2.11%,,,,,
04/13/1994,14.7,14.6,14.87,14.53,23.47K,0.96%,,,,,
04-12-1994,14.56,14.7,14.82,14.55,27.97K,-0.61%,,,,,
04-11-1994,14.65,14.35,14.73,14.35,16.44K,2.02%,,,,,
04-08-1994,14.36,14.25,14.41,14.21,15.06K,-0.21%,,,,,
04-07-1994,14.39,14.5,14.66,14.29,26.51K,-0.42%,,,,,
04-06-1994,14.45,14.35,14.54,14.2,24.33K,0.35%,,,,,
04-05-1994,14.4,14.2,14.48,14.05,35.56K,8.68%,,,,,
03/31/1994,13.25,13.25,13.3,13.16,14.80K,0.00%,,,,,
03/30/1994,13.25,13.2,13.26,12.97,25.53K,1.15%,,,,,
03/29/1994,13.1,13.1,13.15,12.99,23.43K,0.61%,,,,,
03/28/1994,13.02,13.3,13.4,12.95,30.19K,-7.73%,,,,,
03/25/1994,14.11,13.96,14.15,13.82,17.84K,1.58%,,,,,
03/24/1994,13.89,13.75,13.9,13.62,22.42K,0.65%,,,,,
03/23/1994,13.8,13.84,13.87,13.68,23.03K,-0.86%,,,,,
03/22/1994,13.92,13.96,14.1,13.87,24.24K,-0.43%,,,,,
03/21/1994,13.98,13.75,14,13.67,18.50K,2.57%,,,,,
03/18/1994,13.63,13.54,13.75,13.43,21.28K,0.66%,,,,,
03/17/1994,13.54,13.8,13.9,13.53,24.97K,-2.03%,,,,,
03/16/1994,13.82,13.63,13.85,13.55,31.80K,-1.64%,,,,,
03/15/1994,14.05,13.76,14.09,13.73,13.04K,2.11%,,,,,
03/14/1994,13.76,13.55,13.81,13.55,17.50K,0.81%,,,,,
03-11-1994,13.65,13.2,13.67,13.18,21.07K,3.49%,,,,,
03-10-1994,13.19,13.25,13.28,13.09,17.14K,-0.08%,,,,,
03-09-1994,13.2,13.13,13.25,13.12,22.28K,0.99%,,,,,
03-08-1994,13.07,13.06,13.19,12.99,19.81K,0.23%,,,,,
03-07-1994,13.04,13.4,13.4,13.02,17.84K,-3.05%,,,,,
03-04-1994,13.45,13.6,13.6,13.36,13.42K,-0.88%,,,,,
03-03-1994,13.57,13.67,13.68,13.48,19.24K,-0.22%,,,,,
03-02-1994,13.6,13.61,13.71,13.53,17.71K,0.22%,,,,,
03-01-1994,13.57,13.43,13.6,13.35,19.24K,1.65%,,,,,
02/28/1994,13.35,13.54,13.66,13.33,14.91K,-0.89%,,,,,
02/25/1994,13.47,13.64,13.7,13.33,22.64K,-0.88%,,,,,
02/24/1994,13.59,13.28,13.72,13.17,27.06K,1.95%,,,,,
02/23/1994,13.33,13.3,13.45,13.27,14.50K,0.68%,,,,,
02/22/1994,13.24,13.19,13.47,13.19,23.86K,0.61%,,,,,
02/21/1994,13.16,13.11,13.21,13.05,6.89K,0.30%,,,,,
02/18/1994,13.12,13.14,13.32,13.11,21.60K,0.31%,,,,,
02/17/1994,13.08,13,13.5,12.96,22.28K,1.24%,,,,,
02/16/1994,12.92,13.35,13.44,12.9,15.61K,-2.64%,,,,,
02/15/1994,13.27,13.43,13.51,13.26,11.80K,-0.67%,,,,,
02/14/1994,13.36,13.82,13.93,13.34,17.89K,-1.98%,,,,,
02-11-1994,13.63,13.6,13.73,13.57,29.77K,0.29%,,,,,
02-10-1994,13.59,13.52,13.61,13.33,17.70K,0.89%,,,,,
02-09-1994,13.47,13.8,13.9,13.42,22.78K,-4.06%,,,,,
02-08-1994,14.04,14.14,14.22,13.95,22.98K,-0.43%,,,,,
02-07-1994,14.1,14.31,14.41,14.04,17.77K,-2.15%,,,,,
02-04-1994,14.41,14.62,14.71,14.37,16.15K,-1.84%,,,,,
02-03-1994,14.68,14.9,15.13,14.65,19.16K,-0.68%,,,,,
02-02-1994,14.78,14.65,14.86,14.63,25.63K,0.41%,,,,,
02-01-1994,14.72,14.19,14.74,14.1,21.00K,3.52%,,,,,
01/31/1994,14.22,14.31,14.43,14.05,20.90K,-0.63%,,,,,
01/28/1994,14.31,14.29,14.33,14,23.96K,0.07%,,,,,
01/27/1994,14.3,14.35,14.43,14.17,23.92K,-0.56%,,,,,
01/26/1994,14.38,14.27,14.39,14.23,23.23K,1.70%,,,,,
01/25/1994,14.14,14.1,14.25,13.99,31.06K,0.35%,,,,,
01/24/1994,14.09,13.75,14.1,13.68,23.43K,1.59%,,,,,
01/21/1994,13.87,13.72,13.94,13.72,22.24K,0.80%,,,,,
01/20/1994,13.76,14.01,14.12,13.75,25.17K,-1.85%,,,,,
01/19/1994,14.02,13.85,14.15,13.85,28.83K,0.94%,,,,,
01/18/1994,13.89,13.94,13.99,13.74,24.14K,-1.42%,,,,,
01/17/1994,14.09,14.05,14.23,13.98,25.91K,1.08%,,,,,
01/14/1994,13.94,13.75,13.99,13.72,52.69K,1.90%,,,,,
01/13/1994,13.68,13.6,13.71,13.44,13.25K,1.18%,,,,,
01-12-1994,13.52,14,14,13.51,18.76K,-2.24%,,,,,
01-11-1994,13.83,13.72,13.92,13.6,19.11K,0.66%,,,,,
01-10-1994,13.74,14.25,14.3,13.73,23.20K,-3.44%,,,,,
01-07-1994,14.23,14.3,14.4,14.2,21.44K,-0.91%,,,,,
01-06-1994,14.36,14.21,14.58,14.04,32.62K,0.70%,,,,,
01-05-1994,14.26,13.74,14.36,13.74,40.22K,4.78%,,,,,
01-04-1994,13.61,13.55,13.72,13.42,25.94K,3.11%,,,,,
12/31/1993,13.2,13.25,13.33,13.2,7.11K,-0.30%,,,,,
12/30/1993,13.24,13.5,13.5,13.23,14.54K,-1.93%,,,,,
12/29/1993,13.5,13.25,13.53,13.23,18.36K,-1.03%,,,,,
12/24/1993,13.64,13.6,13.65,13.56,7.09K,0.15%,,,,,
12/23/1993,13.62,13.8,13.83,13.57,18.60K,-0.87%,,,,,
12/22/1993,13.74,13.6,13.84,13.55,18.43K,2.00%,,,,,
12/21/1993,13.47,13.54,13.64,13.45,18.43K,-0.22%,,,,,
12/20/1993,13.5,13.68,13.72,13.43,19.72K,-0.44%,,,,,
12/17/1993,13.56,13.45,13.8,13.42,28.51K,0.89%,,,,,
12/16/1993,13.44,13.48,13.5,13.32,41.97K,-0.67%,,,,,
12/15/1993,13.53,13.62,13.7,13.52,15.32K,-0.95%,,,,,
12/14/1993,13.66,13.57,13.96,13.36,25.77K,0.66%,,,,,
12/13/1993,13.57,14.16,14.25,13.55,29.71K,-3.28%,,,,,
12-10-1993,14.03,13.76,14.13,13.7,21.39K,2.78%,,,,,
12-09-1993,13.65,13.51,13.79,13.51,24.57K,1.11%,,,,,
12-08-1993,13.5,13.35,13.66,13.27,33.12K,-0.44%,,,,,
12-07-1993,13.56,13.67,14,13.45,32.02K,-0.59%,,,,,
12-06-1993,13.64,14.1,14.2,13.61,20.41K,-3.12%,,,,,
12-03-1993,14.08,13.94,14.1,13.64,24.73K,0.93%,,,,,
12-02-1993,13.95,14.55,14.62,13.92,29.76K,-4.12%,,,,,
12-01-1993,14.55,14.44,14.57,14.36,19.14K,0.21%,,,,,
11/30/1993,14.52,14.3,14.64,14.18,33.95K,2.11%,,,,,
11/29/1993,14.22,14.15,14.41,13.97,32.39K,-1.80%,,,,,
11/26/1993,14.48,14.55,14.67,14.43,17.10K,-0.55%,,,,,
11/25/1993,14.56,14.65,14.7,14.18,47.98K,-3.83%,,,,,
11/24/1993,15.14,15.6,15.7,15,31.13K,-1.69%,,,,,
11/23/1993,15.4,15.84,15.96,15.38,27.87K,-2.96%,,,,,
11/22/1993,15.87,15.88,16.07,15.81,22.27K,0.51%,,,,,
11/19/1993,15.79,15.8,15.98,15.75,17.74K,0.19%,,,,,
11/18/1993,15.76,16.1,16.17,15.75,21.73K,-2.17%,,,,,
11/17/1993,16.11,15.86,16.22,15.7,27.59K,1.58%,,,,,
11/16/1993,15.86,15.92,16.04,15.76,23.65K,2.79%,,,,,
11/15/1993,15.43,15.51,15.51,15.38,10.43K,-0.39%,,,,,
11-12-1993,15.49,15.7,15.77,15.22,17.33K,-0.90%,,,,,
11-11-1993,15.63,15.25,15.8,15.21,29.53K,2.02%,,,,,
11-10-1993,15.32,15.54,15.62,15.31,24.22K,-0.71%,,,,,
11-09-1993,15.43,15.5,15.74,15.39,20.48K,-0.96%,,,,,
11-08-1993,15.58,15.85,15.92,15.57,24.09K,-1.77%,,,,,
11-05-1993,15.86,16.18,16.41,15.85,20.52K,-1.67%,,,,,
11-04-1993,16.13,16.3,16.35,16.05,17.84K,-0.55%,,,,,
11-03-1993,16.22,15.75,16.32,15.6,36.97K,1.95%,,,,,
11-02-1993,15.91,16.3,16.3,15.86,21.69K,-1.85%,,,,,
11-01-1993,16.21,15.9,16.25,15.81,24.50K,2.59%,,,,,
10/29/1993,15.8,16.11,16.17,15.8,28.34K,-2.59%,,,,,
10/28/1993,16.22,16.55,16.59,16.2,33.11K,-1.22%,,,,,
10/27/1993,16.42,16.4,16.49,16.33,16.49K,0.61%,,,,,
10/26/1993,16.32,16.45,16.49,16.25,22.35K,-0.31%,,,,,
10/25/1993,16.37,16.82,16.86,16.35,26.10K,-2.85%,,,,,
10/22/1993,16.85,17.1,17.15,16.77,25.52K,-1.52%,,,,,
10/21/1993,17.11,17.15,17.24,17.04,21.07K,0.18%,,,,,
10/20/1993,17.08,16.85,17.11,16.85,20.52K,0.77%,,,,,
10/19/1993,16.95,16.87,17.03,16.87,16.00K,0.77%,,,,,
10/18/1993,16.82,16.9,17.05,16.8,16.60K,-0.65%,,,,,
10/15/1993,16.93,17.1,17.19,16.86,17.37K,-0.29%,,,,,
10/14/1993,16.98,17.1,17.12,16.96,15.32K,-0.82%,,,,,
10/13/1993,17.12,17.2,17.26,17.1,15.27K,-0.98%,,,,,
10-12-1993,17.29,17.38,17.48,17.28,22.08K,-0.46%,,,,,
10-11-1993,17.37,17.24,17.4,17.21,17.73K,1.05%,,,,,
10-08-1993,17.19,17.2,17.23,17.09,14.41K,0.17%,,,,,
10-07-1993,17.16,17.1,17.25,17.05,15.03K,0.53%,,,,,
10-06-1993,17.07,17.08,17.3,17.05,22.46K,0.35%,,,,,
10-05-1993,17.01,17.07,17.18,16.86,24.07K,-0.41%,,,,,
10-04-1993,17.08,17.42,17.44,17.02,23.56K,-1.27%,,,,,
10-01-1993,17.3,17.25,17.39,17.21,19.02K,-0.75%,,,,,
09/30/1993,17.43,17.4,17.57,17.24,41.71K,0.46%,,,,,
09/29/1993,17.35,16.75,17.4,16.73,43.63K,4.14%,,,,,
09/28/1993,16.66,16.6,16.72,16.4,26.62K,0.66%,,,,,
09/27/1993,16.55,16.55,16.77,16.31,34.70K,1.60%,,,,,
09/24/1993,16.29,16.28,16.48,16.26,24.31K,0.31%,,,,,
09/23/1993,16.24,16.14,16.38,15.9,33.14K,-0.25%,,,,,
09/22/1993,16.28,16.7,16.7,16.25,33.55K,-2.28%,,,,,
09/21/1993,16.66,16.62,16.98,16.25,43.81K,0.24%,,,,,
09/20/1993,16.62,16.23,16.67,16.19,27.40K,3.04%,,,,,
09/17/1993,16.13,16,16.16,15.98,15.85K,1.26%,,,,,
09/16/1993,15.93,15.97,16.1,15.92,13.74K,2.12%,,,,,
09/15/1993,15.6,15.7,15.7,15.53,9.18K,-0.70%,,,,,
09/14/1993,15.71,15.85,15.98,15.57,15.88K,-0.70%,,,,,
09/13/1993,15.82,15.68,15.87,15.61,19.81K,0.70%,,,,,
09-10-1993,15.71,16.05,16.14,15.47,29.32K,-1.81%,,,,,
09-09-1993,16,16.05,16.14,15.95,17.65K,-0.12%,,,,,
09-08-1993,16.02,16.05,16.13,15.93,19.10K,0.19%,,,,,
09-07-1993,15.99,16.48,16.52,15.93,33.39K,-3.21%,,,,,
09-06-1993,16.52,16.59,16.62,16.51,8.68K,-0.06%,,,,,
09-03-1993,16.53,16.74,16.76,16.52,24.48K,-0.90%,,,,,
09-02-1993,16.68,16.75,16.86,16.66,21.24K,-0.30%,,,,,
09-01-1993,16.73,17.05,17.09,16.72,27.55K,-2.05%,,,,,
08/31/1993,17.08,17.33,17.38,16.95,26.16K,-2.18%,,,,,
08/27/1993,17.46,17.17,17.55,17.1,42.82K,1.75%,,,,,
08/26/1993,17.16,17.05,17.17,16.95,18.39K,0.70%,,,,,
08/25/1993,17.04,17.22,17.24,16.95,17.95K,-0.47%,,,,,
08/24/1993,17.12,17.24,17.3,17.11,18.88K,-0.64%,,,,,
08/23/1993,17.23,17.15,17.25,17.09,16.64K,0.82%,,,,,
08/20/1993,17.09,16.99,17.16,16.9,15.79K,0.77%,,,,,
08/19/1993,16.96,16.95,17.08,16.85,13.65K,0.00%,,,,,
08/18/1993,16.96,17.06,17.09,16.87,16.71K,-0.76%,,,,,
08/17/1993,17.09,17.04,17.21,16.96,21.00K,0.77%,,,,,
08/16/1993,16.96,17.09,17.13,16.95,6.62K,-0.47%,,,,,
08/13/1993,17.04,17.02,17.17,16.98,17.25K,0.12%,,,,,
08-12-1993,17.02,16.89,17.12,16.81,23.75K,0.65%,,,,,
08-11-1993,16.91,16.66,16.92,16.6,23.43K,2.11%,,,,,
08-10-1993,16.56,16.66,16.68,16.42,17.67K,-0.42%,,,,,
08-09-1993,16.63,16.4,16.72,16.25,21.81K,1.40%,,,,,
08-06-1993,16.4,16.55,16.62,16.3,19.76K,-0.55%,,,,,
08-05-1993,16.49,16.7,16.73,16.45,20.59K,-1.02%,,,,,
08-04-1993,16.66,16.6,16.78,16.58,19.50K,-0.06%,,,,,
08-03-1993,16.67,16.75,16.75,16.55,11.84K,-0.71%,,,,,
08-02-1993,16.79,16.7,16.84,16.54,17.01K,0.24%,,,,,
07/30/1993,16.75,16.9,16.95,16.68,18.90K,-0.83%,,,,,
07/29/1993,16.89,17.2,17.24,16.83,29.04K,-1.17%,,,,,
07/28/1993,17.09,17.25,17.26,17.05,21.59K,-0.87%,,,,,
07/27/1993,17.24,17.05,17.27,17.01,30.01K,1.83%,,,,,
07/26/1993,16.93,16.77,16.94,16.7,17.04K,1.44%,,,,,
07/23/1993,16.69,16.6,16.8,16.55,21.23K,0.24%,,,,,
07/22/1993,16.65,16.85,17.03,16.47,30.42K,-0.95%,,,,,
07/21/1993,16.81,16.6,16.97,16.46,27.66K,0.60%,,,,,
07/20/1993,16.71,16.98,16.98,16.54,29.26K,-1.99%,,,,,
07/19/1993,17.05,16.25,17.06,15.9,35.99K,4.54%,,,,,
07/16/1993,16.31,16.73,16.8,16.3,22.17K,-0.43%,,,,,
07/15/1993,16.38,16.47,16.57,16.23,11.56K,-0.30%,,,,,
07/14/1993,16.43,16.89,16.91,16.4,21.79K,-3.12%,,,,,
07/13/1993,16.96,16.95,17.1,16.9,26.45K,0.41%,,,,,
07-12-1993,16.89,16.85,16.95,16.81,24.09K,1.44%,,,,,
07-09-1993,16.65,16.58,16.77,16.44,20.73K,0.48%,,,,,
07-08-1993,16.57,16.98,16.98,16.5,23.91K,-2.01%,,,,,
07-07-1993,16.91,17.1,17.2,16.82,18.22K,-0.88%,,,,,
07-06-1993,17.06,16.98,17.2,16.95,24.99K,0.77%,,,,,
07-05-1993,16.93,16.8,17.06,16.76,9.99K,1.14%,,,,,
07-02-1993,16.74,17.13,17.13,16.65,30.14K,-2.33%,,,,,
07-01-1993,17.14,17.51,17.51,17.06,29.32K,-2.11%,,,,,
06/30/1993,17.51,17.68,17.78,17.5,20.05K,-0.85%,,,,,
06/29/1993,17.66,17.56,17.75,17.53,17.70K,0.80%,,,,,
06/28/1993,17.52,17.6,17.6,17.51,14.00K,0.40%,,,,,
06/25/1993,17.45,17.53,17.63,17.44,12.66K,-0.17%,,,,,
06/24/1993,17.48,17.62,17.73,17.45,22.57K,0.00%,,,,,
06/23/1993,17.48,17.36,17.63,17.33,16.93K,0.17%,,,,,
06/22/1993,17.45,17.53,17.6,17.4,18.23K,-0.29%,,,,,
06/21/1993,17.5,17.65,17.69,17.49,19.51K,-0.34%,,,,,
06/18/1993,17.56,17.59,17.63,17.37,19.80K,0.06%,,,,,
06/17/1993,17.55,17.78,17.84,17.46,24.93K,-0.62%,,,,,
06/16/1993,17.66,17.5,17.73,17.5,24.77K,1.90%,,,,,
06/15/1993,17.33,17.53,17.57,17.32,14.93K,-1.31%,,,,,
06/14/1993,17.56,17.73,17.73,17.55,20.58K,-0.57%,,,,,
06-11-1993,17.66,17.96,18,17.55,25.67K,-1.67%,,,,,
06-10-1993,17.96,18.24,18.33,17.95,22.00K,-1.64%,,,,,
06-09-1993,18.26,18.25,18.37,18.16,16.58K,-0.05%,,,,,
06-08-1993,18.27,18.2,18.45,18.15,22.03K,0.44%,,,,,
06-07-1993,18.19,18.33,18.37,18.01,19.42K,-0.66%,,,,,
06-04-1993,18.31,18.35,18.43,18.27,18.59K,0.00%,,,,,
06-03-1993,18.31,18.55,18.58,18.26,21.26K,-1.24%,,,,,
06-02-1993,18.54,18.74,18.75,18.53,12.50K,-0.96%,,,,,
06-01-1993,18.72,18.61,18.77,18.53,12.02K,0.65%,,,,,
05/28/1993,18.6,18.62,18.73,18.6,18.65K,0.05%,,,,,
05/27/1993,18.59,18.45,18.7,18.38,19.12K,0.60%,,,,,
05/26/1993,18.48,18.45,18.49,18.35,13.76K,-0.05%,,,,,
05/25/1993,18.49,18.38,18.5,18.33,16.35K,0.87%,,,,,
05/24/1993,18.33,18.43,18.48,18.31,13.87K,-0.54%,,,,,
05/21/1993,18.43,18.46,18.52,18.36,13.33K,-0.11%,,,,,
05/20/1993,18.45,18.2,18.48,18.1,24.09K,1.37%,,,,,
05/19/1993,18.2,18.27,18.38,18.2,22.07K,-0.44%,,,,,
05/18/1993,18.28,18.45,18.49,18.27,22.77K,-0.71%,,,,,
05/17/1993,18.41,18.48,18.53,18.36,15.78K,-1.02%,,,,,
05/14/1993,18.6,18.73,18.78,18.51,12.58K,-0.53%,,,,,
05/13/1993,18.7,18.95,19.02,18.63,17.86K,-1.42%,,,,,
05-12-1993,18.97,19.1,19.14,18.96,17.00K,-0.52%,,,,,
05-11-1993,19.07,19.1,19.15,19.03,20.66K,-0.16%,,,,,
05-10-1993,19.1,19.25,19.27,19.1,21.53K,-0.47%,,,,,
05-07-1993,19.19,19.16,19.27,19.14,21.90K,0.16%,,,,,
05-06-1993,19.16,19.16,19.3,19.15,21.90K,0.00%,,,,,
05-05-1993,19.16,19.05,19.18,18.96,16.56K,0.58%,,,,,
05-04-1993,19.05,19.25,19.25,19.05,18.46K,-0.52%,,,,,
04/30/1993,19.15,19.12,19.24,19.08,18.39K,0.00%,,,,,
04/29/1993,19.15,18.79,19.16,18.79,17.82K,1.92%,,,,,
04/28/1993,18.79,18.77,18.8,18.72,10.31K,0.16%,,,,,
04/27/1993,18.76,18.87,18.9,18.75,11.68K,-0.74%,,,,,
04/26/1993,18.9,18.98,18.98,18.88,9.15K,-0.05%,,,,,
04/23/1993,18.91,18.79,18.94,18.71,16.70K,0.80%,,,,,
04/22/1993,18.76,18.9,18.92,18.72,13.52K,-0.64%,,,,,
04/21/1993,18.88,18.9,18.98,18.88,17.54K,0.43%,,,,,
04/20/1993,18.8,18.75,18.85,18.72,14.15K,0.43%,,,,,
04/19/1993,18.72,18.82,18.86,18.71,15.59K,-0.48%,,,,,
04/16/1993,18.81,18.91,18.94,18.79,15.11K,-0.21%,,,,,
04/15/1993,18.85,18.85,18.94,18.82,16.92K,-0.05%,,,,,
04/14/1993,18.86,18.85,18.96,18.73,23.12K,-0.26%,,,,,
04/13/1993,18.91,18.98,19.03,18.91,24.04K,0.75%,,,,,
04-08-1993,18.77,18.88,18.96,18.68,20.35K,-0.48%,,,,,
04-07-1993,18.86,18.8,18.92,18.8,19.52K,0.43%,,,,,
04-06-1993,18.78,18.95,19,18.72,22.75K,-1.47%,,,,,
04-05-1993,19.06,19.07,19.23,19.03,20.66K,-0.26%,,,,,
04-02-1993,19.11,19.04,19.15,18.94,15.73K,0.58%,,,,,
04-01-1993,19,18.93,19.15,18.87,20.32K,0.53%,,,,,
03/31/1993,18.9,18.7,18.92,18.66,15.61K,1.29%,,,,,
03/30/1993,18.66,18.7,18.77,18.61,18.62K,-0.69%,,,,,
03/29/1993,18.79,18.82,18.89,18.63,13.19K,0.21%,,,,,
03/26/1993,18.75,18.75,18.8,18.6,14.49K,-0.11%,,,,,
03/25/1993,18.77,18.7,18.79,18.59,15.62K,0.75%,,,,,
03/24/1993,18.63,18.65,18.71,18.58,18.24K,0.76%,,,,,
03/23/1993,18.49,18.35,18.5,18.26,23.85K,1.20%,,,,,
03/22/1993,18.27,18.78,18.81,18.25,26.36K,-1.88%,,,,,
03/19/1993,18.62,18.9,19,18.6,18.29K,-1.17%,,,,,
03/18/1993,18.84,18.74,18.89,18.73,14.38K,0.69%,,,,,
03/17/1993,18.71,18.55,18.84,18.53,18.77K,0.59%,,,,,
03/16/1993,18.6,18.73,18.75,18.52,7.75K,-0.48%,,,,,
03/15/1993,18.69,19.01,19.11,18.66,13.69K,-1.06%,,,,,
03-12-1993,18.89,18.66,18.9,18.62,27.44K,1.83%,,,,,
03-11-1993,18.55,18.9,18.98,18.49,29.19K,-1.75%,,,,,
03-10-1993,18.88,19.25,19.35,18.85,24.62K,-0.89%,,,,,
03-09-1993,19.05,19.11,19.21,19.04,15.51K,0.00%,,,,,
03-08-1993,19.05,19.34,19.36,19.03,21.15K,-1.65%,,,,,
03-05-1993,19.37,19.52,19.68,19.36,24.30K,-0.56%,,,,,
03-04-1993,19.48,18.96,19.55,18.96,27.79K,2.69%,,,,,
03-03-1993,18.97,18.9,18.98,18.85,12.52K,0.53%,,,,,
03-02-1993,18.87,18.9,18.91,18.8,15.14K,-0.47%,,,,,
03-01-1993,18.96,18.93,19.06,18.82,15.03K,0.21%,,,,,
02/26/1993,18.92,18.9,18.95,18.77,15.14K,-0.32%,,,,,
02/25/1993,18.98,19.2,19.2,18.79,22.65K,-0.16%,,,,,
02/24/1993,19.01,19.05,19.1,18.75,22.45K,0.32%,,,,,
02/23/1993,18.95,18.71,19.07,18.7,31.40K,1.72%,,,,,
02/22/1993,18.63,18.35,18.67,18.34,20.63K,1.91%,,,,,
02/19/1993,18.28,17.95,18.31,17.88,21.25K,1.67%,,,,,
02/18/1993,17.98,17.75,18,17.62,19.10K,1.41%,,,,,
02/17/1993,17.73,18,18.09,17.66,19.73K,-2.31%,,,,,
02/16/1993,18.15,18.09,18.18,17.9,16.81K,1.06%,,,,,
02/15/1993,17.96,18.15,18.15,17.85,16.22K,-1.37%,,,,,
02-12-1993,18.21,18.55,18.55,18.2,19.95K,-0.98%,,,,,
02-11-1993,18.39,18.4,18.44,18.3,13.29K,0.44%,,,,,
02-10-1993,18.31,18.4,18.56,18.3,20.02K,0.11%,,,,,
02-09-1993,18.29,18.35,18.35,18.18,24.45K,-0.05%,,,,,
02-08-1993,18.3,18.55,18.55,18.29,16.63K,-1.40%,,,,,
02-05-1993,18.56,18.6,18.6,18.4,13.53K,0.00%,,,,,
02-04-1993,18.56,18.4,18.62,18.34,18.22K,1.64%,,,,,
02-03-1993,18.26,18.25,18.38,18.17,19.46K,0.05%,,,,,
02-02-1993,18.25,18.55,18.57,18.24,19.13K,-1.72%,,,,,
02-01-1993,18.57,18.45,18.7,18.43,17.40K,0.54%,,,,,
01/29/1993,18.47,18.45,18.65,18.4,24.59K,-0.81%,,,,,
01/28/1993,18.62,17.95,18.69,17.9,33.93K,3.27%,,,,,
01/27/1993,18.03,18.05,18.08,17.86,16.56K,0.00%,,,,,
01/26/1993,18.03,17.98,18.17,17.89,24.47K,-0.22%,,,,,
01/25/1993,18.07,17.45,18.09,17.45,29.97K,4.39%,,,,,
01/22/1993,17.31,17.4,17.49,17.3,17.57K,-0.63%,,,,,
01/21/1993,17.42,17,17.43,17,21.46K,2.65%,,,,,
01/20/1993,16.97,17,17.13,16.87,25.01K,-1.28%,,,,,
01/19/1993,17.19,17.45,17.45,17.17,18.75K,-1.55%,,,,,
01/18/1993,17.46,17.63,17.75,17.38,21.05K,-0.23%,,,,,
01/15/1993,17.5,17.52,17.64,17.45,19.33K,1.57%,,,,,
01/14/1993,17.23,17.1,17.24,16.99,12.10K,1.00%,,,,,
01/13/1993,17.06,17,17.4,16.82,20.59K,0.29%,,,,,
01-12-1993,17.01,17.42,17.43,16.98,24.55K,-2.35%,,,,,
01-11-1993,17.42,17.55,17.72,17.4,21.26K,-0.34%,,,,,
01-08-1993,17.48,17.54,17.75,17.47,21.61K,-0.57%,,,,,
01-07-1993,17.58,17.75,17.88,17.55,20.03K,-0.96%,,,,,
01-06-1993,17.75,17.75,17.84,17.64,23.36K,-1.22%,,,,,
01-05-1993,17.97,17.7,17.99,17.7,26.24K,1.01%,,,,,
01-04-1993,17.79,18.2,18.21,17.78,25.91K,-2.73%,,,,,
12/31/1992,18.29,18.34,18.34,18.24,6.09K,0.11%,,,,,
12/30/1992,18.27,18.25,18.3,18.17,14.79K,-0.38%,,,,,
12/29/1992,18.34,18.47,18.49,18.25,15.93K,-1.93%,,,,,
12/24/1992,18.7,18.7,18.72,18.67,4.61K,0.48%,,,,,
12/23/1992,18.61,18.5,18.67,18.46,13.01K,0.65%,,,,,
12/22/1992,18.49,18.65,18.65,18.47,16.69K,-0.80%,,,,,
12/21/1992,18.64,18.68,18.71,18.48,16.92K,0.43%,,,,,
12/18/1992,18.56,18.57,18.65,18.44,16.44K,-0.05%,,,,,
12/17/1992,18.57,18.35,18.6,18.15,24.90K,2.82%,,,,,
12/16/1992,18.06,17.9,18.08,17.9,9.71K,1.06%,,,,,
12/15/1992,17.87,17.9,17.99,17.87,19.63K,-0.83%,,,,,
12/14/1992,18.02,18.05,18.17,17.9,20.68K,-0.44%,,,,,
12-11-1992,18.1,18.34,18.45,18.04,21.30K,-0.93%,,,,,
12-10-1992,18.27,18,18.28,17.96,16.47K,2.35%,,,,,
12-09-1992,17.85,17.81,17.97,17.65,18.54K,-0.50%,,,,,
12-08-1992,17.94,18.18,18.31,17.88,21.92K,-1.64%,,,,,
12-07-1992,18.24,18.09,18.29,17.82,17.96K,1.05%,,,,,
12-04-1992,18.05,18.2,18.34,18.02,21.29K,-0.17%,,,,,
12-03-1992,18.08,18.17,18.32,18.04,24.04K,-1.42%,,,,,
12-02-1992,18.34,18.55,18.55,18.29,18.21K,-0.81%,,,,,
12-01-1992,18.49,18.91,18.93,18.45,29.05K,-1.86%,,,,,
11/30/1992,18.84,19.16,19.26,18.82,17.94K,-0.58%,,,,,
11/27/1992,18.95,18.89,19.12,18.75,23.27K,1.07%,,,,,
11/26/1992,18.75,19.2,19.24,18.73,14.10K,-2.24%,,,,,
11/25/1992,19.18,18.95,19.19,18.93,17.26K,0.68%,,,,,
11/24/1992,19.05,19.04,19.15,18.98,14.59K,0.21%,,,,,
11/23/1992,19.01,19.16,19.19,19,15.64K,-1.81%,,,,,
11/20/1992,19.36,19.33,19.49,19.27,15.79K,0.10%,,,,,
11/19/1992,19.34,19,19.47,18.95,23.00K,1.58%,,,,,
11/18/1992,19.04,19.25,19.28,19.03,15.71K,-0.57%,,,,,
11/17/1992,19.15,19.3,19.41,19.15,16.38K,-0.62%,,,,,
11/16/1992,19.27,18.95,19.3,18.89,16.48K,1.37%,,,,,
11/13/1992,19.01,19.03,19.11,18.92,9.14K,-0.68%,,,,,
11-12-1992,19.14,19.4,19.4,19.1,17.93K,-1.14%,,,,,
11-11-1992,19.36,19.55,19.56,19.36,14.33K,-0.46%,,,,,
11-10-1992,19.45,19.57,19.7,19.44,18.25K,-0.26%,,,,,
11-09-1992,19.5,19.12,19.58,19.11,16.49K,1.62%,,,,,
11-06-1992,19.19,19.45,19.5,19.17,16.46K,-0.98%,,,,,
11-05-1992,19.38,19.1,19.45,18.88,23.61K,1.20%,,,,,
11-04-1992,19.15,19.25,19.28,19.03,26.62K,-1.79%,,,,,
11-03-1992,19.5,19.55,19.67,19.45,14.95K,-0.26%,,,,,
11-02-1992,19.55,19.5,19.59,19.37,16.47K,0.51%,,,,,
10/30/1992,19.45,19.55,19.55,19.2,29.72K,-0.71%,,,,,
10/29/1992,19.59,19.98,20,19.5,18.96K,-1.56%,,,,,
10/28/1992,19.9,19.85,19.91,19.57,23.42K,0.25%,,,,,
10/27/1992,19.85,20.1,20.16,19.81,17.46K,-0.85%,,,,,
10/26/1992,20.02,20.07,20.1,19.81,17.72K,0.20%,,,,,
10/23/1992,19.98,20.2,20.27,19.95,17.02K,-0.65%,,,,,
10/22/1992,20.11,20.38,20.44,20.08,24.51K,-1.47%,,,,,
10/21/1992,20.41,20.65,20.69,20.29,24.60K,-1.45%,,,,,
10/20/1992,20.71,20.8,20.82,20.67,12.37K,-0.38%,,,,,
10/19/1992,20.79,20.95,20.95,20.76,8.97K,-0.10%,,,,,
10/16/1992,20.81,20.72,20.81,20.72,13.96K,0.00%,,,,,
10/15/1992,20.81,20.72,20.81,20.72,12.41K,0.82%,,,,,
10/14/1992,20.64,20.72,20.78,20.63,15.06K,-0.29%,,,,,
10/13/1992,20.7,20.83,20.93,20.69,13.27K,-0.62%,,,,,
10-12-1992,20.83,20.82,20.89,20.8,11.22K,-0.33%,,,,,
10-09-1992,20.9,20.65,20.93,20.57,20.44K,1.70%,,,,,
10-08-1992,20.55,20.45,20.62,20.44,13.67K,0.49%,,,,,
10-07-1992,20.45,20.39,20.47,20.39,10.25K,0.49%,,,,,
10-06-1992,20.35,20.34,20.38,20.28,11.02K,-0.05%,,,,,
10-05-1992,20.36,20.43,20.48,20.31,12.67K,-0.68%,,,,,
10-02-1992,20.5,20.41,20.55,20.39,12.41K,0.24%,,,,,
10-01-1992,20.45,20.36,20.47,20.36,12.93K,0.54%,,,,,
09/30/1992,20.34,20.26,20.38,20.2,13.71K,0.10%,,,,,
09/29/1992,20.32,20.35,20.4,20.28,15.93K,-0.39%,,,,,
09/28/1992,20.4,20.34,20.44,20.34,9.91K,0.34%,,,,,
09/25/1992,20.33,20.32,20.49,20.32,13.60K,-0.68%,,,,,
09/24/1992,20.47,20.62,20.66,20.45,12.65K,-0.87%,,,,,
09/23/1992,20.65,20.38,20.7,20.38,17.88K,1.13%,,,,,
09/22/1992,20.42,20.3,20.5,20.29,12.60K,0.69%,,,,,
09/21/1992,20.28,20.25,20.32,20.21,10.89K,-0.15%,,,,,
09/18/1992,20.31,20.35,20.47,20.3,15.60K,-0.68%,,,,,
09/17/1992,20.45,20.61,20.72,20.35,21.36K,-0.87%,,,,,
09/16/1992,20.63,20.53,20.67,20.39,15.04K,0.24%,,,,,
09/15/1992,20.58,20.76,20.76,20.55,10.74K,-0.44%,,,,,
09/14/1992,20.67,20.49,20.74,20.48,18.69K,1.17%,,,,,
09-11-1992,20.43,20.35,20.48,20.25,18.29K,0.25%,,,,,
09-10-1992,20.38,20.42,20.49,20.27,19.16K,-0.10%,,,,,
09-09-1992,20.4,20.35,20.43,20.29,10.60K,0.15%,,,,,
09-08-1992,20.37,20.3,20.4,20.28,18.28K,0.54%,,,,,
09-07-1992,20.26,20.19,20.34,20.19,4.95K,0.35%,,,,,
09-04-1992,20.19,20.08,20.19,20.02,11.32K,0.50%,,,,,
09-03-1992,20.09,20.09,20.13,20.04,11.18K,-0.20%,,,,,
09-02-1992,20.13,20.15,20.2,20.08,13.50K,0.00%,,,,,
09-01-1992,20.13,19.95,20.15,19.9,18.07K,1.31%,,,,,
08/28/1992,19.87,19.72,19.89,19.66,14.50K,0.76%,,,,,
08/27/1992,19.72,19.77,19.89,19.67,12.07K,-0.10%,,,,,
08/26/1992,19.74,19.74,19.92,19.65,19.11K,-0.05%,,,,,
08/25/1992,19.75,20.03,20.15,19.74,18.85K,-1.45%,,,,,
08/24/1992,20.04,19.63,20.05,19.6,21.58K,1.83%,,,,,
08/21/1992,19.68,19.87,19.95,19.67,13.83K,-0.71%,,,,,
08/20/1992,19.82,19.76,19.91,19.65,15.37K,-0.20%,,,,,
08/19/1992,19.86,20,20.04,19.83,13.17K,-0.70%,,,,,
08/18/1992,20,20.11,20.13,19.99,13.23K,-0.25%,,,,,
08/17/1992,20.05,20.1,20.13,19.94,12.01K,0.25%,,,,,
08/14/1992,20,20.11,20.11,19.97,6.05K,-0.15%,,,,,
08/13/1992,20.03,19.8,20.04,19.8,16.33K,1.57%,,,,,
08-12-1992,19.72,19.59,19.8,19.59,17.26K,0.66%,,,,,
08-11-1992,19.59,19.65,19.67,19.53,14.39K,-0.51%,,,,,
08-10-1992,19.69,19.9,19.9,19.65,16.31K,-0.86%,,,,,
08-07-1992,19.86,20.1,20.15,19.83,14.06K,-0.85%,,,,,
08-06-1992,20.03,19.9,20.11,19.86,14.65K,0.96%,,,,,
08-05-1992,19.84,19.86,20,19.81,14.68K,-0.75%,,,,,
08-04-1992,19.99,20.14,20.18,19.85,20.30K,-1.09%,,,,,
08-03-1992,20.21,20.37,20.42,20.2,11.60K,-1.27%,,,,,
07/31/1992,20.47,20.35,20.5,20.29,16.88K,0.05%,,,,,
07/30/1992,20.46,20.6,20.6,20.46,13.41K,-0.97%,,,,,
07/29/1992,20.66,20.69,20.73,20.57,11.08K,-0.29%,,,,,
07/28/1992,20.72,20.75,20.79,20.65,12.55K,-0.05%,,,,,
07/27/1992,20.73,20.5,20.74,20.45,15.22K,0.10%,,,,,
07/24/1992,20.71,20.55,20.83,20.54,27.48K,0.53%,,,,,
07/23/1992,20.6,20.45,20.6,20.44,15.08K,0.78%,,,,,
07/22/1992,20.44,20.31,20.45,20.25,14.66K,1.14%,,,,,
07/21/1992,20.21,20.3,20.38,20.1,12.14K,-0.15%,,,,,
07/20/1992,20.24,20.04,20.3,19.99,11.10K,0.55%,,,,,
07/17/1992,20.13,20.35,20.48,20.11,16.07K,-0.89%,,,,,
07/16/1992,20.31,20.28,20.4,20.25,6.44K,0.49%,,,,,
07/15/1992,20.21,19.97,20.24,19.92,13.35K,0.70%,,,,,
07/14/1992,20.07,20.05,20.15,19.97,18.28K,0.50%,,,,,
07/13/1992,19.97,19.9,20.03,19.81,21.67K,0.55%,,,,,
07-10-1992,19.86,20.01,20.21,19.85,12.58K,-0.60%,,,,,
07-09-1992,19.98,19.9,20.07,19.81,17.33K,-0.10%,,,,,
07-08-1992,20,20.05,20.16,19.8,19.47K,-0.20%,,,,,
07-07-1992,20.04,20.49,20.49,19.9,31.09K,-2.58%,,,,,
07-06-1992,20.57,20.83,20.83,20.5,13.99K,-1.11%,,,,,
07-03-1992,20.8,20.81,20.84,20.78,5.43K,0.24%,,,,,
07-02-1992,20.75,20.65,20.77,20.6,14.92K,0.73%,,,,,
07-01-1992,20.6,20.6,20.69,20.37,17.26K,0.93%,,,,,
06/30/1992,20.41,21.09,21.09,20.35,19.94K,-2.76%,,,,,
06/29/1992,20.99,21.2,21.37,20.97,14.07K,-0.85%,,,,,
06/26/1992,21.17,21.31,21.45,21.11,14.54K,-0.66%,,,,,
06/25/1992,21.31,21.56,21.59,21.3,13.48K,-1.21%,,,,,
06/24/1992,21.57,21.5,21.61,21.46,18.02K,1.32%,,,,,
06/23/1992,21.29,21.2,21.32,21.12,12.79K,0.47%,,,,,
06/22/1992,21.19,20.9,21.25,20.7,24.14K,0.47%,,,,,
06/19/1992,21.09,20.98,21.14,20.95,12.11K,0.14%,,,,,
06/18/1992,21.06,21.08,21.17,21.05,9.96K,-0.24%,,,,,
06/17/1992,21.11,21,21.13,20.91,13.43K,-0.05%,,,,,
06/16/1992,21.12,21.08,21.15,21,8.21K,-0.61%,,,,,
06/15/1992,21.25,20.97,21.25,20.97,7.16K,0.71%,,,,,
06-12-1992,21.1,21.09,21.14,20.94,15.44K,0.00%,,,,,
06-11-1992,21.1,21.15,21.36,21.09,20.50K,-0.38%,,,,,
06-10-1992,21.18,20.86,21.21,20.75,19.43K,0.71%,,,,,
06-09-1992,21.03,21.07,21.11,20.96,15.13K,-0.47%,,,,,
06-08-1992,21.13,21.3,21.32,21.05,13.76K,-0.80%,,,,,
06-05-1992,21.3,21.25,21.38,21.2,20.56K,0.66%,,,,,
06-04-1992,21.16,21,21.18,20.94,13.83K,0.43%,,,,,
06-03-1992,21.07,20.94,21.21,20.9,20.25K,1.20%,,,,,
06-02-1992,20.82,20.75,20.86,20.63,13.03K,0.14%,,,,,
06-01-1992,20.79,20.8,20.96,20.69,14.16K,0.00%,,,,,
05/29/1992,20.79,20.65,20.8,20.45,15.82K,0.63%,,,,,
05/28/1992,20.66,20.8,20.81,20.57,12.86K,-0.19%,,,,,
05/27/1992,20.7,20.65,20.92,20.52,20.40K,0.05%,,,,,
05/26/1992,20.69,19.99,20.72,19.99,26.68K,4.92%,,,,,
05/22/1992,19.72,19.77,19.78,19.53,15.46K,0.20%,,,,,
05/21/1992,19.68,19.27,19.69,19.27,22.44K,2.61%,,,,,
05/20/1992,19.18,19.18,19.27,19.13,10.19K,0.00%,,,,,
05/19/1992,19.18,19.45,19.48,19.12,16.28K,-1.44%,,,,,
05/18/1992,19.46,19.59,19.62,19.45,7.52K,-0.66%,,,,,
05/15/1992,19.59,19.47,19.65,19.44,10.20K,-1.21%,,,,,
05/14/1992,19.83,19.9,19.95,19.82,5.97K,-0.70%,,,,,
05/13/1992,19.97,19.85,20.19,19.74,15.46K,0.55%,,,,,
05-12-1992,19.86,19.89,19.93,19.75,11.19K,-0.15%,,,,,
05-11-1992,19.89,19.75,19.9,19.66,12.18K,0.96%,,,,,
05-08-1992,19.7,19.58,19.75,19.53,9.11K,0.72%,,,,,
05-07-1992,19.56,19.67,19.67,19.48,10.59K,-0.41%,,,,,
05-06-1992,19.64,19.7,19.85,19.55,17.40K,-0.25%,,,,,
05-05-1992,19.69,19.95,19.95,19.63,14.21K,-0.05%,,,,,
05-01-1992,19.7,19.57,19.77,19.57,13.55K,0.20%,,,,,
04/30/1992,19.66,19.39,19.7,19.36,15.63K,0.98%,,,,,
04/29/1992,19.47,19.03,19.5,18.92,21.97K,1.88%,,,,,
04/28/1992,19.11,18.98,19.16,18.98,15.29K,0.84%,,,,,
04/27/1992,18.95,18.89,18.97,18.86,10.09K,0.48%,,,,,
04/24/1992,18.86,18.8,18.94,18.67,12.03K,0.59%,,,,,
04/23/1992,18.75,18.87,18.87,18.55,13.03K,-0.05%,,,,,
04/22/1992,18.76,18.89,18.9,18.66,13.13K,-1.47%,,,,,
04/21/1992,19.04,19.06,19.06,18.91,8.11K,0.26%,,,,,
04/16/1992,18.99,18.71,19.03,18.66,17.28K,1.93%,,,,,
04/15/1992,18.63,18.59,18.75,18.57,8.08K,0.22%,,,,,
04/14/1992,18.59,18.89,19.02,18.52,16.47K,-1.59%,,,,,
04/13/1992,18.89,19.1,19.25,18.8,17.34K,-1.05%,,,,,
04-10-1992,19.09,19.04,19.1,18.85,11.84K,0.95%,,,,,
04-09-1992,18.91,19.22,19.29,18.84,12.61K,-1.41%,,,,,
04-08-1992,19.18,18.87,19.25,18.87,18.03K,1.86%,,,,,
04-07-1992,18.83,18.92,18.94,18.8,10.97K,-0.74%,,,,,
04-06-1992,18.97,18.88,19.05,18.82,13.71K,1.12%,,,,,
04-03-1992,18.76,18.37,18.77,18.37,13.58K,2.35%,,,,,
04-02-1992,18.33,18.42,18.53,18.32,13.59K,-0.38%,,,,,
04-01-1992,18.4,18.2,18.41,18.15,16.74K,1.43%,,,,,
03/31/1992,18.14,18.05,18.18,17.97,10.52K,0.95%,,,,,
03/30/1992,17.97,17.91,17.98,17.9,6.90K,0.34%,,,,,
03/27/1992,17.91,18.02,18.06,17.85,11.79K,-0.39%,,,,,
03/26/1992,17.98,17.97,18.06,17.96,12.05K,0.39%,,,,,
03/25/1992,17.91,17.85,17.99,17.78,8.71K,0.34%,,,,,
03/24/1992,17.85,17.85,17.87,17.75,6.55K,0.28%,,,,,
03/23/1992,17.8,17.73,17.81,17.7,8.73K,0.68%,,,,,
03/20/1992,17.68,17.9,18.1,17.67,16.73K,-1.67%,,,,,
03/19/1992,17.98,17.79,17.99,17.71,11.19K,1.18%,,,,,
03/18/1992,17.77,17.88,17.9,17.76,7.59K,-0.50%,,,,,
03/17/1992,17.86,17.8,17.98,17.77,11.68K,0.22%,,,,,
03/16/1992,17.82,17.9,17.94,17.79,7.86K,-0.28%,,,,,
03/13/1992,17.87,17.7,17.95,17.63,13.82K,0.68%,,,,,
03-12-1992,17.75,17.42,17.76,17.37,10.78K,2.07%,,,,,
03-11-1992,17.39,17.5,17.52,17.36,11.64K,-0.51%,,,,,
03-10-1992,17.48,17.5,17.61,17.4,12.27K,0.23%,,,,,
03-09-1992,17.44,17.39,17.53,17.37,8.71K,0.35%,,,,,
03-06-1992,17.38,17.45,17.61,17.32,13.45K,-0.17%,,,,,
03-05-1992,17.41,17.37,17.66,17.35,12.84K,-0.06%,,,,,
03-04-1992,17.42,17.42,17.46,17.34,10.52K,-0.06%,,,,,
03-03-1992,17.43,17.24,17.49,17.18,13.07K,1.22%,,,,,
03-02-1992,17.22,17.5,17.5,17.21,8.69K,-1.88%,,,,,
02/28/1992,17.55,17.65,17.66,17.48,8.42K,-0.51%,,,,,
02/27/1992,17.64,17.29,17.65,17.26,15.14K,1.67%,,,,,
02/26/1992,17.35,17.35,17.4,17.2,13.40K,-0.69%,,,,,
02/25/1992,17.47,17.38,17.47,17.13,17.16K,0.23%,,,,,
02/24/1992,17.43,17.72,17.72,17.28,15.24K,-1.58%,,,,,
02/21/1992,17.71,17.8,17.87,17.69,11.18K,-0.73%,,,,,
02/20/1992,17.84,17.85,17.9,17.66,13.33K,0.56%,,,,,
02/19/1992,17.74,17.4,17.75,17.28,16.88K,0.80%,,,,,
02/18/1992,17.6,17.45,17.62,17.3,13.19K,0.28%,,,,,
02/17/1992,17.55,17.8,17.8,17.49,14.59K,-5.14%,,,,,
02/13/1992,18.5,18.35,18.58,18.31,7.79K,1.31%,,,,,
02-12-1992,18.26,18.52,18.57,18.03,16.62K,-0.65%,,,,,
02-11-1992,18.38,18.8,18.86,18.34,16.57K,-2.18%,,,,,
02-10-1992,18.79,18.8,19.04,18.78,13.81K,-0.37%,,,,,
02-07-1992,18.86,18.38,18.88,18.36,13.81K,2.44%,,,,,
02-06-1992,18.41,18.5,18.61,18.38,10.45K,0.60%,,,,,
02-05-1992,18.3,18.35,18.53,18.27,13.00K,0.00%,,,,,
02-04-1992,18.3,18.1,18.45,18.09,13.30K,0.77%,,,,,
02-03-1992,18.16,18.13,18.23,18.12,11.02K,0.06%,,,,,
01/31/1992,18.15,18.2,18.23,18.03,11.69K,0.06%,,,,,
01/30/1992,18.14,18.1,18.17,17.85,11.94K,0.28%,,,,,
01/29/1992,18.09,18.2,18.29,17.97,15.37K,-0.82%,,,,,
01/28/1992,18.24,18.38,18.38,18.14,12.70K,-1.08%,,,,,
01/27/1992,18.44,18.24,18.45,18.23,13.05K,1.21%,,,,,
01/24/1992,18.22,17.95,18.23,17.95,14.92K,2.02%,,,,,
01/23/1992,17.86,18.1,18.15,17.85,15.77K,-1.05%,,,,,
01/22/1992,18.05,17.7,18.05,17.54,16.50K,1.69%,,,,,
01/21/1992,17.75,18.06,18.08,17.6,19.90K,-1.44%,,,,,
01/20/1992,18.01,18.35,18.37,18,9.90K,-1.69%,,,,,
01/17/1992,18.32,18.1,18.34,17.95,16.99K,-1.19%,,,,,
01/16/1992,18.54,18.37,18.68,18.36,6.11K,1.26%,,,,,
01/15/1992,18.31,17.75,18.35,17.65,9.98K,2.35%,,,,,
01/14/1992,17.89,18.05,18.12,17.81,17.38K,-0.33%,,,,,
01/13/1992,17.95,17.35,17.96,17.35,17.94K,4.12%,,,,,
01-10-1992,17.24,16.95,17.29,16.85,10.43K,2.25%,,,,,
01-09-1992,16.86,17.1,17.13,16.68,18.18K,-0.35%,,,,,
01-08-1992,16.92,17.8,17.81,16.85,19.80K,-4.35%,,,,,
01-07-1992,17.69,18.15,18.35,17.66,19.51K,-2.37%,,,,,
01-06-1992,18.12,18.05,18.32,17.93,16.39K,0.00%,,,,,
01-03-1992,18.12,18.34,18.68,18.11,14.38K,-1.31%,,,,,
01-02-1992,18.36,18,18.39,17.93,14.08K,4.26%,,,,,
12/31/1991,17.61,17.52,17.72,17.52,3.35K,-0.62%,,,,,
12/30/1991,17.72,17.85,17.94,17.62,10.04K,0.23%,,,,,
12/27/1991,17.68,17.65,17.75,17.4,8.87K,-0.84%,,,,,
12/24/1991,17.83,17.75,17.88,17.73,2.58K,1.02%,,,,,
12/23/1991,17.65,17.4,17.66,17.3,7.89K,1.44%,,,,,
12/20/1991,17.4,18,18.07,17.37,14.51K,-2.74%,,,,,
12/19/1991,17.89,18.02,18.25,17.85,12.69K,-0.72%,,,,,
12/18/1991,18.02,17.95,18.22,17.92,13.50K,-0.22%,,,,,
12/17/1991,18.06,18.45,18.47,18.04,15.23K,-2.80%,,,,,
12/16/1991,18.58,18.88,18.88,18.52,8.47K,-1.22%,,,,,
12/13/1991,18.81,18.8,19.15,18.8,11.35K,1.24%,,,,,
12-12-1991,18.58,18.35,18.66,18.35,13.32K,1.92%,,,,,
12-11-1991,18.23,18.05,18.57,17.71,17.37K,0.39%,,,,,
12-10-1991,18.16,18.26,18.44,17.9,12.87K,0.83%,,,,,
12-09-1991,18.01,18.78,18.85,18,14.66K,-4.61%,,,,,
12-06-1991,18.88,19.14,19.35,18.86,13.07K,-1.31%,,,,,
12-05-1991,19.13,19.52,19.6,19.07,14.63K,-1.34%,,,,,
12-04-1991,19.39,19.32,19.48,19.12,18.91K,0.88%,,,,,
12-03-1991,19.22,19.8,19.89,19.2,23.48K,-2.58%,,,,,
12-02-1991,19.73,20.25,20.27,19.72,13.97K,-1.99%,,,,,
11/29/1991,20.13,20.3,20.39,20.12,11.96K,-0.30%,,,,,
11/28/1991,20.19,20.15,20.25,20.14,6.20K,1.10%,,,,,
11/27/1991,19.97,19.75,20,19.7,15.24K,1.73%,,,,,
11/26/1991,19.63,20,20.13,19.58,16.54K,-2.09%,,,,,
11/25/1991,20.05,20.15,20.25,19.87,13.52K,0.45%,,,,,
11/22/1991,19.96,20.49,20.6,19.95,18.20K,-2.82%,,,,,
11/21/1991,20.54,20.7,20.94,20.53,10.40K,-0.82%,,,,,
11/20/1991,20.71,20.7,20.81,20.52,18.92K,-0.67%,,,,,
11/19/1991,20.85,21.1,21.2,20.78,15.34K,-1.47%,,,,,
11/18/1991,21.16,21.8,21.81,21.01,13.95K,-1.99%,,,,,
11/15/1991,21.59,21.2,21.65,21.06,19.46K,2.66%,,,,,
11/14/1991,21.03,21.19,21.22,20.95,7.42K,-1.17%,,,,,
11/13/1991,21.28,21.42,21.59,21.27,10.76K,0.05%,,,,,
11-12-1991,21.27,21.55,21.58,21.21,14.73K,-0.98%,,,,,
11-11-1991,21.48,21.8,21.82,21.43,19.41K,-1.65%,,,,,
11-08-1991,21.84,22,22.1,21.79,17.01K,-0.59%,,,,,
11-07-1991,21.97,22,22.23,21.82,19.93K,-0.36%,,,,,
11-06-1991,22.05,22.37,22.37,22.02,16.27K,-1.61%,,,,,
11-05-1991,22.41,21.45,22.54,22.2,16.28K,0.13%,,,,,
11-04-1991,22.38,22.6,22.66,22.28,12.79K,-0.58%,,,,,
11-01-1991,22.51,21.15,22.52,22.15,13.64K,1.86%,,,,,
10/31/1991,22.1,21.75,22.1,21.75,15.27K,1.56%,,,,,
10/30/1991,21.76,21.7,21.92,21.64,14.27K,0.18%,,,,,
10/29/1991,21.72,21.76,21.82,21.62,13.74K,-0.32%,,,,,
10/28/1991,21.79,21.6,21.9,21.57,17.50K,0.00%,,,,,
10/25/1991,21.79,22.15,22.33,21.75,12.38K,-1.40%,,,,,
10/24/1991,22.1,21.9,22.11,21.65,22.27K,0.59%,,,,,
10/23/1991,21.97,22.52,22.55,21.95,15.32K,-2.01%,,,,,
10/22/1991,22.42,22.6,22.6,22.33,15.12K,-1.10%,,,,,
10/21/1991,22.67,22.65,22.68,22.44,11.08K,0.35%,,,,,
10/18/1991,22.59,22.55,22.65,22.47,15.08K,0.76%,,,,,
10/17/1991,22.42,22.15,22.45,22.15,15.93K,1.13%,,,,,
10/16/1991,22.17,22.5,22.55,21.99,28.95K,-2.81%,,,,,
10/15/1991,22.81,22.39,22.83,22.3,18.61K,1.74%,,,,,
10/14/1991,22.42,22.1,22.46,22.05,10.70K,1.72%,,,,,
10-11-1991,22.04,21.8,22.08,21.7,11.10K,0.87%,,,,,
10-10-1991,21.85,21.95,21.95,21.75,15.94K,-1.13%,,,,,
10-09-1991,22.1,21.8,22.13,21.79,14.65K,1.66%,,,,,
10-08-1991,21.74,21.67,21.77,21.55,11.29K,0.28%,,,,,
10-07-1991,21.68,21.4,21.71,21.29,11.77K,1.12%,,,,,
10-04-1991,21.44,21.56,21.56,21.37,12.14K,-0.56%,,,,,
10-03-1991,21.56,21.28,21.57,21.27,16.75K,1.94%,,,,,
10-02-1991,21.15,20.86,21.18,20.79,12.81K,0.76%,,,,,
10-01-1991,20.99,20.98,21,20.83,10.38K,-0.29%,,,,,
09/30/1991,21.05,20.14,21.18,21,10.67K,-0.57%,,,,,
09/27/1991,21.17,20.85,21.19,20.76,17.24K,1.39%,,,,,
09/26/1991,20.88,20.6,20.88,20.6,15.14K,0.72%,,,,,
09/25/1991,20.73,20.68,20.77,20.48,19.64K,-0.10%,,,,,
09/24/1991,20.75,20.55,20.85,20.49,16.11K,0.63%,,,,,
09/23/1991,20.62,20.45,20.69,20.44,14.94K,0.88%,,,,,
09/20/1991,20.44,20.26,20.5,20.25,7.73K,0.84%,,,,,
09/19/1991,20.27,20.36,20.42,20.25,8.80K,-0.69%,,,,,
09/18/1991,20.41,20.35,20.55,20.28,15.48K,0.89%,,,,,
09/17/1991,20.23,20.45,20.45,20.12,8.89K,-0.93%,,,,,
09/16/1991,20.42,20.35,20.45,20.35,8.41K,0.49%,,,,,
09/13/1991,20.32,20.15,20.34,20.14,3.92K,0.89%,,,,,
09-12-1991,20.14,20.16,20.28,20.12,10.50K,-0.10%,,,,,
09-11-1991,20.16,19.95,20.18,19.93,9.80K,1.05%,,,,,
09-10-1991,19.95,19.88,20.03,19.88,12.07K,0.55%,,,,,
09-09-1991,19.84,19.99,19.99,19.78,13.17K,-1.15%,,,,,
09-06-1991,20.07,20.18,20.21,20.06,10.30K,-0.30%,,,,,
09-05-1991,20.13,20.15,20.19,20.09,7.19K,-0.59%,,,,,
09-04-1991,20.25,20.48,20.5,20.19,12.83K,-1.60%,,,,,
09-03-1991,20.58,20.55,20.58,20.46,11.90K,-0.24%,,,,,
09-02-1991,20.63,20.7,20.7,20.6,2.95K,-0.34%,,,,,
08/30/1991,20.7,20.4,20.7,20.35,10.30K,1.87%,,,,,
08/29/1991,20.32,20.05,20.35,20.05,15.16K,1.45%,,,,,
08/28/1991,20.03,19.97,20.12,19.97,13.04K,-0.40%,,,,,
08/27/1991,20.11,20.1,20.15,20,8.95K,0.65%,,,,,
08/23/1991,19.98,19.8,19.98,19.8,8.48K,0.96%,,,,,
08/22/1991,19.79,19.75,19.8,19.58,9.76K,0.76%,,,,,
08/21/1991,19.64,20.42,20.5,19.6,34.13K,-4.89%,,,,,
08/20/1991,20.65,20.9,21.1,20.25,30.26K,0.58%,,,,,
08/19/1991,20.53,20.2,22.2,20.2,53.07K,5.39%,,,,,
08/16/1991,19.48,19.52,19.61,19.46,7.59K,0.88%,,,,,
08/15/1991,19.31,19.34,19.35,19.24,4.33K,0.21%,,,,,
08/14/1991,19.27,19.45,19.45,19.24,13.56K,-1.18%,,,,,
08/13/1991,19.5,19.57,19.58,19.44,6.60K,-0.61%,,,,,
08-12-1991,19.62,19.64,19.74,19.58,13.83K,0.10%,,,,,
08-09-1991,19.6,19.57,19.74,19.45,15.88K,-0.10%,,,,,
08-08-1991,19.62,19.45,19.71,19.43,20.43K,0.98%,,,,,
08-07-1991,19.43,19.38,19.6,19.18,22.69K,0.00%,,,,,
08-06-1991,19.43,19.55,19.6,19.39,11.19K,-0.51%,,,,,
08-05-1991,19.53,19.45,19.64,19.45,6.55K,0.15%,,,,,
08-02-1991,19.5,19.5,19.58,19.38,11.18K,0.52%,,,,,
08-01-1991,19.4,19.76,19.86,19.38,11.12K,-1.72%,,,,,
07/31/1991,19.74,19.6,19.76,19.6,12.51K,1.08%,,,,,
07/30/1991,19.53,19.55,19.58,19.37,11.95K,-0.20%,,,,,
07/29/1991,19.57,19.6,19.7,19.47,10.14K,-0.25%,,,,,
07/26/1991,19.62,19.55,19.7,19.53,10.03K,0.36%,,,,,
07/25/1991,19.55,19.6,19.66,19.46,12.02K,-0.71%,,,,,
07/24/1991,19.69,19.45,19.7,19.3,11.03K,0.97%,,,,,
07/23/1991,19.5,19.9,19.95,19.42,17.16K,-2.40%,,,,,
07/22/1991,19.98,20.18,20.19,19.92,10.39K,-1.14%,,,,,
07/19/1991,20.21,19.99,20.22,19.85,15.66K,1.61%,,,,,
07/18/1991,19.89,20.1,20.2,19.84,14.76K,-1.58%,,,,,
07/17/1991,20.21,19.8,20.22,19.74,2.50K,2.33%,,,,,
07/16/1991,19.75,19.6,19.83,19.6,8.66K,1.13%,,,,,
07/15/1991,19.53,19.65,19.8,19.45,11.39K,-1.06%,,,,,
07-12-1991,19.74,19.35,19.91,19.35,14.27K,2.55%,,,,,
07-11-1991,19.25,19.35,19.41,19.25,11.29K,-0.93%,,,,,
07-10-1991,19.43,19.3,19.44,19.26,11.27K,0.94%,,,,,
07-09-1991,19.25,19.18,19.3,19.07,10.06K,0.10%,,,,,
07-08-1991,19.23,18.95,19.24,18.9,1.38K,1.64%,,,,,
07-05-1991,18.92,18.65,18.96,18.63,11.71K,1.23%,,,,,
07-04-1991,18.69,18.61,18.75,18.61,3.62K,0.11%,,,,,
07-03-1991,18.67,18.85,18.85,18.65,7.19K,-0.90%,,,,,
07-02-1991,18.84,18.8,18.87,18.75,6.58K,0.16%,,,,,
07-01-1991,18.81,18.75,18.85,18.65,8.18K,0.48%,,,,,
06/28/1991,18.72,18.45,18.82,18.45,12.52K,0.86%,,,,,
06/27/1991,18.56,18.4,18.6,18.36,12.01K,1.25%,,,,,
06/26/1991,18.33,18.23,18.38,18.19,7.57K,0.44%,,,,,
06/25/1991,18.25,18.28,18.37,18.16,11.13K,-0.05%,,,,,
06/24/1991,18.26,18.5,18.5,18.25,8.09K,-1.51%,,,,,
06/21/1991,18.54,18.55,18.6,18.42,9.50K,0.54%,,,,,
06/20/1991,18.44,18.25,18.48,18.16,13.40K,1.43%,,,,,
06/19/1991,18.18,18.2,18.34,18.05,12.59K,-0.16%,,,,,
06/18/1991,18.21,18.35,18.44,18.2,12.13K,0.00%,,,,,
06/17/1991,18.21,18.1,18.35,18.1,7.52K,0.39%,,,,,
06/14/1991,18.14,18.21,18.29,18.08,11.56K,1.00%,,,,,
06/13/1991,17.96,18.07,18.16,17.92,8.18K,-0.17%,,,,,
06-12-1991,17.99,17.9,18.02,17.71,14.48K,-0.44%,,,,,
06-11-1991,18.07,18.15,18.25,17.92,12.58K,0.17%,,,,,
06-10-1991,18.04,18.5,18.5,18.03,12.59K,-2.49%,,,,,
06-07-1991,18.5,18.55,18.69,18.42,10.65K,0.05%,,,,,
06-06-1991,18.49,18.58,18.58,18.18,15.30K,-0.86%,,,,,
06-05-1991,18.65,18.95,19,18.65,10.62K,-2.46%,,,,,
06-04-1991,19.12,19.2,19.29,19.05,9.79K,-0.57%,,,,,
06-03-1991,19.23,19.25,19.35,19.22,9.68K,0.10%,,,,,
05/31/1991,19.21,19.4,20,19.2,11.24K,-0.52%,,,,,
05/30/1991,19.31,19.18,19.4,19.13,13.01K,0.78%,,,,,
05/29/1991,19.16,19.48,19.48,19.15,10.53K,-1.39%,,,,,
05/28/1991,19.43,19.4,19.54,19.35,8.59K,0.41%,,,,,
05/24/1991,19.35,19.3,19.39,19.25,8.19K,0.78%,,,,,
05/23/1991,19.2,19.1,19.37,19.1,10.49K,0.37%,,,,,
05/22/1991,19.13,19.2,19.35,19.09,14.97K,-1.03%,,,,,
05/21/1991,19.33,19.55,19.77,19.31,8.86K,-1.23%,,,,,
05/20/1991,19.57,19.7,19.7,19.54,5.84K,-0.05%,,,,,
05/17/1991,19.58,19.4,19.64,19.3,7.78K,2.73%,,,,,
05/16/1991,19.06,19.2,19.24,19.05,6.26K,-0.47%,,,,,
05/15/1991,19.15,19.05,19.16,18.94,7.76K,0.47%,,,,,
05/14/1991,19.06,19.15,19.3,19.02,13.74K,-1.19%,,,,,
05/13/1991,19.29,19.5,19.55,19.26,13.15K,-1.58%,,,,,
05-10-1991,19.6,20,20,19.48,12.41K,-2.68%,,,,,
05-09-1991,20.14,20.15,20.37,20.08,16.32K,0.00%,,,,,
05-08-1991,20.14,19.95,20.15,19.77,12.12K,0.75%,,,,,
05-07-1991,19.99,19.95,20,19.8,12.08K,1.68%,,,,,
05-03-1991,19.66,19.4,19.68,19.33,8.22K,1.08%,,,,,
05-02-1991,19.45,19.5,19.59,19.43,9.62K,-0.61%,,,,,
05-01-1991,19.57,19.35,19.7,19.22,11.59K,0.77%,,,,,
04/30/1991,19.42,19.74,19.74,19.35,9.82K,-0.97%,,,,,
04/29/1991,19.61,19.65,19.8,19.58,9.43K,0.00%,,,,,
04/26/1991,19.61,19.33,19.65,19.3,13.34K,0.36%,,,,,
04/25/1991,19.54,19.4,19.55,19.26,9.15K,1.09%,,,,,
04/24/1991,19.33,19.35,19.5,19.06,14.62K,0.05%,,,,,
04/23/1991,19.32,19.5,19.93,19.25,15.62K,-0.82%,,,,,
04/22/1991,19.48,19.15,19.65,19.06,2.80K,1.78%,,,,,
04/19/1991,19.14,19.15,19.17,18.92,11.46K,0.63%,,,,,
04/18/1991,19.02,19.3,19.35,18.95,14.84K,-2.56%,,,,,
04/17/1991,19.52,19.35,19.66,19.35,11.43K,0.41%,,,,,
04/16/1991,19.44,19.65,19.72,19.4,11.87K,-3.62%,,,,,
04/15/1991,20.17,20.21,20.3,19.74,11.50K,0.75%,,,,,
04-12-1991,20.02,19.68,20.15,19.6,8.97K,2.40%,,,,,
04-11-1991,19.55,19.5,19.98,19.41,12.89K,0.72%,,,,,
04-10-1991,19.41,19,19.54,19,17.85K,3.19%,,,,,
04-09-1991,18.81,18.8,18.93,18.75,6.72K,0.00%,,,,,
04-08-1991,18.81,18.82,19.08,18.7,11.41K,1.07%,,,,,
04-05-1991,18.61,18.65,18.75,18.48,8.32K,-0.64%,,,,,
04-04-1991,18.73,18.01,18.75,18.01,12.49K,3.42%,,,,,
04-03-1991,18.11,17.9,18.2,17.88,9.92K,0.67%,,,,,
04-02-1991,17.99,17.88,18.12,17.6,11.70K,0.22%,,,,,
03/28/1991,17.95,18,18,17.74,14.06K,-0.50%,,,,,
03/27/1991,18.04,18.4,18.4,17.9,10.08K,-1.90%,,,,,
03/26/1991,18.39,18.2,18.42,17.92,13.08K,0.77%,,,,,
03/25/1991,18.25,18.4,18.43,18.22,6.81K,-1.72%,,,,,
03/22/1991,18.57,18.7,18.75,18.51,8.79K,-0.70%,,,,,
03/21/1991,18.7,18.3,18.9,18.15,9.40K,1.96%,,,,,
03/20/1991,18.34,18.39,18.57,18.15,9.70K,-0.22%,,,,,
03/19/1991,18.38,17.8,18.44,17.7,10.25K,4.85%,,,,,
03/18/1991,17.53,17.4,17.7,17.4,12.50K,-1.13%,,,,,
03/15/1991,17.73,18.2,18.3,17.65,11.99K,-11.48%,,,,,
03/14/1991,20.03,20.1,20.1,19.79,3.85K,-3.75%,,,,,
03/13/1991,20.81,19.3,20.9,19.15,8.36K,9.35%,,,,,
03-12-1991,19.03,18.35,19.05,18.05,10.23K,3.59%,,,,,
03-11-1991,18.37,18.35,18.52,18,9.08K,-2.34%,,,,,
03-08-1991,18.81,18.55,18.85,18.52,7.37K,-0.42%,,,,,
03-07-1991,18.89,19.1,19.25,18.7,6.24K,-1.72%,,,,,
03-06-1991,19.22,19.7,19.78,19.1,7.44K,-1.44%,,,,,
03-05-1991,19.5,19.75,19.75,19.15,9.37K,-0.66%,,,,,
03-04-1991,19.63,18.95,19.65,18.95,10.44K,3.92%,,,,,
03-01-1991,18.89,18.5,18.9,18.35,7.52K,1.12%,,,,,
02/28/1991,18.68,18.15,18.7,18.15,14.44K,4.18%,,,,,
02/27/1991,17.93,17.5,18,17.5,17.70K,4.06%,,,,,
02/26/1991,17.23,16.6,17.25,16.5,17.16K,2.01%,,,,,
02/25/1991,16.89,16.3,16.95,16.15,13.23K,1.62%,,,,,
02/22/1991,16.62,16.5,17.1,16.45,14.67K,-1.36%,,,,,
02/21/1991,16.85,17.4,17.65,16.75,13.94K,-3.38%,,,,,
02/20/1991,17.44,16.7,17.55,16.65,12.29K,3.87%,,,,,
02/19/1991,16.79,16.4,17.05,16,14.60K,1.76%,,,,,
02/18/1991,16.5,17.05,17.35,16.45,5.75K,-3.17%,,,,,
02/15/1991,17.04,18.5,18.7,16.3,29.46K,-9.31%,,,,,
02/14/1991,18.79,19.05,19.16,18.78,9.61K,-6.47%,,,,,
02/13/1991,20.09,20.3,20.4,20,8.05K,-2.52%,,,,,
02-12-1991,20.61,20.7,20.9,20.25,13.12K,0.49%,,,,,
02-11-1991,20.51,20.4,20.67,19.25,14.79K,2.65%,,,,,
02-08-1991,19.98,20.25,20.25,19.9,6.22K,-0.99%,,,,,
02-07-1991,20.18,20.35,20.6,19.85,9.98K,0.10%,,,,,
02-06-1991,20.16,19.9,20.25,19.75,13.56K,2.39%,,,,,
02-05-1991,19.69,20,20.1,19.5,8.00K,-0.40%,,,,,
02-04-1991,19.77,20,20.12,19.55,9.11K,-0.25%,,,,,
02-01-1991,19.82,20.1,20.45,19.8,11.40K,-1.20%,,,,,
01/31/1991,20.06,20.15,20.35,19.95,10.75K,2.29%,,,,,
01/30/1991,19.61,20.35,20.9,19.6,12.05K,-4.20%,,,,,
01/29/1991,20.47,19.65,20.5,19.47,12.39K,3.02%,,,,,
01/28/1991,19.87,19.85,19.95,19.55,11.22K,-0.65%,,,,,
01/25/1991,20,20.2,20.5,19.95,117.62K,-1.82%,,,,,
01/24/1991,20.37,19.85,20.65,19.6,15.75K,-0.92%,,,,,
01/23/1991,20.56,21.5,21.8,20.3,18.24K,0.29%,,,,,
01/22/1991,20.5,20,20.7,20,17.22K,8.07%,,,,,
01/21/1991,18.97,19.05,19.35,18.9,15.79K,4.23%,,,,,
01/18/1991,18.2,20.5,20.7,17.9,23.44K,-7.61%,,,,,
01/17/1991,19.7,23,24.2,19.55,43.36K,-34.77%,,,,,
01/16/1991,30.2,30,30.5,29.65,6.32K,7.13%,,,,,
01/15/1991,28.19,30.1,30.25,28.15,7.02K,-3.36%,,,,,
01/14/1991,29.17,28.6,31.2,28.2,17.14K,13.63%,,,,,
01-11-1991,25.67,25.51,26.35,25.25,11.79K,-2.21%,,,,,
01-10-1991,26.25,27,27,25.9,15.09K,0.38%,,,,,
01-09-1991,26.15,26.7,28,22.05,30.17K,-0.34%,,,,,
01-08-1991,26.24,26.7,26.85,25.5,13.46K,-2.05%,,,,,
01-07-1991,26.79,25.7,26.85,24.9,20.29K,13.71%,,,,,
01-04-1991,23.56,25.3,25.45,23.3,18.03K,-5.34%,,,,,
01-03-1991,24.89,26.5,26.6,24.6,21.19K,-5.86%,,,,,
01-02-1991,26.44,28.1,28.1,26,11.17K,-6.47%,,,,,
